id,full_picture,attachments_image_src,attachments_url,attachments_height,attachments_width,attachments_media_type,attachments_type,attachments_description,permalink_url,message,is_published,is_hidden,is_live_clip,is_spherical,is_popular,created_time
107248091187807_1412510487587523,https://scontent.fccu31-1.fna.fbcdn.net/v/t39.30808-6/696237866_1412510424254196_2061347122597473344_n.jpg?stp=dst-jpg_s720x720_tt6&_nc_cat=105&ccb=1-7&_nc_sid=127cfc&_nc_ohc=4RbjobNirH4Q7kNvwGjQgAQ&_nc_oc=Ado-k1mlQgd-bFeWZ4Uk-iXeuTVw_bRGNOhVl27e2_ijxLGtqe3wL-ylPMsosvwsUyQ&_nc_zt=23&_nc_ht=scontent.fccu31-1.fna&edm=AKIiGfEEAAAA&_nc_gid=jIDcoEo8ydDjwMH59YSwqg&_nc_tpa=Q5bMBQGASAw_WAiqGihg-Zb9pqyh3K_PT4U21SrSNF0IjoeYv5dJuBi-DRJhxp8s-9NCwWqPe7aCPY3iWA&oh=00_Af7qG50Mc1Liu7UC4pOuS7a3A8l1r7h1gBrH8k2KluTopA&oe=6A18E58F,https://scontent.fccu31-1.fna.fbcdn.net/v/t39.30808-6/696237866_1412510424254196_2061347122597473344_n.jpg?stp=dst-jpg_s720x720_tt6&_nc_cat=105&ccb=1-7&_nc_sid=127cfc&_nc_ohc=4RbjobNirH4Q7kNvwGjQgAQ&_nc_oc=Ado-k1mlQgd-bFeWZ4Uk-iXeuTVw_bRGNOhVl27e2_ijxLGtqe3wL-ylPMsosvwsUyQ&_nc_zt=23&_nc_ht=scontent.fccu31-1.fna&edm=AKIiGfEEAAAA&_nc_gid=jIDcoEo8ydDjwMH59YSwqg&_nc_tpa=Q5bMBQHtDYpGcUvoXC0n13oTLPos_I4K7kWxklBpPl9f1L_wEemHMkzkjIucr0T8onSLKZAccW9YAVumng&oh=00_Af5mfm2mXIxAY4pp0HBHXzu5feSm0Bm-s7gsZxQElkL3vQ&oe=6A18E58F,https://www.facebook.com/photo.php?fbid=1412510417587530&set=a.1322943403210899&type=3,720,720,photo,photo,"BHARAT BOOK OF RECORDS 
🏆 Nominations Open Now! 🏆
98457 32329 

National-Level Achievement Platform 🇮🇳

Nominate Yourself or Your Kids

Become a National-Level Record Holder and showcase your talent, achievements, creativity, skills & unique abilities on a prestigious platform! 🇮🇳

🏅 Achievers from all fields

💫 Let your talent create history!
💫 Get recognized at the National Level!
💫 Build confidence, recognition & inspiration!
📢 Limited Nominations Open
📞 Contact Now for Details & Registration
✨ Your Talent Deserves Recognition! ✨

—
🏆 BHARAT BOOK OF RECORDS
National-Level Achievement Platform 🇮🇳

#BharatBookOfRecords
#NationalLevelRecordHolder
#RecordHolder
#IndiaRecords
#TalentRecognition
#KidsTalent
#YoungAchievers
#ProudMoment
#AchievementUnlocked
#TalentOfIndia
#Inspiration
#SuccessJourney
#FutureStars
#IndianTalent
#WorldRecordAttempt
#CreativeKids
#AwardWinning
#Motivation
#BeAnInspiration
#DreamBig
#AchieveMore
#SocialMediaPromotion
#BangaloreEvents
#DrRajiniSantosh
#BeGoodDoGood",https://www.facebook.com/1425872462917992/posts/1412510487587523,"BHARAT BOOK OF RECORDS 
🏆 Nominations Open Now! 🏆
98457 32329 

National-Level Achievement Platform 🇮🇳

Nominate Yourself or Your Kids

Become a National-Level Record Holder and showcase your talent, achievements, creativity, skills & unique abilities on a prestigious platform! 🇮🇳

🏅 Achievers from all fields

💫 Let your talent create history!
💫 Get recognized at the National Level!
💫 Build confidence, recognition & inspiration!
📢 Limited Nominations Open
📞 Contact Now for Details & Registration
✨ Your Talent Deserves Recognition! ✨

—
🏆 BHARAT BOOK OF RECORDS
National-Level Achievement Platform 🇮🇳

#BharatBookOfRecords
#NationalLevelRecordHolder
#RecordHolder
#IndiaRecords
#TalentRecognition
#KidsTalent
#YoungAchievers
#ProudMoment
#AchievementUnlocked
#TalentOfIndia
#Inspiration
#SuccessJourney
#FutureStars
#IndianTalent
#WorldRecordAttempt
#CreativeKids
#AwardWinning
#Motivation
#BeAnInspiration
#DreamBig
#AchieveMore
#SocialMediaPromotion
#BangaloreEvents
#DrRajiniSantosh
#BeGoodDoGood",TRUE,FALSE,FALSE,FALSE,FALSE,2026-05-09T11:21:53+0000
107248091187807_1326980982807141,https://scontent.fccu31-2.fna.fbcdn.net/v/t39.30808-6/622609575_1326980949473811_3925744316216529696_n.jpg?stp=dst-jpg_p720x720_tt6&_nc_cat=103&ccb=1-7&_nc_sid=833d8c&_nc_ohc=CKENOyaquHgQ7kNvwHOpBt2&_nc_oc=AdrcFS-Je-MyaF8GbOTkQvvRWguh5JbGaU_NsHkqZf-vmfbjtOYzPgSzKXE1WmJaVJk&_nc_zt=23&_nc_ht=scontent.fccu31-2.fna&edm=AKIiGfEEAAAA&_nc_gid=jIDcoEo8ydDjwMH59YSwqg&_nc_tpa=Q5bMBQETNwpWLz8X9KOClVaVimJsqMZBspGeR3-wr3Uqla2daHvkfo_iChTd41pBb0sCyUX1BWbSFELaIw&oh=00_Af74c3gYi0UKlYlNQG_ym7_vyt8IUeu26IZ2vhgTv1_EYw&oe=6A18C8BA,https://scontent.fccu31-2.fna.fbcdn.net/v/t39.30808-6/622609575_1326980949473811_3925744316216529696_n.jpg?stp=dst-jpg_p720x720_tt6&_nc_cat=103&ccb=1-7&_nc_sid=833d8c&_nc_ohc=CKENOyaquHgQ7kNvwHOpBt2&_nc_oc=AdrcFS-Je-MyaF8GbOTkQvvRWguh5JbGaU_NsHkqZf-vmfbjtOYzPgSzKXE1WmJaVJk&_nc_zt=23&_nc_ht=scontent.fccu31-2.fna&edm=AKIiGfEEAAAA&_nc_gid=jIDcoEo8ydDjwMH59YSwqg&_nc_tpa=Q5bMBQFjERUjp8cjq0FLX35obsFJUNHaU1mKhf1xzV17dX0cnaIo7wldUiNJkKeuL0Zr9QO6eWQZngJGhg&oh=00_Af48Bfl1feyFmaRSj61b9yI6Ke-CW47udHtrGrNthZkO3w&oe=6A18C8BA,https://www.facebook.com/photo.php?fbid=1326980942807145&set=a.448214567350458&type=3,737,720,photo,photo,"#Bharat_Book_of_Record 
🏅🇮🇳🏅🇮🇳🏅🇮🇳🏅🇮🇳🏅🇮🇳
Record Holder 

Name : Dr Hemavathi CH

Successful completion of 1008 Surya Namaskar in 9 hours on the auspicious occasion of Rathasapthami 2026,

 organized by Paripurna Yoga Kendra, Bengaluru, Karnataka, on 25th January 2026, with a group of 35 participants.

Your remarkable achievement has been verified, approved, and officially recorded in the prestigious 

BHARAT BOOK OF RECORDS",https://www.facebook.com/1425872462917992/posts/1326980982807141,"#Bharat_Book_of_Record 
🏅🇮🇳🏅🇮🇳🏅🇮🇳🏅🇮🇳🏅🇮🇳
Record Holder 

Name : Dr Hemavathi CH

Successful completion of 1008 Surya Namaskar in 9 hours on the auspicious occasion of Rathasapthami 2026,

 organized by Paripurna Yoga Kendra, Bengaluru, Karnataka, on 25th January 2026, with a group of 35 participants.

Your remarkable achievement has been verified, approved, and officially recorded in the prestigious 

BHARAT BOOK OF RECORDS",TRUE,FALSE,FALSE,FALSE,FALSE,2026-01-30T15:30:07+0000
107248091187807_1326083422896897,https://scontent.fccu31-1.fna.fbcdn.net/v/t39.30808-6/623364859_1326083362896903_3994780422875528331_n.jpg?stp=dst-jpg_p720x720_tt6&_nc_cat=100&ccb=1-7&_nc_sid=833d8c&_nc_ohc=Rj05tL3tN30Q7kNvwGsb9Qn&_nc_oc=Adovb2u2NEDZpR4gI13xcM1J8JbchvPtFBIRXsNSsL51mrkO70BXpsMA4uh0jk4CV30&_nc_zt=23&_nc_ht=scontent.fccu31-1.fna&edm=AKIiGfEEAAAA&_nc_gid=jIDcoEo8ydDjwMH59YSwqg&_nc_tpa=Q5bMBQE8IpcJUE2xETIXnDrabh-Y_eZEupxmHd4FcFOvaR-gK37_DIu48fRiQhHwMiv-eaRMupODekCABA&oh=00_Af563yXRNyMPYP-xRRQvq2v6ho9bjqy49FYJbOm780rwQg&oe=6A18EE94,https://scontent.fccu31-1.fna.fbcdn.net/v/t39.30808-6/623364859_1326083362896903_3994780422875528331_n.jpg?stp=dst-jpg_p720x720_tt6&_nc_cat=100&ccb=1-7&_nc_sid=833d8c&_nc_ohc=Rj05tL3tN30Q7kNvwGsb9Qn&_nc_oc=Adovb2u2NEDZpR4gI13xcM1J8JbchvPtFBIRXsNSsL51mrkO70BXpsMA4uh0jk4CV30&_nc_zt=23&_nc_ht=scontent.fccu31-1.fna&edm=AKIiGfEEAAAA&_nc_gid=jIDcoEo8ydDjwMH59YSwqg&_nc_tpa=Q5bMBQEkyjjaJLAqeBCbYONHVESDHzQR9prg7urFJ_tqdemowbB_JpRQaLfHSua5FSWfmAss2CSHSQ9c2Q&oh=00_Af5hqKoO-qt0U0gmJLD3pl1qSJ3KsnZm9qSi5vxaUlPQVQ&oe=6A18EE94,https://www.facebook.com/photo.php?fbid=1326083346230238&set=a.448214567350458&type=3,806,720,photo,photo,"#Bharat_Book_of_Record 
🏅🇮🇳🏅🇮🇳🏅🇮🇳🏅🇮🇳🏅🇮🇳
Record Holder 

Name : Malathi V

Successful completion of 1008 Surya Namaskar in 9 hours on the auspicious occasion of Rathasapthami 2026,

 organized by Paripurna Yoga Kendra, Bengaluru, Karnataka, on 25th January 2026, with a group of 35 participants.

Your remarkable achievement has been verified, approved, and officially recorded in the prestigious 

BHARAT BOOK OF RECORDS",https://www.facebook.com/1425872462917992/posts/1326083422896897,"#Bharat_Book_of_Record 
🏅🇮🇳🏅🇮🇳🏅🇮🇳🏅🇮🇳🏅🇮🇳
Record Holder 

Name : Malathi V

Successful completion of 1008 Surya Namaskar in 9 hours on the auspicious occasion of Rathasapthami 2026,

 organized by Paripurna Yoga Kendra, Bengaluru, Karnataka, on 25th January 2026, with a group of 35 participants.

Your remarkable achievement has been verified, approved, and officially recorded in the prestigious 

BHARAT BOOK OF RECORDS",TRUE,FALSE,FALSE,FALSE,FALSE,2026-01-29T14:59:52+0000
107248091187807_1326017842903455,https://scontent.fccu31-2.fna.fbcdn.net/v/t39.30808-6/622004619_1326017799570126_5466249259378102246_n.jpg?stp=dst-jpg_p720x720_tt6&_nc_cat=111&ccb=1-7&_nc_sid=833d8c&_nc_ohc=7-_ulayVOJcQ7kNvwGDdTyl&_nc_oc=AdrjQTHwkLmaHJ4UWb9pL7HKakIcp-mA_UBAX5TclYxBOPdi7JO7AN1fxO69Iib_tg4&_nc_zt=23&_nc_ht=scontent.fccu31-2.fna&edm=AKIiGfEEAAAA&_nc_gid=jIDcoEo8ydDjwMH59YSwqg&_nc_tpa=Q5bMBQH-BTkBlndXdwncUmqQh56YxaIG1Xz5SPKUVc_bqQWjxQ7_FC9KFHrVOIhmscqnsGtYcueIGKHxvQ&oh=00_Af5ioqSqvfEdA4IFwgdMHSAo6Mwja6-gooy9-qi0wGsPdw&oe=6A18E0CB,https://scontent.fccu31-2.fna.fbcdn.net/v/t39.30808-6/622004619_1326017799570126_5466249259378102246_n.jpg?stp=dst-jpg_p720x720_tt6&_nc_cat=111&ccb=1-7&_nc_sid=833d8c&_nc_ohc=7-_ulayVOJcQ7kNvwGDdTyl&_nc_oc=AdrjQTHwkLmaHJ4UWb9pL7HKakIcp-mA_UBAX5TclYxBOPdi7JO7AN1fxO69Iib_tg4&_nc_zt=23&_nc_ht=scontent.fccu31-2.fna&edm=AKIiGfEEAAAA&_nc_gid=jIDcoEo8ydDjwMH59YSwqg&_nc_tpa=Q5bMBQEx7Rl5eXKWB16zeHCW4IdqvGzc19PZGDmjsRpJV0HtMI5yQ4-hv8mHLPuTg0Jz83NC5VQwdk1Hng&oh=00_Af43xLfN4lX5yWA9c3FKB0pKLm8eHA7J2VeCERx4jpwKbA&oe=6A18E0CB,https://www.facebook.com/photo.php?fbid=1326017792903460&set=a.448214567350458&type=3,775,720,photo,photo,"#Bharat_Book_of_Record 
🏅🇮🇳🏅🇮🇳🏅🇮🇳🏅🇮🇳🏅🇮🇳
Record Holder 

Name : Manasa Manjunath

Successful completion of 1008 Surya Namaskar in 9 hours on the auspicious occasion of Rathasapthami 2026,

 organized by Paripurna Yoga Kendra, Bengaluru, Karnataka, on 25th January 2026, with a group of 35 participants.

Your remarkable achievement has been verified, approved, and officially recorded in the prestigious 

BHARAT BOOK OF RECORDS",https://www.facebook.com/1425872462917992/posts/1326017842903455,"#Bharat_Book_of_Record 
🏅🇮🇳🏅🇮🇳🏅🇮🇳🏅🇮🇳🏅🇮🇳
Record Holder 

Name : Manasa Manjunath

Successful completion of 1008 Surya Namaskar in 9 hours on the auspicious occasion of Rathasapthami 2026,

 organized by Paripurna Yoga Kendra, Bengaluru, Karnataka, on 25th January 2026, with a group of 35 participants.

Your remarkable achievement has been verified, approved, and officially recorded in the prestigious 

BHARAT BOOK OF RECORDS",TRUE,FALSE,FALSE,FALSE,FALSE,2026-01-29T13:28:59+0000
107248091187807_1326017222903517,https://scontent.fccu31-1.fna.fbcdn.net/v/t39.30808-6/624697835_1326017186236854_7565250116022360593_n.jpg?stp=dst-jpg_p720x720_tt6&_nc_cat=107&ccb=1-7&_nc_sid=833d8c&_nc_ohc=irYOzHPyHk0Q7kNvwE-tS_W&_nc_oc=Adp3f68pNJ6oWIKu-PTycr1Cqd3xcv2XEtscJM0Qs-zfphTx36pPqGE-p2aZ_DXdf1c&_nc_zt=23&_nc_ht=scontent.fccu31-1.fna&edm=AKIiGfEEAAAA&_nc_gid=jIDcoEo8ydDjwMH59YSwqg&_nc_tpa=Q5bMBQE1_eNR261UZx_6EQhp2NgRbsMWbAQNcDCYKcIMYd9QADXeuTFb_AlYl_ZL084UrbMOHNa63KFmOw&oh=00_Af6DF432H6zF3H7hCsy0a9bzSW79rWBrxAgPI3ytXkMPOg&oe=6A18EDCD,https://scontent.fccu31-1.fna.fbcdn.net/v/t39.30808-6/624697835_1326017186236854_7565250116022360593_n.jpg?stp=dst-jpg_p720x720_tt6&_nc_cat=107&ccb=1-7&_nc_sid=833d8c&_nc_ohc=irYOzHPyHk0Q7kNvwE-tS_W&_nc_oc=Adp3f68pNJ6oWIKu-PTycr1Cqd3xcv2XEtscJM0Qs-zfphTx36pPqGE-p2aZ_DXdf1c&_nc_zt=23&_nc_ht=scontent.fccu31-1.fna&edm=AKIiGfEEAAAA&_nc_gid=jIDcoEo8ydDjwMH59YSwqg&_nc_tpa=Q5bMBQHx1ENjnLJVrYJDGsfvmRpNlfH4vfYiCq8f-nduzMu9h8CVQU9clvDVfdZ5XVMQTx-YsnMMiHyMBQ&oh=00_Af7kZBHtO1bB0rDxMMDQF45ch5CkEkCh8Xrz_INDWwt31w&oe=6A18EDCD,https://www.facebook.com/photo.php?fbid=1326017179570188&set=a.448214567350458&type=3,877,720,photo,photo,"#Bharat_Book_of_Record 
🏅🇮🇳🏅🇮🇳🏅🇮🇳🏅🇮🇳🏅🇮🇳
Record Holder 

Name : Chaitra Kiran

Successful completion of 1008 Surya Namaskar in 9 hours on the auspicious occasion of Rathasapthami 2026,

 organized by Paripurna Yoga Kendra, Bengaluru, Karnataka, on 25th January 2026, with a group of 35 participants.

Your remarkable achievement has been verified, approved, and officially recorded in the prestigious 

BHARAT BOOK OF RECORDS",https://www.facebook.com/1425872462917992/posts/1326017222903517,"#Bharat_Book_of_Record 
🏅🇮🇳🏅🇮🇳🏅🇮🇳🏅🇮🇳🏅🇮🇳
Record Holder 

Name : Chaitra Kiran

Successful completion of 1008 Surya Namaskar in 9 hours on the auspicious occasion of Rathasapthami 2026,

 organized by Paripurna Yoga Kendra, Bengaluru, Karnataka, on 25th January 2026, with a group of 35 participants.

Your remarkable achievement has been verified, approved, and officially recorded in the prestigious 

BHARAT BOOK OF RECORDS",TRUE,FALSE,FALSE,FALSE,FALSE,2026-01-29T13:28:14+0000
107248091187807_1325656322939607,https://scontent.fccu31-1.fna.fbcdn.net/v/t39.30808-6/622413590_1325656289606277_3800720225517867954_n.jpg?stp=dst-jpg_p720x720_tt6&_nc_cat=100&ccb=1-7&_nc_sid=833d8c&_nc_ohc=I2E5iJs5xCUQ7kNvwFNpCUN&_nc_oc=AdogBJJzACMvlKsYHrO4aHtlC73S9d7sARHbIEiuLJ2sHA5sVge0PmpUuFJH0-UytFQ&_nc_zt=23&_nc_ht=scontent.fccu31-1.fna&edm=AKIiGfEEAAAA&_nc_gid=jIDcoEo8ydDjwMH59YSwqg&_nc_tpa=Q5bMBQHeXVQOPUAR5rN4634sHtVBT9WZ7oUXwEgOxp7o-HCoP4c5Paw2-l7254gENzBIHUX7t4mBBCE9Dw&oh=00_Af7vAiU0JGD8PXHcTI0U6T_M2EgfPwiQcUzfpq9mXNzSFA&oe=6A18D324,https://scontent.fccu31-1.fna.fbcdn.net/v/t39.30808-6/622413590_1325656289606277_3800720225517867954_n.jpg?stp=dst-jpg_p720x720_tt6&_nc_cat=100&ccb=1-7&_nc_sid=833d8c&_nc_ohc=I2E5iJs5xCUQ7kNvwFNpCUN&_nc_oc=AdogBJJzACMvlKsYHrO4aHtlC73S9d7sARHbIEiuLJ2sHA5sVge0PmpUuFJH0-UytFQ&_nc_zt=23&_nc_ht=scontent.fccu31-1.fna&edm=AKIiGfEEAAAA&_nc_gid=jIDcoEo8ydDjwMH59YSwqg&_nc_tpa=Q5bMBQFsn4kvoMv-_FnW79T7OrSUORl2FcJb70N1ZK8Q4UywtXSYR4vMpopeJb-voVsbgkY5uXsIlNAteg&oh=00_Af64ye4Pu074zzcfSuJV6frFz2soC51Z579PEzHCfZaS3w&oe=6A18D324,https://www.facebook.com/photo.php?fbid=1325656286272944&set=a.448214567350458&type=3,803,720,photo,photo,"#Bharat_Book_of_Record 
🏅🇮🇳🏅🇮🇳🏅🇮🇳🏅🇮🇳🏅🇮🇳
Record Holder 

Name : Tanuja M

Successful completion of 1008 Surya Namaskar in 9 hours on the auspicious occasion of Rathasapthami 2026,

 organized by Paripurna Yoga Kendra, Bengaluru, Karnataka, on 25th January 2026, with a group of 35 participants.

Your remarkable achievement has been verified, approved, and officially recorded in the prestigious 

BHARAT BOOK OF RECORDS",https://www.facebook.com/1425872462917992/posts/1325656322939607,"#Bharat_Book_of_Record 
🏅🇮🇳🏅🇮🇳🏅🇮🇳🏅🇮🇳🏅🇮🇳
Record Holder 

Name : Tanuja M

Successful completion of 1008 Surya Namaskar in 9 hours on the auspicious occasion of Rathasapthami 2026,

 organized by Paripurna Yoga Kendra, Bengaluru, Karnataka, on 25th January 2026, with a group of 35 participants.

Your remarkable achievement has been verified, approved, and officially recorded in the prestigious 

BHARAT BOOK OF RECORDS",TRUE,FALSE,FALSE,FALSE,FALSE,2026-01-29T03:35:23+0000
107248091187807_1325653942939845,https://scontent.fccu31-2.fna.fbcdn.net/v/t39.30808-6/619674338_1325653899606516_4342402718187814163_n.jpg?stp=dst-jpg_p720x720_tt6&_nc_cat=109&ccb=1-7&_nc_sid=833d8c&_nc_ohc=YTpck7HTgnMQ7kNvwF8P6Xd&_nc_oc=AdqptO_3jPRi29zbIfIym_n8eY66XNgU-C0qbR0D1CSD8whdsJaf6_0StbfNiKxUvXk&_nc_zt=23&_nc_ht=scontent.fccu31-2.fna&edm=AKIiGfEEAAAA&_nc_gid=jIDcoEo8ydDjwMH59YSwqg&_nc_tpa=Q5bMBQF-UVFYBYnYgTFG55-7c_Is8nUO-Vh3gv-XLGlCBzAJTSqTESxwHqb_Ix_B8OzlgtUpNKgzTQPP_w&oh=00_Af6ZSowE4DCwgDGanCjHDTrzVS7CyH8a-Rwhx-PXt1tqVw&oe=6A18CDD8,https://scontent.fccu31-2.fna.fbcdn.net/v/t39.30808-6/619674338_1325653899606516_4342402718187814163_n.jpg?stp=dst-jpg_p720x720_tt6&_nc_cat=109&ccb=1-7&_nc_sid=833d8c&_nc_ohc=YTpck7HTgnMQ7kNvwF8P6Xd&_nc_oc=AdqptO_3jPRi29zbIfIym_n8eY66XNgU-C0qbR0D1CSD8whdsJaf6_0StbfNiKxUvXk&_nc_zt=23&_nc_ht=scontent.fccu31-2.fna&edm=AKIiGfEEAAAA&_nc_gid=jIDcoEo8ydDjwMH59YSwqg&_nc_tpa=Q5bMBQEO23chfOx9roV6zCatT8rGGrllhBqi5Swnwla3nRw9QFGL2_zF967FDTxvSVsICzaQ0AOByGEkBw&oh=00_Af7QnbOpo053AQhpZSMwoOhxd1R7jvU00S0MXlg6gAlcSA&oe=6A18CDD8,https://www.facebook.com/photo.php?fbid=1325653896273183&set=a.448214567350458&type=3,796,720,photo,photo,"#Bharat_Book_of_Record 
🏅🇮🇳🏅🇮🇳🏅🇮🇳🏅🇮🇳🏅🇮🇳
Record Holder 

Name : Priti Kumar

Successful completion of 1008 Surya Namaskar in 9 hours on the auspicious occasion of Rathasapthami 2026,

 organized by Paripurna Yoga Kendra, Bengaluru, Karnataka, on 25th January 2026, with a group of 35 participants.

Your remarkable achievement has been verified, approved, and officially recorded in the prestigious 

BHARAT BOOK OF RECORDS",https://www.facebook.com/1425872462917992/posts/1325653942939845,"#Bharat_Book_of_Record 
🏅🇮🇳🏅🇮🇳🏅🇮🇳🏅🇮🇳🏅🇮🇳
Record Holder 

Name : Priti Kumar

Successful completion of 1008 Surya Namaskar in 9 hours on the auspicious occasion of Rathasapthami 2026,

 organized by Paripurna Yoga Kendra, Bengaluru, Karnataka, on 25th January 2026, with a group of 35 participants.

Your remarkable achievement has been verified, approved, and officially recorded in the prestigious 

BHARAT BOOK OF RECORDS",TRUE,FALSE,FALSE,FALSE,FALSE,2026-01-29T03:31:07+0000
107248091187807_1324791509692755,https://scontent.fccu3-1.fna.fbcdn.net/v/t39.30808-6/621736291_1324791223026117_5723845417870261515_n.jpg?stp=dst-jpg_p720x720_tt6&_nc_cat=106&ccb=1-7&_nc_sid=833d8c&_nc_ohc=5cp4nR9rzG4Q7kNvwG2IE_c&_nc_oc=AdpxoNLRDO4NVyhaNom0N16XfDR44sHssU6m-MGsg3gCmdxaAA0X1jSD1ioi5SVQM0Q&_nc_zt=23&_nc_ht=scontent.fccu3-1.fna&edm=AKIiGfEEAAAA&_nc_gid=jIDcoEo8ydDjwMH59YSwqg&_nc_tpa=Q5bMBQHX5HytLZEBNsYFftUdCTUatsEocFwEE-dPHxeh9XP6hnqkYLq6d_I7niFUj7LRoqcVHsBUcYIHxQ&oh=00_Af7saMCd2OcU1v3I0NtiCZblO6E_5T26UvATbs8g66oWJA&oe=6A18CD13,https://scontent.fccu3-1.fna.fbcdn.net/v/t39.30808-6/621736291_1324791223026117_5723845417870261515_n.jpg?stp=dst-jpg_p720x720_tt6&_nc_cat=106&ccb=1-7&_nc_sid=833d8c&_nc_ohc=5cp4nR9rzG4Q7kNvwG2IE_c&_nc_oc=AdpxoNLRDO4NVyhaNom0N16XfDR44sHssU6m-MGsg3gCmdxaAA0X1jSD1ioi5SVQM0Q&_nc_zt=23&_nc_ht=scontent.fccu3-1.fna&edm=AKIiGfEEAAAA&_nc_gid=jIDcoEo8ydDjwMH59YSwqg&_nc_tpa=Q5bMBQGtvvIwHwqiywXRgBH0KCnkEcAVKb92We0P26PitH8IYaK2mqGKzX5aqh6hIXYVVagbgbUAKosKMQ&oh=00_Af7jaqc6qK42P6j5P_KTuqsCZgB6p6sAC8ekb8dHosaTZA&oe=6A18CD13,https://www.facebook.com/photo.php?fbid=1324791219692784&set=a.448214567350458&type=3,778,720,photo,photo,"#Bharat_Book_of_Record 
🏅🇮🇳🏅🇮🇳🏅🇮🇳🏅🇮🇳🏅🇮🇳
Record Holder 

Name : Laxmi I Havanur

Successful completion of 1008 Surya Namaskar in 9 hours on the auspicious occasion of Rathasapthami 2026,

 organized by Paripurna Yoga Kendra, Bengaluru, Karnataka, on 25th January 2026, with a group of 35 participants.

Your remarkable achievement has been verified, approved, and officially recorded in the prestigious 

BHARAT BOOK OF RECORDS",https://www.facebook.com/1425872462917992/posts/1324791509692755,"#Bharat_Book_of_Record 
🏅🇮🇳🏅🇮🇳🏅🇮🇳🏅🇮🇳🏅🇮🇳
Record Holder 

Name : Laxmi I Havanur

Successful completion of 1008 Surya Namaskar in 9 hours on the auspicious occasion of Rathasapthami 2026,

 organized by Paripurna Yoga Kendra, Bengaluru, Karnataka, on 25th January 2026, with a group of 35 participants.

Your remarkable achievement has been verified, approved, and officially recorded in the prestigious 

BHARAT BOOK OF RECORDS",TRUE,FALSE,FALSE,FALSE,FALSE,2026-01-28T03:23:32+0000
107248091187807_1324791079692798,https://scontent.fccu31-2.fna.fbcdn.net/v/t39.30808-6/619685328_1324791056359467_1283440300367530690_n.jpg?stp=dst-jpg_p720x720_tt6&_nc_cat=103&ccb=1-7&_nc_sid=833d8c&_nc_ohc=Yd0OCVsCcxwQ7kNvwFnuoUk&_nc_oc=Ado0gs90kGDTaW1uP8hpM3wbQnHYNcXA-5yxZMaQFxykYZg5nIyd1kPcx6FnC3kFJms&_nc_zt=23&_nc_ht=scontent.fccu31-2.fna&edm=AKIiGfEEAAAA&_nc_gid=jIDcoEo8ydDjwMH59YSwqg&_nc_tpa=Q5bMBQHkpbSfbxRR7lqx4XyujA8_fxlrqgKRivGU23W2n6c_vNS0XxR_YsDkOn_1XTn_BPi-NLORPwmmRg&oh=00_Af4HlSOvMsXKY4YBVAzxVidkiESn682nj2HHT3WDEMvvWQ&oe=6A18C766,https://scontent.fccu31-2.fna.fbcdn.net/v/t39.30808-6/619685328_1324791056359467_1283440300367530690_n.jpg?stp=dst-jpg_p720x720_tt6&_nc_cat=103&ccb=1-7&_nc_sid=833d8c&_nc_ohc=Yd0OCVsCcxwQ7kNvwFnuoUk&_nc_oc=Ado0gs90kGDTaW1uP8hpM3wbQnHYNcXA-5yxZMaQFxykYZg5nIyd1kPcx6FnC3kFJms&_nc_zt=23&_nc_ht=scontent.fccu31-2.fna&edm=AKIiGfEEAAAA&_nc_gid=jIDcoEo8ydDjwMH59YSwqg&_nc_tpa=Q5bMBQHDo75l8BwdS87axAbTUwUUOCiwb4Z9oIhvb5R4K8EyMLnSzUnv50Ci-aJbbUUxYMrZYv6qOpa77w&oh=00_Af7gSUPJ91rsibhwAmeS3BKEbuJGdfkBrvbY9lIBsro3tg&oe=6A18C766,https://www.facebook.com/photo.php?fbid=1324791046359468&set=a.448214567350458&type=3,796,720,photo,photo,"#Bharat_Book_of_Record 
🏅🇮🇳🏅🇮🇳🏅🇮🇳🏅🇮🇳🏅🇮🇳
Record Holder 

Name : Priti Kumari

Successful completion of 1008 Surya Namaskar in 9 hours on the auspicious occasion of Rathasapthami 2026,

 organized by Paripurna Yoga Kendra, Bengaluru, Karnataka, on 25th January 2026, with a group of 35 participants.

Your remarkable achievement has been verified, approved, and officially recorded in the prestigious 

BHARAT BOOK OF RECORDS",https://www.facebook.com/1425872462917992/posts/1324791079692798,"#Bharat_Book_of_Record 
🏅🇮🇳🏅🇮🇳🏅🇮🇳🏅🇮🇳🏅🇮🇳
Record Holder 

Name : Priti Kumari

Successful completion of 1008 Surya Namaskar in 9 hours on the auspicious occasion of Rathasapthami 2026,

 organized by Paripurna Yoga Kendra, Bengaluru, Karnataka, on 25th January 2026, with a group of 35 participants.

Your remarkable achievement has been verified, approved, and officially recorded in the prestigious 

BHARAT BOOK OF RECORDS",TRUE,FALSE,FALSE,FALSE,FALSE,2026-01-28T03:23:03+0000
107248091187807_1324790843026155,https://scontent.fccu31-1.fna.fbcdn.net/v/t39.30808-6/621174445_1324790803026159_5724565489558838990_n.jpg?stp=dst-jpg_p720x720_tt6&_nc_cat=105&ccb=1-7&_nc_sid=833d8c&_nc_ohc=NG_HohIQW2cQ7kNvwHTv2yU&_nc_oc=AdotdJ5RJZOA1B6_LCTYfWtWot5XkMwQhddTGwVWUVaOfZfSHDEK9b2hGBcWb2WHXA4&_nc_zt=23&_nc_ht=scontent.fccu31-1.fna&edm=AKIiGfEEAAAA&_nc_gid=jIDcoEo8ydDjwMH59YSwqg&_nc_tpa=Q5bMBQG6AwDNrcec1L3Q9bduAA8P0U1g3n0McN2UafDb4w0h6VYPhb-Mk-BAbuY3gvQsKYPg3Jbcig-VPA&oh=00_Af7XPhuHhIVZtijhuHSg0hWE_SG-JyV92c6dL5G6oMgpGw&oe=6A18EB66,https://scontent.fccu31-1.fna.fbcdn.net/v/t39.30808-6/621174445_1324790803026159_5724565489558838990_n.jpg?stp=dst-jpg_p720x720_tt6&_nc_cat=105&ccb=1-7&_nc_sid=833d8c&_nc_ohc=NG_HohIQW2cQ7kNvwHTv2yU&_nc_oc=AdotdJ5RJZOA1B6_LCTYfWtWot5XkMwQhddTGwVWUVaOfZfSHDEK9b2hGBcWb2WHXA4&_nc_zt=23&_nc_ht=scontent.fccu31-1.fna&edm=AKIiGfEEAAAA&_nc_gid=jIDcoEo8ydDjwMH59YSwqg&_nc_tpa=Q5bMBQHcBV6DQ0QwEV3OT16-X9Wf-11SrS7yc2iii7-IDgKo-D6VIHecGh8GYFSwRjfRWUggi21SiEE4MQ&oh=00_Af5dYTuDN4FcKAq016s_zhcC0r2w_XGXZAJg15jqM6yufA&oe=6A18EB66,https://www.facebook.com/photo.php?fbid=1324790799692826&set=a.448214567350458&type=3,935,720,photo,photo,"#Bharat_Book_of_Record 
🏅🇮🇳🏅🇮🇳🏅🇮🇳🏅🇮🇳🏅🇮🇳
Record Holder 

Name : Navyashree A R

Successful completion of 1008 Surya Namaskar in 9 hours on the auspicious occasion of Rathasapthami 2026,

 organized by Paripurna Yoga Kendra, Bengaluru, Karnataka, on 25th January 2026, with a group of 35 participants.

Your remarkable achievement has been verified, approved, and officially recorded in the prestigious 

BHARAT BOOK OF RECORDS",https://www.facebook.com/1425872462917992/posts/1324790843026155,"#Bharat_Book_of_Record 
🏅🇮🇳🏅🇮🇳🏅🇮🇳🏅🇮🇳🏅🇮🇳
Record Holder 

Name : Navyashree A R

Successful completion of 1008 Surya Namaskar in 9 hours on the auspicious occasion of Rathasapthami 2026,

 organized by Paripurna Yoga Kendra, Bengaluru, Karnataka, on 25th January 2026, with a group of 35 participants.

Your remarkable achievement has been verified, approved, and officially recorded in the prestigious 

BHARAT BOOK OF RECORDS",TRUE,FALSE,FALSE,FALSE,FALSE,2026-01-28T03:22:49+0000
107248091187807_1324790623026177,https://scontent.fccu31-2.fna.fbcdn.net/v/t39.30808-6/624336168_1324790579692848_2360305848938468109_n.jpg?stp=dst-jpg_p720x720_tt6&_nc_cat=103&ccb=1-7&_nc_sid=833d8c&_nc_ohc=IJ4jL_HSUBQQ7kNvwHN9tkJ&_nc_oc=AdrD_5lP32Nk6XSaOV4dDHsQtdyeRgY1136z1raBhJssBUPOEylLOwRDsxA-igKgu5s&_nc_zt=23&_nc_ht=scontent.fccu31-2.fna&edm=AKIiGfEEAAAA&_nc_gid=jIDcoEo8ydDjwMH59YSwqg&_nc_tpa=Q5bMBQHxyKQU3T3KfvW1hksCkjfvIZ7ukRUvQCIz-SPVrJL0dkmVt6Z8HEv7ztHBy_IN8lozEmNOv2fVXg&oh=00_Af7ti1MCwtWPiyZJdFmTYPU2togULGX_awKumr8wghP63w&oe=6A18DE13,https://scontent.fccu31-2.fna.fbcdn.net/v/t39.30808-6/624336168_1324790579692848_2360305848938468109_n.jpg?stp=dst-jpg_p720x720_tt6&_nc_cat=103&ccb=1-7&_nc_sid=833d8c&_nc_ohc=IJ4jL_HSUBQQ7kNvwHN9tkJ&_nc_oc=AdrD_5lP32Nk6XSaOV4dDHsQtdyeRgY1136z1raBhJssBUPOEylLOwRDsxA-igKgu5s&_nc_zt=23&_nc_ht=scontent.fccu31-2.fna&edm=AKIiGfEEAAAA&_nc_gid=jIDcoEo8ydDjwMH59YSwqg&_nc_tpa=Q5bMBQH1G0ISEAllkdTqALSglJMC0fW4mC9lW0qKSfxwGWppC4uad9tKbtN1GOP0i2cZ05P72hxXlTqa4A&oh=00_Af7Xruivnx4uHvF0-Rjqbu9WcIUZa7N7KJOcK2gqFockDA&oe=6A18DE13,https://www.facebook.com/photo.php?fbid=1324790569692849&set=a.448214567350458&type=3,793,720,photo,photo,"#Bharat_Book_of_Record 
🏅🇮🇳🏅🇮🇳🏅🇮🇳🏅🇮🇳🏅🇮🇳
Record Holder 

Name SURABHI RAMACHAND

Successful completion of 1008 Surya Namaskar in 9 hours on the auspicious occasion of Rathasapthami 2026,

 organized by Paripurna Yoga Kendra, Bengaluru, Karnataka, on 25th January 2026, with a group of 35 participants.

Your remarkable achievement has been verified, approved, and officially recorded in the prestigious 

BHARAT BOOK OF RECORDS",https://www.facebook.com/1425872462917992/posts/1324790623026177,"#Bharat_Book_of_Record 
🏅🇮🇳🏅🇮🇳🏅🇮🇳🏅🇮🇳🏅🇮🇳
Record Holder 

Name SURABHI RAMACHAND

Successful completion of 1008 Surya Namaskar in 9 hours on the auspicious occasion of Rathasapthami 2026,

 organized by Paripurna Yoga Kendra, Bengaluru, Karnataka, on 25th January 2026, with a group of 35 participants.

Your remarkable achievement has been verified, approved, and officially recorded in the prestigious 

BHARAT BOOK OF RECORDS",TRUE,FALSE,FALSE,FALSE,FALSE,2026-01-28T03:22:35+0000
107248091187807_1324790339692872,https://scontent.fccu31-2.fna.fbcdn.net/v/t39.30808-6/622784142_1324790286359544_5572007889049904841_n.jpg?stp=dst-jpg_p720x720_tt6&_nc_cat=109&ccb=1-7&_nc_sid=833d8c&_nc_ohc=SemYWZ3CX6AQ7kNvwGdE3kK&_nc_oc=AdrPqh80eUh1mxCb_ILo_QR8qGRis1PenxPMtJ8jtmKiyCe2bzZN8FRE6PUMg8tGFNs&_nc_zt=23&_nc_ht=scontent.fccu31-2.fna&edm=AKIiGfEEAAAA&_nc_gid=jIDcoEo8ydDjwMH59YSwqg&_nc_tpa=Q5bMBQEVeJ_XCIDL6EyU--PK0kDf5CWkADUtxIlTcoCrlB20NEe4sGsPm5QNdQHLqWz7IKVbd4okSbDp_A&oh=00_Af7joTQsazlCdm_pWATQxiELyHNWsc5eVFUBahX3ZCjyRA&oe=6A18D38F,https://scontent.fccu31-2.fna.fbcdn.net/v/t39.30808-6/622784142_1324790286359544_5572007889049904841_n.jpg?stp=dst-jpg_p720x720_tt6&_nc_cat=109&ccb=1-7&_nc_sid=833d8c&_nc_ohc=SemYWZ3CX6AQ7kNvwGdE3kK&_nc_oc=AdrPqh80eUh1mxCb_ILo_QR8qGRis1PenxPMtJ8jtmKiyCe2bzZN8FRE6PUMg8tGFNs&_nc_zt=23&_nc_ht=scontent.fccu31-2.fna&edm=AKIiGfEEAAAA&_nc_gid=jIDcoEo8ydDjwMH59YSwqg&_nc_tpa=Q5bMBQEcES-cf1RFCXUqb2pewBfG5A9McLKDpGKqHEJcV_se_DUoJNv8P_H4iyU-SVwuztwPBuWcx84ong&oh=00_Af6e0LX5dzO3ZohLYOg7s0z1BQeiYqvOA-UTe38D6U6m2A&oe=6A18D38F,https://www.facebook.com/photo.php?fbid=1324790279692878&set=a.448214567350458&type=3,829,720,photo,photo,"#Bharat_Book_of_Record 
🏅🇮🇳🏅🇮🇳🏅🇮🇳🏅🇮🇳🏅🇮🇳
Record Holder 

Name : Sharada K

Successful completion of 1008 Surya Namaskar in 9 hours on the auspicious occasion of Rathasapthami 2026,

 organized by Paripurna Yoga Kendra, Bengaluru, Karnataka, on 25th January 2026, with a group of 35 participants.

Your remarkable achievement has been verified, approved, and officially recorded in the prestigious 

BHARAT BOOK OF RECORDS",https://www.facebook.com/1425872462917992/posts/1324790339692872,"#Bharat_Book_of_Record 
🏅🇮🇳🏅🇮🇳🏅🇮🇳🏅🇮🇳🏅🇮🇳
Record Holder 

Name : Sharada K

Successful completion of 1008 Surya Namaskar in 9 hours on the auspicious occasion of Rathasapthami 2026,

 organized by Paripurna Yoga Kendra, Bengaluru, Karnataka, on 25th January 2026, with a group of 35 participants.

Your remarkable achievement has been verified, approved, and officially recorded in the prestigious 

BHARAT BOOK OF RECORDS",TRUE,FALSE,FALSE,FALSE,FALSE,2026-01-28T03:22:17+0000
107248091187807_1324790066359566,https://scontent.fccu31-1.fna.fbcdn.net/v/t39.30808-6/624566655_1324790009692905_1600347430804905963_n.jpg?stp=dst-jpg_p720x720_tt6&_nc_cat=100&ccb=1-7&_nc_sid=833d8c&_nc_ohc=dPYj-_2n0jAQ7kNvwEqa3yP&_nc_oc=Adq9vBKhmDKfOqAmwjGGUFCw8_0xnyUs5Q5eA_7n3CoqjQXOmWGF9Qy2T4HV6Xrdomw&_nc_zt=23&_nc_ht=scontent.fccu31-1.fna&edm=AKIiGfEEAAAA&_nc_gid=jIDcoEo8ydDjwMH59YSwqg&_nc_tpa=Q5bMBQEPEtfju92IwAvHeSdfqZLZUwJLmNWasn3Nj79Ub6nZ_w53dtkVs4ioh2Xcp51sw71w0HX9FDeyGg&oh=00_Af7XpkgXMjJScjF9iMfV95VRViQEeaycPMmLvGmaANPckA&oe=6A18E046,https://scontent.fccu31-1.fna.fbcdn.net/v/t39.30808-6/624566655_1324790009692905_1600347430804905963_n.jpg?stp=dst-jpg_p720x720_tt6&_nc_cat=100&ccb=1-7&_nc_sid=833d8c&_nc_ohc=dPYj-_2n0jAQ7kNvwEqa3yP&_nc_oc=Adq9vBKhmDKfOqAmwjGGUFCw8_0xnyUs5Q5eA_7n3CoqjQXOmWGF9Qy2T4HV6Xrdomw&_nc_zt=23&_nc_ht=scontent.fccu31-1.fna&edm=AKIiGfEEAAAA&_nc_gid=jIDcoEo8ydDjwMH59YSwqg&_nc_tpa=Q5bMBQEKXFkAvnM2JroGsQhfMESmSakodh0vdZd0FQJFWsWORQ8sWrwIqCZgkaP7ZeSV_GfBMny_qGEg8g&oh=00_Af6wHghN7wqb0H_Qtq-ttqzkhHDyk39JwoZi1WdDbUzGkw&oe=6A18E046,https://www.facebook.com/photo.php?fbid=1324790003026239&set=a.448214567350458&type=3,824,720,photo,photo,"#Bharat_Book_of_Record 
🏅🇮🇳🏅🇮🇳🏅🇮🇳🏅🇮🇳🏅🇮🇳
Record Holder 

Name : Vishal M

Successful completion of 1008 Surya Namaskar in 9 hours on the auspicious occasion of Rathasapthami 2026,

 organized by Paripurna Yoga Kendra, Bengaluru, Karnataka, on 25th January 2026, with a group of 35 participants.

Your remarkable achievement has been verified, approved, and officially recorded in the prestigious 

BHARAT BOOK OF RECORDS",https://www.facebook.com/1425872462917992/posts/1324790066359566,"#Bharat_Book_of_Record 
🏅🇮🇳🏅🇮🇳🏅🇮🇳🏅🇮🇳🏅🇮🇳
Record Holder 

Name : Vishal M

Successful completion of 1008 Surya Namaskar in 9 hours on the auspicious occasion of Rathasapthami 2026,

 organized by Paripurna Yoga Kendra, Bengaluru, Karnataka, on 25th January 2026, with a group of 35 participants.

Your remarkable achievement has been verified, approved, and officially recorded in the prestigious 

BHARAT BOOK OF RECORDS",TRUE,FALSE,FALSE,FALSE,FALSE,2026-01-28T03:21:59+0000
107248091187807_1324789843026255,https://scontent.fccu31-2.fna.fbcdn.net/v/t39.30808-6/623211215_1324789816359591_5229584050656069714_n.jpg?stp=dst-jpg_p720x720_tt6&_nc_cat=109&ccb=1-7&_nc_sid=833d8c&_nc_ohc=5lq2Pnua-fwQ7kNvwHii2Mz&_nc_oc=AdrEfx8UmwFltIat9PCfuIyyjah-jdp6PsArk4Y6dO6lnzaONq_f1j_fMogk6I8C1uE&_nc_zt=23&_nc_ht=scontent.fccu31-2.fna&edm=AKIiGfEEAAAA&_nc_gid=jIDcoEo8ydDjwMH59YSwqg&_nc_tpa=Q5bMBQHnmqlVyBoiQtBGY5lCb9Y6lNJPQLHPmjwSk7e5jGiAL-fV98WPvaeYSfinLlG7AYpbvrC_k4Yphw&oh=00_Af66gc2pgGVUaE1JemuuoMGddtAn_zqdNLld4mCof8mpbQ&oe=6A18F0B8,https://scontent.fccu31-2.fna.fbcdn.net/v/t39.30808-6/623211215_1324789816359591_5229584050656069714_n.jpg?stp=dst-jpg_p720x720_tt6&_nc_cat=109&ccb=1-7&_nc_sid=833d8c&_nc_ohc=5lq2Pnua-fwQ7kNvwHii2Mz&_nc_oc=AdrEfx8UmwFltIat9PCfuIyyjah-jdp6PsArk4Y6dO6lnzaONq_f1j_fMogk6I8C1uE&_nc_zt=23&_nc_ht=scontent.fccu31-2.fna&edm=AKIiGfEEAAAA&_nc_gid=jIDcoEo8ydDjwMH59YSwqg&_nc_tpa=Q5bMBQGO09nd5v7eRhrXJ2KPaLYxev0JEDdXnhW6W4F-z6xZJo2bht4oOa2-HPfhBKUr23kg6UsHpNvfXg&oh=00_Af4-7PvVyo68jYuHb-UqQ7qNyGzCHXPrU4u1tC3rcwFvuQ&oe=6A18F0B8,https://www.facebook.com/photo.php?fbid=1324789809692925&set=a.448214567350458&type=3,818,720,photo,photo,"#Bharat_Book_of_Record 
🏅🇮🇳🏅🇮🇳🏅🇮🇳🏅🇮🇳🏅🇮🇳
Record Holder 

Successful completion of 1008 Surya Namaskar in 9 hours on the auspicious occasion of Rathasapthami 2026,

 organized by Paripurna Yoga Kendra, Bengaluru, Karnataka, on 25th January 2026, with a group of 35 participants.

Your remarkable achievement has been verified, approved, and officially recorded in the prestigious 

BHARAT BOOK OF RECORDS",https://www.facebook.com/1425872462917992/posts/1324789843026255,"#Bharat_Book_of_Record 
🏅🇮🇳🏅🇮🇳🏅🇮🇳🏅🇮🇳🏅🇮🇳
Record Holder 

Successful completion of 1008 Surya Namaskar in 9 hours on the auspicious occasion of Rathasapthami 2026,

 organized by Paripurna Yoga Kendra, Bengaluru, Karnataka, on 25th January 2026, with a group of 35 participants.

Your remarkable achievement has been verified, approved, and officially recorded in the prestigious 

BHARAT BOOK OF RECORDS",TRUE,FALSE,FALSE,FALSE,FALSE,2026-01-28T03:21:42+0000
107248091187807_1324789676359605,https://scontent.fccu3-1.fna.fbcdn.net/v/t39.30808-6/622918220_1324789609692945_3569372417713382030_n.jpg?stp=dst-jpg_s960x960_tt6&_nc_cat=102&ccb=1-7&_nc_sid=833d8c&_nc_ohc=3nAnjTisnRcQ7kNvwHd1MNx&_nc_oc=AdqaKRUPUvFMi5MQIvMIoHTH9xKQ4QKiePlon0tzD0AwJrJNTt8VYmvrAbArNLbMFks&_nc_zt=23&_nc_ht=scontent.fccu3-1.fna&edm=AKIiGfEEAAAA&_nc_gid=jIDcoEo8ydDjwMH59YSwqg&_nc_tpa=Q5bMBQHoajmClJ270TYOIoBgEdd5fpSnifB4i3YPPsLzoUIA5PcE0u7YOcBeYj1UwskjcEdwYiOafO1hFQ&oh=00_Af4WI1W_j1Dnk0yibYpD5H9SfvJ6NNlmsLmUAvTMW8eIZg&oe=6A18CCB3,https://scontent.fccu3-1.fna.fbcdn.net/v/t39.30808-6/622918220_1324789609692945_3569372417713382030_n.jpg?stp=dst-jpg_s960x960_tt6&_nc_cat=102&ccb=1-7&_nc_sid=833d8c&_nc_ohc=3nAnjTisnRcQ7kNvwHd1MNx&_nc_oc=AdqaKRUPUvFMi5MQIvMIoHTH9xKQ4QKiePlon0tzD0AwJrJNTt8VYmvrAbArNLbMFks&_nc_zt=23&_nc_ht=scontent.fccu3-1.fna&edm=AKIiGfEEAAAA&_nc_gid=jIDcoEo8ydDjwMH59YSwqg&_nc_tpa=Q5bMBQGWzn-LpFIvG81mF5MSz51aYbkev_6dJRdB2jqGUNGwOJ46mEfc7ploQvyax-9QVsAFTGuj8UUbDA&oh=00_Af6ycUsFkhelaloAgg4-kGl4ZAadhOeDM3r11z3Jy62PCQ&oe=6A18CCB3,https://www.facebook.com/photo.php?fbid=1324789606359612&set=a.448214567350458&type=3,960,721,photo,photo,"#Bharat_Book_of_Record 
🏅🇮🇳🏅🇮🇳🏅🇮🇳🏅🇮🇳🏅🇮🇳
Record Holder 

Name : Chandranna N

Successful completion of 1008 Surya Namaskar in 9 hours on the auspicious occasion of Rathasapthami 2026,

 organized by Paripurna Yoga Kendra, Bengaluru, Karnataka, on 25th January 2026, with a group of 35 participants.

Your remarkable achievement has been verified, approved, and officially recorded in the prestigious 

BHARAT BOOK OF RECORDS",https://www.facebook.com/1425872462917992/posts/1324789676359605,"#Bharat_Book_of_Record 
🏅🇮🇳🏅🇮🇳🏅🇮🇳🏅🇮🇳🏅🇮🇳
Record Holder 

Name : Chandranna N

Successful completion of 1008 Surya Namaskar in 9 hours on the auspicious occasion of Rathasapthami 2026,

 organized by Paripurna Yoga Kendra, Bengaluru, Karnataka, on 25th January 2026, with a group of 35 participants.

Your remarkable achievement has been verified, approved, and officially recorded in the prestigious 

BHARAT BOOK OF RECORDS",TRUE,FALSE,FALSE,FALSE,FALSE,2026-01-28T03:21:28+0000
107248091187807_1324789483026291,https://scontent.fccu31-2.fna.fbcdn.net/v/t39.30808-6/619875212_1324789429692963_1156177110933281495_n.jpg?stp=dst-jpg_p720x720_tt6&_nc_cat=108&ccb=1-7&_nc_sid=833d8c&_nc_ohc=omSynHen1BsQ7kNvwEVX3S4&_nc_oc=Adr6zMgHppNN5KNkcT9iolnE91xx6KLbzOo9El9gWn4BsCY7ZEdr5OkuyGbIhTiGWs0&_nc_zt=23&_nc_ht=scontent.fccu31-2.fna&edm=AKIiGfEEAAAA&_nc_gid=jIDcoEo8ydDjwMH59YSwqg&_nc_tpa=Q5bMBQFSTujc7afSktO98ZXWfjT-LTBM-1Mps6uwEjdubR3u_1L9O1pl7KvdB4JF7INHwdbaCjTqJkPM7Q&oh=00_Af6u6ZXoSfRtngOEEE593rJCkAsOozFXqTLXB4JA7s9x2A&oe=6A18EF78,https://scontent.fccu31-2.fna.fbcdn.net/v/t39.30808-6/619875212_1324789429692963_1156177110933281495_n.jpg?stp=dst-jpg_p720x720_tt6&_nc_cat=108&ccb=1-7&_nc_sid=833d8c&_nc_ohc=omSynHen1BsQ7kNvwEVX3S4&_nc_oc=Adr6zMgHppNN5KNkcT9iolnE91xx6KLbzOo9El9gWn4BsCY7ZEdr5OkuyGbIhTiGWs0&_nc_zt=23&_nc_ht=scontent.fccu31-2.fna&edm=AKIiGfEEAAAA&_nc_gid=jIDcoEo8ydDjwMH59YSwqg&_nc_tpa=Q5bMBQEYbiVUPBVzISRc6mOf78VuiJg7SbmCYMey3V3OyrkvSbHE86DNRvwYGWz5HBrxJOLyxYRDHSoBFA&oh=00_Af5EuIE9xd1RyYj16xFHWLsICu8tIiONmeYPKh3ztqPwzQ&oe=6A18EF78,https://www.facebook.com/photo.php?fbid=1324789426359630&set=a.448214567350458&type=3,870,720,photo,photo,"#Bharat_Book_of_Record 
🏅🇮🇳🏅🇮🇳🏅🇮🇳🏅🇮🇳🏅🇮🇳
Record Holder 

Name : Prakruthi Ramya p

Successful completion of 1008 Surya Namaskar in 9 hours on the auspicious occasion of Rathasapthami 2026,

 organized by Paripurna Yoga Kendra, Bengaluru, Karnataka, on 25th January 2026, with a group of 35 participants.

Your remarkable achievement has been verified, approved, and officially recorded in the prestigious 

BHARAT BOOK OF RECORDS",https://www.facebook.com/1425872462917992/posts/1324789483026291,"#Bharat_Book_of_Record 
🏅🇮🇳🏅🇮🇳🏅🇮🇳🏅🇮🇳🏅🇮🇳
Record Holder 

Name : Prakruthi Ramya p

Successful completion of 1008 Surya Namaskar in 9 hours on the auspicious occasion of Rathasapthami 2026,

 organized by Paripurna Yoga Kendra, Bengaluru, Karnataka, on 25th January 2026, with a group of 35 participants.

Your remarkable achievement has been verified, approved, and officially recorded in the prestigious 

BHARAT BOOK OF RECORDS",TRUE,FALSE,FALSE,FALSE,FALSE,2026-01-28T03:21:16+0000
107248091187807_1322943406544232,https://scontent.fccu31-2.fna.fbcdn.net/v/t39.30808-6/619900209_1322943369877569_5679163274769052342_n.jpg?stp=dst-jpg_p720x720_tt6&_nc_cat=103&ccb=1-7&_nc_sid=127cfc&_nc_ohc=oMG6FSgT2jcQ7kNvwFPj8cm&_nc_oc=AdrM3bK4iTykfMOB9TUrs35C8P1FNHDO9kc9kDgX1YXAS1B2G_P-bIyHohegHOSvAr0&_nc_zt=23&_nc_ht=scontent.fccu31-2.fna&edm=AKIiGfEEAAAA&_nc_gid=jIDcoEo8ydDjwMH59YSwqg&_nc_tpa=Q5bMBQFnoACCPrKgBvXjJhtKBsXzmcVJQ5vi7InE72WIwhHxK0m3ABjB8C3E-JnKXgJTIdksXfYOhR8YGw&oh=00_Af7vdPZLpg41r5WjfSCoYj9sWdFmcAkpVeJwPAp0SLgqig&oe=6A18C6FB,https://scontent.fccu31-2.fna.fbcdn.net/v/t39.30808-6/619900209_1322943369877569_5679163274769052342_n.jpg?stp=dst-jpg_p720x720_tt6&_nc_cat=103&ccb=1-7&_nc_sid=127cfc&_nc_ohc=oMG6FSgT2jcQ7kNvwFPj8cm&_nc_oc=AdrM3bK4iTykfMOB9TUrs35C8P1FNHDO9kc9kDgX1YXAS1B2G_P-bIyHohegHOSvAr0&_nc_zt=23&_nc_ht=scontent.fccu31-2.fna&edm=AKIiGfEEAAAA&_nc_gid=jIDcoEo8ydDjwMH59YSwqg&_nc_tpa=Q5bMBQGWMwAks-v2ZXGZLjYcGLw6oG-tJJUFLjMIUVdZ3Cu_8aPZ7lBOl1Gy8XI37ugamTa6B0PsWCRyjw&oh=00_Af69j3MvIoPiIvHut4XvsH7C8Z8rf6P8_5AAKF_6tqfjvA&oe=6A18C6FB,https://www.facebook.com/photo.php?fbid=1322943359877570&set=a.1322943403210899&type=3,919,720,photo,photo,"#Bharat_Book_of_Record 
🏅🇮🇳🏅🇮🇳🏅🇮🇳🏅🇮🇳🏅🇮🇳
Record Holder 

Name : Pavitra N

Successful completion of 1008 Surya Namaskar in 9 hours on the auspicious occasion of Rathasapthami 2026,

 organized by Paripurna Yoga Kendra, Bengaluru, Karnataka, on 25th January 2026, with a group of 35 participants.

Your remarkable achievement has been verified, approved, and officially recorded in the prestigious 

BHARAT BOOK OF RECORDS",https://www.facebook.com/1425872462917992/posts/1322943406544232,"#Bharat_Book_of_Record 
🏅🇮🇳🏅🇮🇳🏅🇮🇳🏅🇮🇳🏅🇮🇳
Record Holder 

Name : Pavitra N

Successful completion of 1008 Surya Namaskar in 9 hours on the auspicious occasion of Rathasapthami 2026,

 organized by Paripurna Yoga Kendra, Bengaluru, Karnataka, on 25th January 2026, with a group of 35 participants.

Your remarkable achievement has been verified, approved, and officially recorded in the prestigious 

BHARAT BOOK OF RECORDS",TRUE,FALSE,FALSE,FALSE,FALSE,2026-01-26T02:35:25+0000
107248091187807_1283040343867872,https://scontent.fccu31-1.fna.fbcdn.net/v/t39.30808-6/594964395_1283040357201204_8958391421302442046_n.jpg?stp=dst-jpg_s720x720_tt6&_nc_cat=100&ccb=1-7&_nc_sid=833d8c&_nc_ohc=ntyHQBFlYZ4Q7kNvwH0j3MI&_nc_oc=Adrwc9hApC2wTPjp8IPy5Bb82TA2VVx4DZuPtCv9g1Bjp86PzHssKDE7Xd6iWCZoVmc&_nc_zt=23&_nc_ht=scontent.fccu31-1.fna&edm=AKIiGfEEAAAA&_nc_gid=jIDcoEo8ydDjwMH59YSwqg&_nc_tpa=Q5bMBQGK6sUc2JhVbUcFTiXYUs57LbfffluMdeL7rbW8ks9HbUTzISlBTRxzb8xdytxx2nmY5Y8n4p1BUg&oh=00_Af5akXWOpNtMjsD0MYRMRQPPbzz0uajEC2tlibVnOtdAOA&oe=6A18C61C,https://scontent.fccu31-1.fna.fbcdn.net/v/t39.30808-6/594964395_1283040357201204_8958391421302442046_n.jpg?stp=dst-jpg_s720x720_tt6&_nc_cat=100&ccb=1-7&_nc_sid=833d8c&_nc_ohc=ntyHQBFlYZ4Q7kNvwH0j3MI&_nc_oc=Adrwc9hApC2wTPjp8IPy5Bb82TA2VVx4DZuPtCv9g1Bjp86PzHssKDE7Xd6iWCZoVmc&_nc_zt=23&_nc_ht=scontent.fccu31-1.fna&edm=AKIiGfEEAAAA&_nc_gid=jIDcoEo8ydDjwMH59YSwqg&_nc_tpa=Q5bMBQEfZT2GposJH_-Ir6BEjV4-oXxyWVAOFFmjUQ-B8CG4SErzv_nm3N4Xqtlxv_KDxlkVZSBQPx_HpQ&oh=00_Af4LDTipp4rvgJCbaCIiBLZyUjaP-0rOwhjaW5gtFZs13Q&oe=6A18C61C,https://www.facebook.com/photo.php?fbid=1283040320534541&set=a.448214567350458&type=3,720,720,photo,photo,🇮🇳🏅🇮🇳BHARAT BOOK OF RECORDS 🇮🇳🏅🇮🇳,https://www.facebook.com/1425872462917992/posts/1283040343867872,🇮🇳🏅🇮🇳BHARAT BOOK OF RECORDS 🇮🇳🏅🇮🇳,TRUE,FALSE,FALSE,FALSE,FALSE,2025-12-05T16:20:10+0000
107248091187807_1134218495416725,https://scontent.fccu31-2.fna.fbcdn.net/v/t39.30808-6/504868704_1134218525416722_1865353085244123121_n.jpg?stp=dst-jpg_p720x720_tt6&_nc_cat=103&ccb=1-7&_nc_sid=833d8c&_nc_ohc=VVs8i5Lx1RcQ7kNvwG7Ui2Z&_nc_oc=AdqjTmJCuQC3As8JS4MqTWncVzFXGBSABSaqPheLe3f-ofMx4fAmygpvAPpTuly3IRE&_nc_zt=23&_nc_ht=scontent.fccu31-2.fna&edm=AKIiGfEEAAAA&_nc_gid=jIDcoEo8ydDjwMH59YSwqg&_nc_tpa=Q5bMBQEh8_tVfbq78iDt6_pS0YGPnIW8LSTkF9G_pKWZZS1OZC1h0LY6wWW1-Iawu4gM0EV-4OomUSBRbg&oh=00_Af5AJuAM6mSER31k3nlxGAo0QgNToi7Ee2wFjBGDhQqHVg&oe=6A18DE1D,https://scontent.fccu31-2.fna.fbcdn.net/v/t39.30808-6/504868704_1134218525416722_1865353085244123121_n.jpg?stp=dst-jpg_p720x720_tt6&_nc_cat=103&ccb=1-7&_nc_sid=833d8c&_nc_ohc=VVs8i5Lx1RcQ7kNvwG7Ui2Z&_nc_oc=AdqjTmJCuQC3As8JS4MqTWncVzFXGBSABSaqPheLe3f-ofMx4fAmygpvAPpTuly3IRE&_nc_zt=23&_nc_ht=scontent.fccu31-2.fna&edm=AKIiGfEEAAAA&_nc_gid=jIDcoEo8ydDjwMH59YSwqg&_nc_tpa=Q5bMBQEkgfOT5qFNHAIzDSSLlZpLruFJCYh5BtAfZGH1VNtWZA_ppG_1huakYasEodu5GlOkstkqyEkDMg&oh=00_Af419ylPvVrKtNfROuEwNXDT0jLNEsr5vORZXc6jeKPtPQ&oe=6A18DE1D,https://www.facebook.com/photo.php?fbid=1134218458750062&set=a.448214567350458&type=3,1190,720,photo,photo,"#Bharat_Book_of_Record 

Record Holder 

GURU: SHUBASREE

Best Dance Teacher of the Year-2025

For Having A Positive Attitude and Great Dance Technique! which has been verified approved and accepted to be a part of The prestigious book awards

BHARAT BOOK OF RECORDS",https://www.facebook.com/1425872462917992/posts/1134218495416725,"#Bharat_Book_of_Record 

Record Holder 

GURU: SHUBASREE

Best Dance Teacher of the Year-2025

For Having A Positive Attitude and Great Dance Technique! which has been verified approved and accepted to be a part of The prestigious book awards

BHARAT BOOK OF RECORDS",TRUE,FALSE,FALSE,FALSE,FALSE,2025-06-10T17:40:50+0000
107248091187807_1130968692408372,https://scontent.fccu31-1.fna.fbcdn.net/v/t39.30808-6/504833930_1130968725741702_6926245833693342737_n.jpg?stp=dst-jpg_p720x720_tt6&_nc_cat=107&ccb=1-7&_nc_sid=833d8c&_nc_ohc=vl9mszyAQqYQ7kNvwHzqodQ&_nc_oc=AdofArqsLMmc2wLcWedLny_86lE3zElmK49PWjp7U9oxd9W2r7TgMt481vd5VHFiqbk&_nc_zt=23&_nc_ht=scontent.fccu31-1.fna&edm=AKIiGfEEAAAA&_nc_gid=jIDcoEo8ydDjwMH59YSwqg&_nc_tpa=Q5bMBQGKKmnFHjo7JkTzFQJCBaMpZ0iO-L3zRdQ8o4LwddprMQ5PDnG9m69YUuqUSnRB917mAL1Wf2t7Pw&oh=00_Af5b8_ZGp93Uc6Hisc-d4iHs-yEFsMTWH6wT6S56QGf0rg&oe=6A18C763,https://scontent.fccu31-1.fna.fbcdn.net/v/t39.30808-6/504833930_1130968725741702_6926245833693342737_n.jpg?stp=dst-jpg_p720x720_tt6&_nc_cat=107&ccb=1-7&_nc_sid=833d8c&_nc_ohc=vl9mszyAQqYQ7kNvwHzqodQ&_nc_oc=AdofArqsLMmc2wLcWedLny_86lE3zElmK49PWjp7U9oxd9W2r7TgMt481vd5VHFiqbk&_nc_zt=23&_nc_ht=scontent.fccu31-1.fna&edm=AKIiGfEEAAAA&_nc_gid=jIDcoEo8ydDjwMH59YSwqg&_nc_tpa=Q5bMBQGtMGPUeldCa4g_0pobGGYhWGRZceP4W5Xuz1s2zmuGMRUl0kgvebZ057uqcv-jb8XjOaZfLcJ7ag&oh=00_Af4heIARfoY8ErnEwZVDMzgxqmv9xuwPYVa3f4TFWK7WWQ&oe=6A18C763,https://www.facebook.com/photo.php?fbid=1130968659075042&set=a.448214567350458&type=3,938,720,photo,photo,"#Bharat_Book_of_Record 

Record Holder 

GURU: HAMSAVENI

Best Dance Teacher of the Year-2025

For Having A Positive Attitude and Great Dance Technique! which has been verified approved and accepted to be a part of The prestigious book awards

BHARAT BOOK OF RECORDS",https://www.facebook.com/1425872462917992/posts/1130968692408372,"#Bharat_Book_of_Record 

Record Holder 

GURU: HAMSAVENI

Best Dance Teacher of the Year-2025

For Having A Positive Attitude and Great Dance Technique! which has been verified approved and accepted to be a part of The prestigious book awards

BHARAT BOOK OF RECORDS",TRUE,FALSE,FALSE,FALSE,FALSE,2025-06-06T14:15:03+0000
107248091187807_1129864432518798,https://scontent.fccu31-2.fna.fbcdn.net/v/t39.30808-6/503000982_1129864442518797_8249873337330588196_n.jpg?stp=dst-jpg_p720x720_tt6&_nc_cat=108&ccb=1-7&_nc_sid=833d8c&_nc_ohc=fbDZNmlBCEgQ7kNvwHQRWzA&_nc_oc=AdqHjoR1BKSqTZPQ07fmwpvFV4zlXgmTKE-cvExBARGdPdJSz4nmwknrNten_PJW7dY&_nc_zt=23&_nc_ht=scontent.fccu31-2.fna&edm=AKIiGfEEAAAA&_nc_gid=jIDcoEo8ydDjwMH59YSwqg&_nc_tpa=Q5bMBQEuc40dZod4uHxjNWikvR_7ln2OfpzzkqGFqRz0MJKI6R3lOJMz5pgfl6rSiJ_gIBuXd_OYOHgG9Q&oh=00_Af6qYfSW9RDLw9zjjr9_do9VHqdg5PgY_KkljnBEnb3CEg&oe=6A18EB27,https://scontent.fccu31-2.fna.fbcdn.net/v/t39.30808-6/503000982_1129864442518797_8249873337330588196_n.jpg?stp=dst-jpg_p720x720_tt6&_nc_cat=108&ccb=1-7&_nc_sid=833d8c&_nc_ohc=fbDZNmlBCEgQ7kNvwHQRWzA&_nc_oc=AdqHjoR1BKSqTZPQ07fmwpvFV4zlXgmTKE-cvExBARGdPdJSz4nmwknrNten_PJW7dY&_nc_zt=23&_nc_ht=scontent.fccu31-2.fna&edm=AKIiGfEEAAAA&_nc_gid=jIDcoEo8ydDjwMH59YSwqg&_nc_tpa=Q5bMBQHMHMEyo4Qj2Z7i8GdrsD6vqjxK3qWD00CRTulBPjUq-xOiW_-oB3BPFGmTBiLckOyKrG_G8pL5Wg&oh=00_Af6wGc12hwopLIczPKKW0HkLiOnPMlpY6u7NEm5LTKadhQ&oe=6A18EB27,https://www.facebook.com/photo.php?fbid=1129864392518802&set=a.448214567350458&type=3,1002,720,photo,photo,"#Bharat_Book_of_Record 

Record Holder 

GURU: DHANALAKSHMI 

Best Dance Teacher of the Year-2025

For Having A Positive Attitude and Great Dance Technique! which has been verified approved and accepted to be a part of The prestigious book awards

BHARAT BOOK OF RECORDS",https://www.facebook.com/1425872462917992/posts/1129864432518798,"#Bharat_Book_of_Record 

Record Holder 

GURU: DHANALAKSHMI 

Best Dance Teacher of the Year-2025

For Having A Positive Attitude and Great Dance Technique! which has been verified approved and accepted to be a part of The prestigious book awards

BHARAT BOOK OF RECORDS",TRUE,FALSE,FALSE,FALSE,FALSE,2025-06-05T03:57:43+0000
107248091187807_1127010336137541,https://scontent.fccu31-2.fna.fbcdn.net/v/t39.30808-6/502535344_1127010309470877_3763795373519108378_n.jpg?_nc_cat=103&ccb=1-7&_nc_sid=833d8c&_nc_ohc=txQauuwCnjIQ7kNvwEE37X9&_nc_oc=AdqE2TKBsYEJQlZwj8OqN_WR63c1FSFP9bV0XNhZ7z7mt-EHM3dHMiVtbWd5Jai3Ji8&_nc_zt=23&_nc_ht=scontent.fccu31-2.fna&edm=AKIiGfEEAAAA&_nc_gid=jIDcoEo8ydDjwMH59YSwqg&_nc_tpa=Q5bMBQGHJ8LiA0oWywhYP1aX37RQtSiKJ_c_sQuWZ_t87s5aRctvgfrWFsL0RKZe6wQHh0tzr2GCzvySug&oh=00_Af5X4N6yWNrTgbIdvrwjawLdJLo34rl_M_MHfsxCuCnSYw&oe=6A18C382,https://scontent.fccu31-2.fna.fbcdn.net/v/t39.30808-6/502535344_1127010309470877_3763795373519108378_n.jpg?_nc_cat=103&ccb=1-7&_nc_sid=833d8c&_nc_ohc=txQauuwCnjIQ7kNvwEE37X9&_nc_oc=AdqE2TKBsYEJQlZwj8OqN_WR63c1FSFP9bV0XNhZ7z7mt-EHM3dHMiVtbWd5Jai3Ji8&_nc_zt=23&_nc_ht=scontent.fccu31-2.fna&edm=AKIiGfEEAAAA&_nc_gid=jIDcoEo8ydDjwMH59YSwqg&_nc_tpa=Q5bMBQHePZhqA9o35HXFEUgI1Bo-4ju5IdJXPPXxpJpvJsLsCGjdL3MTlPJ9kUezkvHKoqgcLu6_KqCFZA&oh=00_Af78ONd1aGaUM8b-q3r7MLMvOANPEMaJyEo9Namzad0lNQ&oe=6A18C382,https://www.facebook.com/photo.php?fbid=1127010306137544&set=a.448214567350458&type=3,891,657,photo,photo,"#Bharat_Book_of_Record 

Record Holder 

GURU: KAVITHA MG

Best Dance Teacher of the Year-2025

For Having A Positive Attitude and Great Dance Technique! which has been verified approved and accepted to be a part of The prestigious book awards

BHARAT BOOK OF RECORDS",https://www.facebook.com/1425872462917992/posts/1127010336137541,"#Bharat_Book_of_Record 

Record Holder 

GURU: KAVITHA MG

Best Dance Teacher of the Year-2025

For Having A Positive Attitude and Great Dance Technique! which has been verified approved and accepted to be a part of The prestigious book awards

BHARAT BOOK OF RECORDS",TRUE,FALSE,FALSE,FALSE,FALSE,2025-06-01T13:45:34+0000
107248091187807_1126310612874180,https://scontent.fccu31-1.fna.fbcdn.net/v/t39.30808-6/502629142_1126310632874178_4429680709753666986_n.jpg?stp=dst-jpg_p720x720_tt6&_nc_cat=100&ccb=1-7&_nc_sid=833d8c&_nc_ohc=YrfenNnV24EQ7kNvwEhY3I1&_nc_oc=AdoS_rxb19dUOeVIVCjhOIPF_ehVlQYGkjJql-Ntf_sSRUgZf0cFWOKXUBlPdvOea0Y&_nc_zt=23&_nc_ht=scontent.fccu31-1.fna&edm=AKIiGfEEAAAA&_nc_gid=jIDcoEo8ydDjwMH59YSwqg&_nc_tpa=Q5bMBQH7btkBB7ZovBeWHJnayjGzlUJfkmlnmQTNkzdsy6qaF_EnEWAwQH4CPmmwzIZtPnRXMfkH3jNDew&oh=00_Af5C8_gflJqO_NyX_JH-2v5tjt62Kg7LXYtGbnGUbTzv9Q&oe=6A18D7B7,https://scontent.fccu31-1.fna.fbcdn.net/v/t39.30808-6/502629142_1126310632874178_4429680709753666986_n.jpg?stp=dst-jpg_p720x720_tt6&_nc_cat=100&ccb=1-7&_nc_sid=833d8c&_nc_ohc=YrfenNnV24EQ7kNvwEhY3I1&_nc_oc=AdoS_rxb19dUOeVIVCjhOIPF_ehVlQYGkjJql-Ntf_sSRUgZf0cFWOKXUBlPdvOea0Y&_nc_zt=23&_nc_ht=scontent.fccu31-1.fna&edm=AKIiGfEEAAAA&_nc_gid=jIDcoEo8ydDjwMH59YSwqg&_nc_tpa=Q5bMBQFvHDP7LADEenAvClvgpqiK_M92HHCijowP8Hi3Enbm8IJkfXipel_BkVYwjkJ2TmUyIRTPLgGtQQ&oh=00_Af6Q-O4OGyqdANED-k71OzGAJV-eU2NC4fqH6hCKvCYLVw&oe=6A18D7B7,https://www.facebook.com/photo.php?fbid=1126310579540850&set=a.448214567350458&type=3,1012,720,photo,photo,"#Bharat_Book_of_Record 

Record Holder 

GURU: APPU RAM

Best Dance Teacher of the Year-2025

For Having A Positive Attitude and Great Dance Technique! which has been verified approved and accepted to be a part of The prestigious book awards

BHARAT BOOK OF RECORDS",https://www.facebook.com/1425872462917992/posts/1126310612874180,"#Bharat_Book_of_Record 

Record Holder 

GURU: APPU RAM

Best Dance Teacher of the Year-2025

For Having A Positive Attitude and Great Dance Technique! which has been verified approved and accepted to be a part of The prestigious book awards

BHARAT BOOK OF RECORDS",TRUE,FALSE,FALSE,FALSE,FALSE,2025-05-31T15:40:10+0000
107248091187807_1126308716207703,https://scontent.fccu31-2.fna.fbcdn.net/v/t39.30808-6/503104294_1126308679541040_168401512358104769_n.jpg?_nc_cat=103&ccb=1-7&_nc_sid=833d8c&_nc_ohc=xYfu04X2HxEQ7kNvwGuq2Jj&_nc_oc=AdquvIz6kGzFypOZ-Lht2kKtGq7Vfr_qxmhav0F8RAkWoy18WOFN8_mGTeW4-KlOYd4&_nc_zt=23&_nc_ht=scontent.fccu31-2.fna&edm=AKIiGfEEAAAA&_nc_gid=jIDcoEo8ydDjwMH59YSwqg&_nc_tpa=Q5bMBQEGmKOQ5RGwNx06Xh_fhP-g2lFy9gBuS-a3_CM_pq_TUHIW_HYIaNqqH40SIf-EW10HpYf-R0TABw&oh=00_Af4SzCpxcuxKy-0mAymuDDRIeK9fTFTsY59HhARkoi7sRg&oe=6A18CB96,https://scontent.fccu31-2.fna.fbcdn.net/v/t39.30808-6/503104294_1126308679541040_168401512358104769_n.jpg?_nc_cat=103&ccb=1-7&_nc_sid=833d8c&_nc_ohc=xYfu04X2HxEQ7kNvwGuq2Jj&_nc_oc=AdquvIz6kGzFypOZ-Lht2kKtGq7Vfr_qxmhav0F8RAkWoy18WOFN8_mGTeW4-KlOYd4&_nc_zt=23&_nc_ht=scontent.fccu31-2.fna&edm=AKIiGfEEAAAA&_nc_gid=jIDcoEo8ydDjwMH59YSwqg&_nc_tpa=Q5bMBQHeRiI3sn6DZ1Tg8Jlz6yuTcnHlP0DRA8VbKUGkd7gH-OF583T3EfoN728zKda0KYaBJYmquc73Jw&oh=00_Af60Q7zJGOUm3wr1cR_5ChLXo2rM4HT8JVI1wNE5CLnPhw&oe=6A18CB96,https://www.facebook.com/photo.php?fbid=1126308672874374&set=a.448214567350458&type=3,1280,719,photo,photo,"#Bharat_Book_of_Record 

Record Holder 

GURU: LAKSHMI SREE GOWRI N

Best Dance Teacher of the Year-2025

For Having A Positive Attitude and Great Dance Technique! which has been verified approved and accepted to be a part of The prestigious book awards

BHARAT BOOK OF RECORDS",https://www.facebook.com/1425872462917992/posts/1126308716207703,"#Bharat_Book_of_Record 

Record Holder 

GURU: LAKSHMI SREE GOWRI N

Best Dance Teacher of the Year-2025

For Having A Positive Attitude and Great Dance Technique! which has been verified approved and accepted to be a part of The prestigious book awards

BHARAT BOOK OF RECORDS",TRUE,FALSE,FALSE,FALSE,FALSE,2025-05-31T15:37:41+0000
107248091187807_1126050062900235,https://scontent.fccu31-2.fna.fbcdn.net/v/t39.30808-6/502657025_1126050039566904_3371827924822795286_n.jpg?stp=dst-jpg_p720x720_tt6&_nc_cat=108&ccb=1-7&_nc_sid=833d8c&_nc_ohc=i3QzAHB7354Q7kNvwGFMlpD&_nc_oc=AdrBWMvmxX_GW4WypzXVbeda9XEX3-TcJqlPo9fgVQH4JfkPdFt4cr5P8rLPamY1qhA&_nc_zt=23&_nc_ht=scontent.fccu31-2.fna&edm=AKIiGfEEAAAA&_nc_gid=jIDcoEo8ydDjwMH59YSwqg&_nc_tpa=Q5bMBQGNd2MNCcsuGhK4Mm8pcYBHO8tvI2WR_m_4QCl-_LqsFjLDj92D0GN9PICLsgbDyVJeT2LmpJUZHg&oh=00_Af6A_wB7rHJsKYUhZpJjRh9QDx6MwtzIVgPLqOLFvktbNQ&oe=6A18C42A,https://scontent.fccu31-2.fna.fbcdn.net/v/t39.30808-6/502657025_1126050039566904_3371827924822795286_n.jpg?stp=dst-jpg_p720x720_tt6&_nc_cat=108&ccb=1-7&_nc_sid=833d8c&_nc_ohc=i3QzAHB7354Q7kNvwGFMlpD&_nc_oc=AdrBWMvmxX_GW4WypzXVbeda9XEX3-TcJqlPo9fgVQH4JfkPdFt4cr5P8rLPamY1qhA&_nc_zt=23&_nc_ht=scontent.fccu31-2.fna&edm=AKIiGfEEAAAA&_nc_gid=jIDcoEo8ydDjwMH59YSwqg&_nc_tpa=Q5bMBQF5Dn7Qttk7t3wbuAjk08due4stcFS_fEMqBNeflhwMAjVV15zDnlEW7QWTwxKUzSSwOy6NDX03rA&oh=00_Af4Ef1EmCqxA2vbLz450j-W-MErSRLlNzdXjyOx1Kv94Kg&oe=6A18C42A,https://www.facebook.com/photo.php?fbid=1126050036233571&set=a.448214567350458&type=3,799,720,photo,photo,"#Bharat_Book_of_Record 

Record Holder 

DANCESCHOOL: ANYA DANCE CREW 

Best Dance School of the Year-2025

For Having A Positive Attitude and Great Dance Technique! which has been verified approved and accepted to be a part of The prestigious book awards

BHARAT BOOK OF RECORDS",https://www.facebook.com/1425872462917992/posts/1126050062900235,"#Bharat_Book_of_Record 

Record Holder 

DANCESCHOOL: ANYA DANCE CREW 

Best Dance School of the Year-2025

For Having A Positive Attitude and Great Dance Technique! which has been verified approved and accepted to be a part of The prestigious book awards

BHARAT BOOK OF RECORDS",TRUE,FALSE,FALSE,FALSE,FALSE,2025-05-31T08:28:52+0000
107248091187807_1126049382900303,https://scontent.fccu31-1.fna.fbcdn.net/v/t39.30808-6/502917177_1126049359566972_6714018182430054202_n.jpg?stp=dst-jpg_p720x720_tt6&_nc_cat=107&ccb=1-7&_nc_sid=833d8c&_nc_ohc=VCKxMNCLaxgQ7kNvwEx-_nn&_nc_oc=Adpw-y3CW1GFSx26wzZSX-0CdwKfrDVIKMPFpYsT7H8A8z-nSIrhY-7uajxgIy8SyYU&_nc_zt=23&_nc_ht=scontent.fccu31-1.fna&edm=AKIiGfEEAAAA&_nc_gid=jIDcoEo8ydDjwMH59YSwqg&_nc_tpa=Q5bMBQHpzdIc4gaU8Z_5yiD7D5u6-k2I5bG_fgRAg8y7NA5aWzbpJQug_hsFkqOz5wGUOwH2BnEHkS96sQ&oh=00_Af75sHCVatzAyjS9yx7kjH0GKwuohRMbafjYb2gd1DTiyA&oe=6A18E094,https://scontent.fccu31-1.fna.fbcdn.net/v/t39.30808-6/502917177_1126049359566972_6714018182430054202_n.jpg?stp=dst-jpg_p720x720_tt6&_nc_cat=107&ccb=1-7&_nc_sid=833d8c&_nc_ohc=VCKxMNCLaxgQ7kNvwEx-_nn&_nc_oc=Adpw-y3CW1GFSx26wzZSX-0CdwKfrDVIKMPFpYsT7H8A8z-nSIrhY-7uajxgIy8SyYU&_nc_zt=23&_nc_ht=scontent.fccu31-1.fna&edm=AKIiGfEEAAAA&_nc_gid=jIDcoEo8ydDjwMH59YSwqg&_nc_tpa=Q5bMBQHd_EzR8WOVm687-BSWXzbU-wwhbndAkzULTjCL1D6GT3UVVwmMOMp7SmoLX8QFs1l3IleiuwT8GA&oh=00_Af7eZsFSelP696WGHPEzzcbI7MH01z6yf2GtXgtLXsmz_g&oe=6A18E094,https://www.facebook.com/photo.php?fbid=1126049352900306&set=a.448214567350458&type=3,965,720,photo,photo,"#Bharat_Book_of_Record 

Record Holder 

GURU: ROOPA SHREE BV 

Best Dance Teacher of the Year-2025

For Having A Positive Attitude and Great Dance Technique! which has been verified approved and accepted to be a part of The prestigious book awards

BHARAT BOOK OF RECORDS",https://www.facebook.com/1425872462917992/posts/1126049382900303,"#Bharat_Book_of_Record 

Record Holder 

GURU: ROOPA SHREE BV 

Best Dance Teacher of the Year-2025

For Having A Positive Attitude and Great Dance Technique! which has been verified approved and accepted to be a part of The prestigious book awards

BHARAT BOOK OF RECORDS",TRUE,FALSE,FALSE,FALSE,FALSE,2025-05-31T08:27:35+0000
107248091187807_1125525346286040,https://scontent.fccu31-2.fna.fbcdn.net/v/t39.30808-6/502583203_1125525462952695_601750222468981992_n.jpg?stp=dst-jpg_p720x720_tt6&_nc_cat=109&ccb=1-7&_nc_sid=833d8c&_nc_ohc=hoyM2eC1mWEQ7kNvwHqh-wG&_nc_oc=Adp8Ai9pGXIzXjwV2b_PCarfNdNlkqEL2dVBwjwUoTl1wRGzyKxgXXZZpfrpDU2HVxg&_nc_zt=23&_nc_ht=scontent.fccu31-2.fna&edm=AKIiGfEEAAAA&_nc_gid=jIDcoEo8ydDjwMH59YSwqg&_nc_tpa=Q5bMBQGCuKwYTNbZOsT2m5sZe-L4gINczonDaZwEWnH2PCPlz4KG4YyJ868-sGB8L4wrN0hqj8MipSp2rw&oh=00_Af4bE3pyf3sK9SjPKwdMoBz-kwb7Ad03QiHyQ9YJwuvggQ&oe=6A18EEB3,https://scontent.fccu31-2.fna.fbcdn.net/v/t39.30808-6/502583203_1125525462952695_601750222468981992_n.jpg?stp=dst-jpg_p720x720_tt6&_nc_cat=109&ccb=1-7&_nc_sid=833d8c&_nc_ohc=hoyM2eC1mWEQ7kNvwHqh-wG&_nc_oc=Adp8Ai9pGXIzXjwV2b_PCarfNdNlkqEL2dVBwjwUoTl1wRGzyKxgXXZZpfrpDU2HVxg&_nc_zt=23&_nc_ht=scontent.fccu31-2.fna&edm=AKIiGfEEAAAA&_nc_gid=jIDcoEo8ydDjwMH59YSwqg&_nc_tpa=Q5bMBQE5gbniKdX07zKMjKO7bL0F1tgHRgdrL-XZW0I8ObnVaWVYWKRVx-99u8UnWMsR8dOtS2ePDfs9Jw&oh=00_Af6DWZM54Qwa0AyMvLMnqoOzZiNfgCTf8cFH6X_sTkCkSA&oe=6A18EEB3,https://www.facebook.com/photo.php?fbid=1125525329619375&set=a.448214567350458&type=3,818,720,photo,photo,"#Bharat_Book_of_Record 

Record Holder 

GURU: PRAVEEN KUMAR 

Best Dance Teacher of the Year-2025

For Having A Positive Attitude and Great Dance Technique! which has been verified approved and accepted to be a part of The prestigious book awards

BHARAT BOOK OF RECORDS",https://www.facebook.com/1425872462917992/posts/1125525346286040,"#Bharat_Book_of_Record 

Record Holder 

GURU: PRAVEEN KUMAR 

Best Dance Teacher of the Year-2025

For Having A Positive Attitude and Great Dance Technique! which has been verified approved and accepted to be a part of The prestigious book awards

BHARAT BOOK OF RECORDS",TRUE,FALSE,FALSE,FALSE,FALSE,2025-05-30T15:53:26+0000
107248091187807_1125461319625776,https://scontent.fccu3-1.fna.fbcdn.net/v/t39.30808-6/502153386_1125461282959113_1460597894402073957_n.jpg?stp=dst-jpg_p720x720_tt6&_nc_cat=106&ccb=1-7&_nc_sid=833d8c&_nc_ohc=WyS2z7R3rdkQ7kNvwGcAMpd&_nc_oc=AdqHMT-uhyEfazVjCAfF8-FDT2SMErBNqmui0Ya583nsmvonQGmYaKAxHR0lCrJaayQ&_nc_zt=23&_nc_ht=scontent.fccu3-1.fna&edm=AKIiGfEEAAAA&_nc_gid=jIDcoEo8ydDjwMH59YSwqg&_nc_tpa=Q5bMBQGq2uf-cxxCDTQ6QhIhD29MEJ_Q157LlPHnH68_O-C7UAU8HSbFbkRes4LBWWarVDh5Z8Z1Z9Y5rA&oh=00_Af7YEfa8tQrI7l5xfBldMPtXfDKD1sp86EppFqJL1CvGpQ&oe=6A18E206,https://scontent.fccu3-1.fna.fbcdn.net/v/t39.30808-6/502153386_1125461282959113_1460597894402073957_n.jpg?stp=dst-jpg_p720x720_tt6&_nc_cat=106&ccb=1-7&_nc_sid=833d8c&_nc_ohc=WyS2z7R3rdkQ7kNvwGcAMpd&_nc_oc=AdqHMT-uhyEfazVjCAfF8-FDT2SMErBNqmui0Ya583nsmvonQGmYaKAxHR0lCrJaayQ&_nc_zt=23&_nc_ht=scontent.fccu3-1.fna&edm=AKIiGfEEAAAA&_nc_gid=jIDcoEo8ydDjwMH59YSwqg&_nc_tpa=Q5bMBQFwbsQkxE40aSsTagq5vtXMDNZh-q1g6hMUPw4Ob2Qjg_ldB0sAVww_hLsW2CETgkVR69dDS6SbrA&oh=00_Af4ALpyoFp4q_zJHBftOoDQGXqOh4OZY-m7NdoNY-cExtA&oe=6A18E206,https://www.facebook.com/photo.php?fbid=1125461279625780&set=a.448214567350458&type=3,907,720,photo,photo,"#Bharat_Book_of_Record 

Record Holder 

GURU: Sri ARAVIND R

Best Dance Teacher of the Year-2025

For Having A Positive Attitude and Great Dance Technique! which has been verified approved and accepted to be a part of The prestigious book awards

BHARAT BOOK OF RECORDS",https://www.facebook.com/1425872462917992/posts/1125461319625776,"#Bharat_Book_of_Record 

Record Holder 

GURU: Sri ARAVIND R

Best Dance Teacher of the Year-2025

For Having A Positive Attitude and Great Dance Technique! which has been verified approved and accepted to be a part of The prestigious book awards

BHARAT BOOK OF RECORDS",TRUE,FALSE,FALSE,FALSE,FALSE,2025-05-30T14:06:43+0000
107248091187807_1125377662967475,https://scontent.fccu31-2.fna.fbcdn.net/v/t39.30808-6/502049035_1125377642967477_1254943739886352387_n.jpg?stp=dst-jpg_p720x720_tt6&_nc_cat=108&ccb=1-7&_nc_sid=833d8c&_nc_ohc=kk9FucQ5lmUQ7kNvwH_wGFS&_nc_oc=AdqpAHRXe0SoH2SiANflUinkaBgHLXKJ_b4xgUPURJI9_xVDpS_pJ60AgCCVbQ6kUg8&_nc_zt=23&_nc_ht=scontent.fccu31-2.fna&edm=AKIiGfEEAAAA&_nc_gid=jIDcoEo8ydDjwMH59YSwqg&_nc_tpa=Q5bMBQExiU2kv6N_dSAiGtSB6FK-Q614I9Ksqcos-2tPeoqE8za1zirriTkRJ5_i5bcZiGQdOo-_q7BZaA&oh=00_Af7qDHZb28_ZCz7KFxyP9XmDOMOGaJuxfMm0Mcwxu26TYQ&oe=6A18F1B1,https://scontent.fccu31-2.fna.fbcdn.net/v/t39.30808-6/502049035_1125377642967477_1254943739886352387_n.jpg?stp=dst-jpg_p720x720_tt6&_nc_cat=108&ccb=1-7&_nc_sid=833d8c&_nc_ohc=kk9FucQ5lmUQ7kNvwH_wGFS&_nc_oc=AdqpAHRXe0SoH2SiANflUinkaBgHLXKJ_b4xgUPURJI9_xVDpS_pJ60AgCCVbQ6kUg8&_nc_zt=23&_nc_ht=scontent.fccu31-2.fna&edm=AKIiGfEEAAAA&_nc_gid=jIDcoEo8ydDjwMH59YSwqg&_nc_tpa=Q5bMBQEaX7--sA-hHvKmcUCVdYmE8Kwi3JsiQvAaApT9l20VwFEcHPyXJFooP5X5egL3Qnhsn2qB9kDE2Q&oh=00_Af7I795B-8XOd-kuf460ag9wDRo7h-tNlZW5MXnPWmDTuA&oe=6A18F1B1,https://www.facebook.com/photo.php?fbid=1125377639634144&set=a.448214567350458&type=3,1064,720,photo,photo,"#Bharat_Book_of_Record 

Record Holder 

GURU: Smt Parvathi Sriram

Best Dance Teacher of the Year-2025

For Having A Positive Attitude and Great Dance Technique! which has been verified approved and accepted to be a part of The prestigious book awards

BHARAT BOOK OF RECORDS",https://www.facebook.com/1425872462917992/posts/1125377662967475,"#Bharat_Book_of_Record 

Record Holder 

GURU: Smt Parvathi Sriram

Best Dance Teacher of the Year-2025

For Having A Positive Attitude and Great Dance Technique! which has been verified approved and accepted to be a part of The prestigious book awards

BHARAT BOOK OF RECORDS",TRUE,FALSE,FALSE,FALSE,FALSE,2025-05-30T12:31:01+0000
107248091187807_982007910637785,https://scontent.fccu31-2.fna.fbcdn.net/v/t39.30808-6/486259358_1070772021761373_653476366780536030_n.jpg?_nc_cat=103&ccb=1-7&_nc_sid=833d8c&_nc_ohc=wg42WbUllG0Q7kNvwE2OyfP&_nc_oc=AdqX4l-g6N8uITKKr9DzpsysRyuBOFwK4Sol-a-XBBSsZCx75Gf8Wl8bJsimi7kV8W8&_nc_zt=23&_nc_ht=scontent.fccu31-2.fna&edm=AKIiGfEEAAAA&_nc_gid=jIDcoEo8ydDjwMH59YSwqg&_nc_tpa=Q5bMBQGV78r-eUMJilzv2GcZpKgb-BjwDF_uU4XnMRyR3KSMRgP5gdgVcmggAN5wQeDaafBrDNP4Kp-4cw&oh=00_Af7seqWfotJAoxzkGxouVBmL19FsIRITSa5LrlNCi4sebA&oe=6A18E4E3,https://scontent.fccu31-2.fna.fbcdn.net/v/t39.30808-6/486259358_1070772021761373_653476366780536030_n.jpg?_nc_cat=103&ccb=1-7&_nc_sid=833d8c&_nc_ohc=wg42WbUllG0Q7kNvwE2OyfP&_nc_oc=AdqX4l-g6N8uITKKr9DzpsysRyuBOFwK4Sol-a-XBBSsZCx75Gf8Wl8bJsimi7kV8W8&_nc_zt=23&_nc_ht=scontent.fccu31-2.fna&edm=AKIiGfEEAAAA&_nc_gid=jIDcoEo8ydDjwMH59YSwqg&_nc_tpa=Q5bMBQEGiWLgjud1yDapBArrYgvVePAH0D65asZrPfDC-9wD9S9J11U-qZl7hxd-dxujrY88gJnZmdRSzg&oh=00_Af73KFlA2nLlbw9mDHTTchJCkUUpfcMd39WOMxWkN2PK3A&oe=6A18E4E3,https://www.facebook.com/1425872462917992/posts/982007910637785,485,1512,album,album,,https://www.facebook.com/1425872462917992/posts/982007910637785,"#BharatBookofRecords 
#SwarnaBharat
#KannadaRajyotsava
#NewspaperArticles
💛❤️💛❤️💛❤️💛❤️💛❤️💛❤️💛❤️💛❤️💛
69ನೇ ಕರ್ನಾಟಕ ರಾಜ್ಯೋತ್ಸವದ ಪ್ರಯುಕ್ತ ಕರ್ನಾಟಕದ 123 ಸೂಪರ್ ಮಹಿಳೆಯರನ್ನು
ಗುರುತಿಸಿ ಸ್ವರ್ಣ ಭರತ್ ಸಂಸ್ಥೆ ವತಿಯಿಂದ  ರಾಜ್ಯೋತ್ಸವ ಪ್ರಶಸ್ತಿ ನೀಡಿ ಗೌರವಿಸಲಾಗುತ್ತದೆ

123 ಮಹಿಳೆಯರು ವಿವಿಧ ಕ್ಷೇತ್ರಗಳಲ್ಲಿ ತಮ್ಮದೇ ಆದ
ವಿಶೇಷ ಸೇವೆಯನ್ನು ಸಲ್ಲಿಸಿರುತ್ತಾರೆ ಅಂತವರನ್ನು ಗುರುತಿಸಿ ಸ್ವರ್ಣ ಭಾರತ ಕರ್ನಾಟಕ ರಾಜ್ಯೋತ್ಸವ
 ಪ್ರಶಸ್ತಿ ನೀಡಿ ಗೌರವಿಸಲಾಗುವುದು

123 ನಿಮಿಷದಲ್ಲಿ 123 ಮಹಿಳೆಯರಿಗೆ
 ಪ್ರಶಸ್ತಿ ನೀಡಿ ಗೌರವಿಸಲಾಗುವುದು

ಈ ವಿಭಿನ್ನ ಪ್ರಯತ್ನವನ್ನು ಸ್ವರ್ಣ 
 ಭರತ್ ಸಂಸ್ಥೆ ವತಿಯಿಂದ ಡಾಕ್ಟರ್ ರಜನಿ ಸಂತೋಷ್ ರವರ ನೇತೃತ್ವದಲ್ಲಿ 
 ನಡೆಸಿಕೊಡಲಾಗುವುದು
ಈ ವಿಶೇಷ ಕಾರ್ಯಕ್ರಮವನ್ನು
 ರೆಕಾರ್ಡ್ ಎಂದು ಪರಿಗಣಿಸಿ ಭಾರತ್ ಬುಕ್ ಆಫ್ ರೆಕಾರ್ಡ್ ಸಂಸ್ಥೆ ವತಿಯಿಂದ
ಇದನ್ನು ರೆಕಾರ್ಡ್ ಬುಕ್ಕಿಗೆ ಸೇರಿಸಲಾಯಿತು",TRUE,FALSE,FALSE,FALSE,FALSE,2024-11-21T10:37:30+0000
107248091187807_982007070637869,https://scontent.fccu3-1.fna.fbcdn.net/v/t39.30808-6/485770058_1070771995094709_4206603333288165643_n.jpg?stp=dst-jpg_p720x720_tt6&_nc_cat=104&ccb=1-7&_nc_sid=833d8c&_nc_ohc=sOPh8r8o3xoQ7kNvwFwy7SP&_nc_oc=Adq_7GnA9BLs-M4Jg4_Hg0mv3T3C3x_j8GxgPhVNGlTmrOqfL3tDtgeOvhvhZ8paS-Y&_nc_zt=23&_nc_ht=scontent.fccu3-1.fna&edm=AKIiGfEEAAAA&_nc_gid=jIDcoEo8ydDjwMH59YSwqg&_nc_tpa=Q5bMBQHNJAPz9veVHQvvC3_jxpXaoREbxqv_FVLINmEvPtDolesU4rcCruuRDTBZ97QSRNddVG17W0FcVw&oh=00_Af5JFXCJeXGTyVsAfWfKgjOwy6RMORraLmXbL0ad0EZHqQ&oe=6A18E319,https://scontent.fccu3-1.fna.fbcdn.net/v/t39.30808-6/485770058_1070771995094709_4206603333288165643_n.jpg?stp=dst-jpg_p720x720_tt6&_nc_cat=104&ccb=1-7&_nc_sid=833d8c&_nc_ohc=sOPh8r8o3xoQ7kNvwFwy7SP&_nc_oc=Adq_7GnA9BLs-M4Jg4_Hg0mv3T3C3x_j8GxgPhVNGlTmrOqfL3tDtgeOvhvhZ8paS-Y&_nc_zt=23&_nc_ht=scontent.fccu3-1.fna&edm=AKIiGfEEAAAA&_nc_gid=jIDcoEo8ydDjwMH59YSwqg&_nc_tpa=Q5bMBQEM_luinQdvkCIO_xBlFyt9osrTEz9RFp8c_DCjFjdP1A_OI6AML1t9CZEd_y3MzwA83P6FZ1XCGA&oh=00_Af7Ww9v_B0wnxwxbh5lio78bjNKkfCw7rDA51b8PDAxVHg&oe=6A18E319,https://www.facebook.com/1425872462917992/posts/982007070637869,720,724,album,album,,https://www.facebook.com/1425872462917992/posts/982007070637869,"#Bharat Book of Records 
#SwarnaBharat
#KannadaRajyotsava
#NewspaperArticles
💛❤️💛❤️💛❤️💛❤️💛❤️💛❤️💛❤️💛❤️💛
69ನೇ ಕರ್ನಾಟಕ ರಾಜ್ಯೋತ್ಸವದ ಪ್ರಯುಕ್ತ ಕರ್ನಾಟಕದ 123 ಸೂಪರ್ ಮಹಿಳೆಯರನ್ನು
ಗುರುತಿಸಿ ಸ್ವರ್ಣ ಭರತ್ ಸಂಸ್ಥೆ ವತಿಯಿಂದ  ರಾಜ್ಯೋತ್ಸವ ಪ್ರಶಸ್ತಿ ನೀಡಿ ಗೌರವಿಸಲಾಗುತ್ತದೆ

123 ಮಹಿಳೆಯರು ವಿವಿಧ ಕ್ಷೇತ್ರಗಳಲ್ಲಿ ತಮ್ಮದೇ ಆದ
ವಿಶೇಷ ಸೇವೆಯನ್ನು ಸಲ್ಲಿಸಿರುತ್ತಾರೆ ಅಂತವರನ್ನು ಗುರುತಿಸಿ ಸ್ವರ್ಣ ಭಾರತ ಕರ್ನಾಟಕ ರಾಜ್ಯೋತ್ಸವ
 ಪ್ರಶಸ್ತಿ ನೀಡಿ ಗೌರವಿಸಲಾಗುವುದು

123 ನಿಮಿಷದಲ್ಲಿ 123 ಮಹಿಳೆಯರಿಗೆ
 ಪ್ರಶಸ್ತಿ ನೀಡಿ ಗೌರವಿಸಲಾಗುವುದು

ಈ ವಿಭಿನ್ನ ಪ್ರಯತ್ನವನ್ನು ಸ್ವರ್ಣ 
 ಭರತ್ ಸಂಸ್ಥೆ ವತಿಯಿಂದ ಡಾಕ್ಟರ್ ರಜನಿ ಸಂತೋಷ್ ರವರ ನೇತೃತ್ವದಲ್ಲಿ 
 ನಡೆಸಿಕೊಡಲಾಗುವುದು
ಈ ವಿಶೇಷ ಕಾರ್ಯಕ್ರಮವನ್ನು
 ರೆಕಾರ್ಡ್ ಎಂದು ಪರಿಗಣಿಸಿ ಭಾರತ್ ಬುಕ್ ಆಫ್ ರೆಕಾರ್ಡ್ ಸಂಸ್ಥೆ ವತಿಯಿಂದ
ಇದನ್ನು ರೆಕಾರ್ಡ್ ಬುಕ್ಕಿಗೆ ಸೇರಿಸಲಾಯಿತು",TRUE,FALSE,FALSE,FALSE,FALSE,2024-11-21T10:36:17+0000
107248091187807_695658689272710,https://scontent.fccu3-1.fna.fbcdn.net/v/t39.30808-6/480826458_1052865156885393_2203209463738216137_n.jpg?stp=dst-jpg_s960x960_tt6&_nc_cat=106&ccb=1-7&_nc_sid=833d8c&_nc_ohc=sZhylgm07ZAQ7kNvwGEywNt&_nc_oc=AdoKSgUD2PE5nu8RF5BwFEGZoXGa5yC06UHaSNLyhyNTuFnHgkcm5oBYPQi34Up5pXM&_nc_zt=23&_nc_ht=scontent.fccu3-1.fna&edm=AKIiGfEEAAAA&_nc_gid=jIDcoEo8ydDjwMH59YSwqg&_nc_tpa=Q5bMBQHpJrCQoBh9HSx3meK-4-Tk-spNXysTMke-wgJgplW5E1P50rGrz_JydkeiSFP3c1YSoiUjljlq9g&oh=00_Af7_MBtIlg4nTK9fHH3gYC4rM0B9LKtNC0zsYtIFfaxjUw&oe=6A18CD97,https://scontent.fccu3-1.fna.fbcdn.net/v/t39.30808-6/480826458_1052865156885393_2203209463738216137_n.jpg?stp=dst-jpg_s960x960_tt6&_nc_cat=106&ccb=1-7&_nc_sid=833d8c&_nc_ohc=sZhylgm07ZAQ7kNvwGEywNt&_nc_oc=AdoKSgUD2PE5nu8RF5BwFEGZoXGa5yC06UHaSNLyhyNTuFnHgkcm5oBYPQi34Up5pXM&_nc_zt=23&_nc_ht=scontent.fccu3-1.fna&edm=AKIiGfEEAAAA&_nc_gid=jIDcoEo8ydDjwMH59YSwqg&_nc_tpa=Q5bMBQF83azBkQu5EI6lTtMClutJfLDo59ZVXfFxYSPg1oj_-qaDEjTZB69YAWfVQUcT7oHb2UpUqYdQJA&oh=00_Af4mZucBnAfrXkOwsD6lKCsWYGZBtuWbbqrYT9NTp4P0PA&oe=6A18CD97,https://www.facebook.com/photo.php?fbid=695658659272713&set=a.448214567350458&type=3,960,720,photo,photo,"#Bharat_Book_Of_Records
🇮🇳🏅🇮🇳🏅🇮🇳🏅🇮🇳🏅🇮🇳🏅🇮🇳🏅🇮🇳🏅🇮🇳🏅🇮🇳
#Record_Holder

Smt. SMITHA PRABHU

For demonstrating the outstanding talent of Performing Vrikshana Yoga continuously for 20 minutes on 06th January 2023 at Bangaluru Karnataka. Your talent has been verified approved and accepted to be a part of The prestigious book
BHARAT BOOK OF RECORDS",https://www.facebook.com/1425872462917992/posts/695658689272710,"#Bharat_Book_Of_Records
🇮🇳🏅🇮🇳🏅🇮🇳🏅🇮🇳🏅🇮🇳🏅🇮🇳🏅🇮🇳🏅🇮🇳🏅🇮🇳
#Record_Holder

Smt. SMITHA PRABHU

For demonstrating the outstanding talent of Performing Vrikshana Yoga continuously for 20 minutes on 06th January 2023 at Bangaluru Karnataka. Your talent has been verified approved and accepted to be a part of The prestigious book
BHARAT BOOK OF RECORDS",TRUE,FALSE,FALSE,FALSE,FALSE,2023-09-09T08:01:35+0000
107248091187807_685441483627764,https://scontent.fccu31-1.fna.fbcdn.net/v/t39.30808-6/480644271_1052416470263595_171085013361480387_n.jpg?stp=dst-jpg_p720x720_tt6&_nc_cat=100&ccb=1-7&_nc_sid=833d8c&_nc_ohc=psHjEax3DJQQ7kNvwFpneIa&_nc_oc=AdrDEzEpWbgSrbeEFvi1gG_Kl9aHf_MAE995rzZOIT1LHcoctFjGzPE6B6fs8QjlbY8&_nc_zt=23&_nc_ht=scontent.fccu31-1.fna&edm=AKIiGfEEAAAA&_nc_gid=jIDcoEo8ydDjwMH59YSwqg&_nc_tpa=Q5bMBQF4xwRD-BNJ0v-o0wPCTZZmp-y4PLay5WWMgtLkhD2tY-FsjHVS6eZEzlAw1Pl0CglEqQLW5GrMHg&oh=00_Af5MtmyUecEzDubbxo__N-7m-qVMje6F0YRQQKD-4tq86A&oe=6A18EDBE,https://scontent.fccu31-1.fna.fbcdn.net/v/t39.30808-6/480644271_1052416470263595_171085013361480387_n.jpg?stp=dst-jpg_p720x720_tt6&_nc_cat=100&ccb=1-7&_nc_sid=833d8c&_nc_ohc=psHjEax3DJQQ7kNvwFpneIa&_nc_oc=AdrDEzEpWbgSrbeEFvi1gG_Kl9aHf_MAE995rzZOIT1LHcoctFjGzPE6B6fs8QjlbY8&_nc_zt=23&_nc_ht=scontent.fccu31-1.fna&edm=AKIiGfEEAAAA&_nc_gid=jIDcoEo8ydDjwMH59YSwqg&_nc_tpa=Q5bMBQE4WntQB6YnqBgLDaL9ul7SRr_wLddngTG0DQkH17CrvIHLwAjqO_l3mTsaTN0Wgbd8rd8crdoQCA&oh=00_Af41LjQCuEpB6I0elrZVRGuUafWgW5ierUEO721ILuSnaA&oe=6A18EDBE,https://www.facebook.com/1425872462917992/posts/685441483627764,973,720,album,album,,https://www.facebook.com/1425872462917992/posts/685441483627764,"#Bharat_Book_Of_Records
🇮🇳🏅🇮🇳🏅🇮🇳🏅🇮🇳🏅🇮🇳🏅🇮🇳🏅🇮🇳🏅🇮🇳🏅🇮🇳
#Record_Holder

🇮🇳🇮🇳🇮🇳🇮🇳🇮🇳🇮🇳🇮🇳🇮🇳🇮🇳🇮🇳🇮🇳🇮🇳🇮🇳🇮🇳🇮🇳🇮🇳
On Occasion of  76th Independence day
 Vijaya Bharathi Public School
created a record of 760 Indian flags in 760 seconds by 760 students,
 ""Bharat Book Of Records""
🇮🇳🇮🇳🇮🇳🇮🇳🇮🇳🇮🇳🇮🇳🇮🇳🇮🇳🇮🇳🇮🇳🇮🇳🇮🇳🇮🇳🇮🇳🇮🇳🇮🇳",TRUE,FALSE,FALSE,FALSE,FALSE,2023-08-21T16:08:59+0000
107248091187807_685440436961202,https://scontent.fccu31-2.fna.fbcdn.net/v/t39.30808-6/480694633_1052416706930238_874824339746658623_n.jpg?stp=dst-jpg_p720x720_tt6&_nc_cat=109&ccb=1-7&_nc_sid=833d8c&_nc_ohc=iJJ4Sn_zy64Q7kNvwE36QmB&_nc_oc=AdrkRHdylbe40GazHvpaRqvrnJTVuC8v99hMpIPdNQk3G9hYQ2ZYiRM0E1m4Ebp_ndw&_nc_zt=23&_nc_ht=scontent.fccu31-2.fna&edm=AKIiGfEEAAAA&_nc_gid=jIDcoEo8ydDjwMH59YSwqg&_nc_tpa=Q5bMBQHeNyIUMdnDDiy4VK5pWMsXavf08KVIgXizXHXk27_CulpJQAWbiH7CyDZeSScRalDI6KazWrneGQ&oh=00_Af4OweG_y_FXMD8j3vTEtrG-61iDO04lhADrmSINFHgYVg&oe=6A18C8EA,https://scontent.fccu31-2.fna.fbcdn.net/v/t39.30808-6/480694633_1052416706930238_874824339746658623_n.jpg?stp=dst-jpg_p720x720_tt6&_nc_cat=109&ccb=1-7&_nc_sid=833d8c&_nc_ohc=iJJ4Sn_zy64Q7kNvwE36QmB&_nc_oc=AdrkRHdylbe40GazHvpaRqvrnJTVuC8v99hMpIPdNQk3G9hYQ2ZYiRM0E1m4Ebp_ndw&_nc_zt=23&_nc_ht=scontent.fccu31-2.fna&edm=AKIiGfEEAAAA&_nc_gid=jIDcoEo8ydDjwMH59YSwqg&_nc_tpa=Q5bMBQERgpXjcHOolBYpeL7wMSPCdnDv7EgifuPhwnhwwCba65_K9uHxrDXpdpK6KFyGZMQEhFPQmDC5Dg&oh=00_Af63_oaQv6VdGQrRSz2YlMbp_-a4kwkKLagA8AMzdX0S7w&oe=6A18C8EA,https://www.facebook.com/1425872462917992/posts/685440436961202,809,720,album,album,,https://www.facebook.com/1425872462917992/posts/685440436961202,"#Bharat_Book_Of_Records
🇮🇳🏅🇮🇳🏅🇮🇳🏅🇮🇳🏅🇮🇳🏅🇮🇳🏅🇮🇳🏅🇮🇳🏅🇮🇳
#Record_Holder

🇮🇳🇮🇳🇮🇳🇮🇳🇮🇳🇮🇳🇮🇳🇮🇳🇮🇳🇮🇳🇮🇳🇮🇳🇮🇳🇮🇳🇮🇳🇮🇳
On Occasion of  76th Independence day
 S V N ENGLISH HIGH SCHOOL THANISANDRA
created a record of 760 Indian flags in 760 seconds by 760 students,
 ""Bharat Book Of Records""
🇮🇳🇮🇳🇮🇳🇮🇳🇮🇳🇮🇳🇮🇳🇮🇳🇮🇳🇮🇳🇮🇳🇮🇳🇮🇳🇮🇳🇮🇳🇮🇳🇮🇳",TRUE,FALSE,FALSE,FALSE,FALSE,2023-08-21T16:07:16+0000
107248091187807_685439420294637,https://scontent.fccu31-1.fna.fbcdn.net/v/t39.30808-6/481071938_1052416743596901_8442364039961822230_n.jpg?_nc_cat=107&ccb=1-7&_nc_sid=833d8c&_nc_ohc=00OD8YKFHAAQ7kNvwFWvwL9&_nc_oc=AdotE8n_iGt-J8PUZ2J-Nj8sJf8201UrVovnj-8hIgqTyqIYDfgRFWc7iI2iCphjryg&_nc_zt=23&_nc_ht=scontent.fccu31-1.fna&edm=AKIiGfEEAAAA&_nc_gid=jIDcoEo8ydDjwMH59YSwqg&_nc_tpa=Q5bMBQH0_EZaqsAm5EuHOLz_S8VxNQbvkQ50PIeHz8dc4sPW9h4Q8kNh2Opy38EDBPkIkhZAUBbHUOQY2w&oh=00_Af4cVWsrghWm24GnJk1dHJzPihoJC4IE22bg5Qp1jboGhw&oe=6A18BE1E,https://scontent.fccu31-1.fna.fbcdn.net/v/t39.30808-6/481071938_1052416743596901_8442364039961822230_n.jpg?_nc_cat=107&ccb=1-7&_nc_sid=833d8c&_nc_ohc=00OD8YKFHAAQ7kNvwFWvwL9&_nc_oc=AdotE8n_iGt-J8PUZ2J-Nj8sJf8201UrVovnj-8hIgqTyqIYDfgRFWc7iI2iCphjryg&_nc_zt=23&_nc_ht=scontent.fccu31-1.fna&edm=AKIiGfEEAAAA&_nc_gid=jIDcoEo8ydDjwMH59YSwqg&_nc_tpa=Q5bMBQFTzyrT8mdBJtV88LjjlpXSMdhRcMkfox1bw6e7El1POhpw58HShuMplgOPjDebazjNQcvnoUZaCQ&oh=00_Af5YE1fUds2ifIfjYpnrVU8eo34LQ80B9bUcF0AUTKc6Hw&oe=6A18BE1E,https://www.facebook.com/1425872462917992/posts/685439420294637,690,738,album,album,,https://www.facebook.com/1425872462917992/posts/685439420294637,"#Bharat_Book_Of_Records
🇮🇳🏅🇮🇳🏅🇮🇳🏅🇮🇳🏅🇮🇳🏅🇮🇳🏅🇮🇳🏅🇮🇳🏅🇮🇳
#Record_Holder

🇮🇳🇮🇳🇮🇳🇮🇳🇮🇳🇮🇳🇮🇳🇮🇳🇮🇳🇮🇳🇮🇳🇮🇳🇮🇳🇮🇳🇮🇳🇮🇳
On Occasion of  76th Independence day
 Sri Sri Ravishankar Vidya Mandir, Bangalore South Students
created a record of 760 Indian flags in 760 seconds by 760 students,
 ""Bharat Book Of Records""
🇮🇳🇮🇳🇮🇳🇮🇳🇮🇳🇮🇳🇮🇳🇮🇳🇮🇳🇮🇳🇮🇳🇮🇳🇮🇳🇮🇳🇮🇳🇮🇳🇮🇳",TRUE,FALSE,FALSE,FALSE,FALSE,2023-08-21T16:06:01+0000
107248091187807_685434576961788,https://scontent.fccu3-1.fna.fbcdn.net/v/t15.5256-10/369626664_172788669166613_6291283175952250148_n.jpg?_nc_cat=102&ccb=1-7&_nc_sid=54741f&_nc_ohc=2MbxvW3MukYQ7kNvwGy0vqN&_nc_oc=Adqe5iAXa3VAEDeCSvrJtqMXIhtl9gz6wh5TtQRzixKlvZUIZbAWiftgN-x81PZze4k&_nc_zt=23&_nc_ht=scontent.fccu3-1.fna&edm=AKIiGfEEAAAA&_nc_gid=jIDcoEo8ydDjwMH59YSwqg&_nc_tpa=Q5bMBQFRYkZojjzuu8wAkyUxE1-UZ0yvtoM2uh7uArP7Boo54DOQX1aJH3jw2VqJbokWjdvVA1w05Zl41Q&oh=00_Af42-wkTV4EyoLJcLNgezRZpfqvsAHKyAwVwB_1w7Ewg_A&oe=6A18D830,https://scontent.fccu3-1.fna.fbcdn.net/v/t15.5256-10/369626664_172788669166613_6291283175952250148_n.jpg?_nc_cat=102&ccb=1-7&_nc_sid=54741f&_nc_ohc=2MbxvW3MukYQ7kNvwGy0vqN&_nc_oc=Adqe5iAXa3VAEDeCSvrJtqMXIhtl9gz6wh5TtQRzixKlvZUIZbAWiftgN-x81PZze4k&_nc_zt=23&_nc_ht=scontent.fccu3-1.fna&edm=AKIiGfEEAAAA&_nc_gid=jIDcoEo8ydDjwMH59YSwqg&_nc_tpa=Q5bMBQESsJK2DbjVcxp9jurnrAev-xGxHvISiwKnf-cCWe_7Kev0Omjeonz6QWgoEdQwJLI_VSiNCwM9Cg&oh=00_Af7NBThG7slQnE8BoAir1_3EAre3mUlUb_kU5ga1rQCFfA&oe=6A18D830,https://www.facebook.com/1425872462917992/videos/812731137240292,360,640,video,video_inline,,https://www.facebook.com/1425872462917992/videos/812731137240292,"#Bharat_Book_Of_Records
🇮🇳🏅🇮🇳🏅🇮🇳🏅🇮🇳🏅🇮🇳🏅🇮🇳🏅🇮🇳🏅🇮🇳🏅🇮🇳
#Record_Holder

🇮🇳🇮🇳🇮🇳🇮🇳🇮🇳🇮🇳🇮🇳🇮🇳🇮🇳🇮🇳🇮🇳🇮🇳🇮🇳🇮🇳🇮🇳🇮🇳
On Occasion of  76th Independence day
 Vijaya Bharathi Public School
created a record of 760 Indian flags in 760 seconds by 760 students,
 ""Bharat Book Of Records""
🇮🇳🇮🇳🇮🇳🇮🇳🇮🇳🇮🇳🇮🇳🇮🇳🇮🇳🇮🇳🇮🇳🇮🇳🇮🇳🇮🇳🇮🇳🇮🇳🇮🇳",TRUE,FALSE,FALSE,FALSE,FALSE,2023-08-21T15:57:08+0000
107248091187807_685434266961819,https://scontent.fccu31-1.fna.fbcdn.net/v/t15.5256-10/369535562_284411880887010_6624295811087408558_n.jpg?_nc_cat=107&ccb=1-7&_nc_sid=54741f&_nc_ohc=YcgyCmSggJ8Q7kNvwHT2QUu&_nc_oc=Ado57j245Yy90DHbnGy7gxrEvrko9Dn0rWTRoFEvuToq3nRbLeG25O5EVz8zfOfcu28&_nc_zt=23&_nc_ht=scontent.fccu31-1.fna&edm=AKIiGfEEAAAA&_nc_gid=jIDcoEo8ydDjwMH59YSwqg&_nc_tpa=Q5bMBQF8MRp0Bw1EnaLntvWXEir1EitJZayK7apbwdKtLlvPHUtZ_xwMYXnHZGDqYFTszDk_rOJmz75xFA&oh=00_Af4nJn0y-3db0gVWwWnunrxcQAuhFHxRvpAQqbDQWvAK8A&oe=6A18C11F,https://scontent.fccu31-1.fna.fbcdn.net/v/t15.5256-10/369535562_284411880887010_6624295811087408558_n.jpg?_nc_cat=107&ccb=1-7&_nc_sid=54741f&_nc_ohc=YcgyCmSggJ8Q7kNvwHT2QUu&_nc_oc=Ado57j245Yy90DHbnGy7gxrEvrko9Dn0rWTRoFEvuToq3nRbLeG25O5EVz8zfOfcu28&_nc_zt=23&_nc_ht=scontent.fccu31-1.fna&edm=AKIiGfEEAAAA&_nc_gid=jIDcoEo8ydDjwMH59YSwqg&_nc_tpa=Q5bMBQGeS3jYKhigIUhEJZPJmglxJMlkjbNXWYdwQuxoDdaQDrs6ZMG5J4uvdKPimIAe5fPB-dygRbBbeA&oh=00_Af445vtrv4OVqR1UKK7rGp_pfActTtivgsWZnmWniHaDBw&oe=6A18C11F,https://www.facebook.com/1425872462917992/videos/1317626765849600,360,640,video,video_inline,,https://www.facebook.com/1425872462917992/videos/1317626765849600,"#Bharat_Book_Of_Records
🇮🇳🏅🇮🇳🏅🇮🇳🏅🇮🇳🏅🇮🇳🏅🇮🇳🏅🇮🇳🏅🇮🇳🏅🇮🇳
#Record_Holder

🇮🇳🇮🇳🇮🇳🇮🇳🇮🇳🇮🇳🇮🇳🇮🇳🇮🇳🇮🇳🇮🇳🇮🇳🇮🇳🇮🇳🇮🇳🇮🇳
On Occasion of  76th Independence day
 Sri Sri Ravishankar Vidya Mandir, Bangalore South Students
created a record of 760 Indian flags in 760 seconds by 760 students,
 ""Bharat Book Of Records""
🇮🇳🇮🇳🇮🇳🇮🇳🇮🇳🇮🇳🇮🇳🇮🇳🇮🇳🇮🇳🇮🇳🇮🇳🇮🇳🇮🇳🇮🇳🇮🇳🇮🇳",TRUE,FALSE,FALSE,FALSE,FALSE,2023-08-21T15:57:04+0000
107248091187807_682749910563588,https://scontent.fccu31-2.fna.fbcdn.net/v/t39.30808-6/481149877_1052402546931654_4874842282883704186_n.jpg?stp=dst-jpg_s1080x2048_tt6&_nc_cat=103&ccb=1-7&_nc_sid=833d8c&_nc_ohc=VgA1BcAOo1gQ7kNvwGLfhtY&_nc_oc=AdoPcl2rgiuRh8I2H9XQRIJulxMAc5XXQ-7Pb_ODFYfbQSCmA8I6QGQO3qVU4Ozju5k&_nc_zt=23&_nc_ht=scontent.fccu31-2.fna&edm=AKIiGfEEAAAA&_nc_gid=jIDcoEo8ydDjwMH59YSwqg&_nc_tpa=Q5bMBQEx-MyHPiyrQiYpGW1nvIkuvvichFTzTBNaWAXTIlR7Cl-sjoEDKjuIC-Mf2oZrhwRASfhfPnAR3g&oh=00_Af62-b3N557PD1isEER6U_N4Bo2aH2jbQ9oMGIl6elzy9g&oe=6A18E4E5,https://scontent.fccu31-2.fna.fbcdn.net/v/t39.30808-6/481149877_1052402546931654_4874842282883704186_n.jpg?stp=dst-jpg_s1080x2048_tt6&_nc_cat=103&ccb=1-7&_nc_sid=833d8c&_nc_ohc=VgA1BcAOo1gQ7kNvwGLfhtY&_nc_oc=AdoPcl2rgiuRh8I2H9XQRIJulxMAc5XXQ-7Pb_ODFYfbQSCmA8I6QGQO3qVU4Ozju5k&_nc_zt=23&_nc_ht=scontent.fccu31-2.fna&edm=AKIiGfEEAAAA&_nc_gid=jIDcoEo8ydDjwMH59YSwqg&_nc_tpa=Q5bMBQEaOgQW6GkhYzI_wl_LbUEs6LbXmYAqxU9Nk5OGiZ-0ntVJfkFfYI3P-Wk4gD42Mkb-oSYXd-ePtw&oh=00_Af5YtfZjJz278QMgj51_njUTy3JuZLU5FhaVObr6-5GBzQ&oe=6A18E4E5,https://www.facebook.com/photo.php?fbid=682749893896923&set=a.448214567350458&type=3,720,1080,photo,photo,"#Bharat_Book_Of_Records
🇮🇳🏅🇮🇳🏅🇮🇳🏅🇮🇳🏅🇮🇳🏅🇮🇳🏅🇮🇳🏅🇮🇳🏅🇮🇳
#Record_Holder

🇮🇳🇮🇳🇮🇳🇮🇳🇮🇳🇮🇳🇮🇳🇮🇳🇮🇳🇮🇳🇮🇳🇮🇳🇮🇳🇮🇳🇮🇳🇮🇳
On Occasion of  76th Independence day
 S V N ENGLISH HIGH SCHOOL THANISANDRA
created a record of 760 Indian flags in 760 seconds by 760 students,
 ""Bharat Book Of Records""
🇮🇳🇮🇳🇮🇳🇮🇳🇮🇳🇮🇳🇮🇳🇮🇳🇮🇳🇮🇳🇮🇳🇮🇳🇮🇳🇮🇳🇮🇳🇮🇳🇮🇳",https://www.facebook.com/1425872462917992/posts/682749910563588,"#Bharat_Book_Of_Records
🇮🇳🏅🇮🇳🏅🇮🇳🏅🇮🇳🏅🇮🇳🏅🇮🇳🏅🇮🇳🏅🇮🇳🏅🇮🇳
#Record_Holder

🇮🇳🇮🇳🇮🇳🇮🇳🇮🇳🇮🇳🇮🇳🇮🇳🇮🇳🇮🇳🇮🇳🇮🇳🇮🇳🇮🇳🇮🇳🇮🇳
On Occasion of  76th Independence day
 S V N ENGLISH HIGH SCHOOL THANISANDRA
created a record of 760 Indian flags in 760 seconds by 760 students,
 ""Bharat Book Of Records""
🇮🇳🇮🇳🇮🇳🇮🇳🇮🇳🇮🇳🇮🇳🇮🇳🇮🇳🇮🇳🇮🇳🇮🇳🇮🇳🇮🇳🇮🇳🇮🇳🇮🇳",TRUE,FALSE,FALSE,FALSE,FALSE,2023-08-16T16:02:13+0000
107248091187807_682747327230513,https://scontent.fccu31-1.fna.fbcdn.net/v/t15.5256-10/365942448_654068956786474_7716540142472824682_n.jpg?_nc_cat=100&ccb=1-7&_nc_sid=54741f&_nc_ohc=RSNuxS_BIMgQ7kNvwFsvF2m&_nc_oc=AdpA3ia3lRBCOsAg1_g5czeVCUeHRv105Wgo3o-NMqbj4_7ELEYZ_oO8Vee0iMht6yc&_nc_zt=23&_nc_ht=scontent.fccu31-1.fna&edm=AKIiGfEEAAAA&_nc_gid=jIDcoEo8ydDjwMH59YSwqg&_nc_tpa=Q5bMBQGmkUqfpFBICnAt0x1D89AAXRop5Hjm6Hz0ePtRbru1tpMbrkjo5jjzDyf7T-FbEQI7pIOoEkbvOA&oh=00_Af6Ur4KITh50_jVJNV7h1VSLZnbTziYpIwKoMd3luwoU3Q&oe=6A18BB84,https://scontent.fccu31-1.fna.fbcdn.net/v/t15.5256-10/365942448_654068956786474_7716540142472824682_n.jpg?stp=dst-jpg_s720x720_tt6&_nc_cat=100&ccb=1-7&_nc_sid=54741f&_nc_ohc=RSNuxS_BIMgQ7kNvwFsvF2m&_nc_oc=AdpA3ia3lRBCOsAg1_g5czeVCUeHRv105Wgo3o-NMqbj4_7ELEYZ_oO8Vee0iMht6yc&_nc_zt=23&_nc_ht=scontent.fccu31-1.fna&edm=AKIiGfEEAAAA&_nc_gid=jIDcoEo8ydDjwMH59YSwqg&_nc_tpa=Q5bMBQHakYayuDhQd7n_gRx54CC6NRKpKiw1Z5S-gnutaSFgzdQcU7p-2XD0UTOugI9GhOlaODtDwrIhYA&oh=00_Af5_fdG1x9FdfxGMElJViE8jxpDLoWseYUS8Rgb1zkC0BA&oe=6A18BB84,https://www.facebook.com/1425872462917992/videos/780456630538348,405,720,video,video_inline,,https://www.facebook.com/1425872462917992/videos/780456630538348,"#Bharat_Book_Of_Records
🇮🇳🏅🇮🇳🏅🇮🇳🏅🇮🇳🏅🇮🇳🏅🇮🇳🏅🇮🇳🏅🇮🇳🏅🇮🇳
#Record_Holder

🇮🇳🇮🇳🇮🇳🇮🇳🇮🇳🇮🇳🇮🇳🇮🇳🇮🇳🇮🇳🇮🇳🇮🇳🇮🇳🇮🇳🇮🇳🇮🇳
On Occasion of  76th Independence day
 S V N ENGLISH HIGH SCHOOL THANISANDRA
created a record of 760 Indian flags in 760 seconds by 760 students,
 ""Bharat Book Of Records""
🇮🇳🇮🇳🇮🇳🇮🇳🇮🇳🇮🇳🇮🇳🇮🇳🇮🇳🇮🇳🇮🇳🇮🇳🇮🇳🇮🇳🇮🇳🇮🇳🇮🇳",TRUE,FALSE,FALSE,FALSE,FALSE,2023-08-16T15:57:08+0000
107248091187807_682283577276888,https://scontent.fccu31-2.fna.fbcdn.net/v/t15.5256-10/364434830_311984904693372_5617789368281673299_n.jpg?_nc_cat=103&ccb=1-7&_nc_sid=54741f&_nc_ohc=bGsfvywxB9QQ7kNvwGLQs11&_nc_oc=Adp4lEZ1g3FlP77Nk0lMIvw5lOJDSHGp1uqYHRYvzExCwTeb1pJ5UQE7d5uYmgEY6UE&_nc_zt=23&_nc_ht=scontent.fccu31-2.fna&edm=AKIiGfEEAAAA&_nc_gid=jIDcoEo8ydDjwMH59YSwqg&_nc_tpa=Q5bMBQENJTpHLVuNoP9kMgZVRZzGc4vYQuD6H-hLZMnuqfVpOPXglWrHRu9JUq3r7G0y5PLTUcAYFAA73g&oh=00_Af5iRD2Xx9_YNfLxMK_BCjxa_VSUlKyLGk7YHFtEz-43jw&oe=6A18EC16,https://scontent.fccu31-2.fna.fbcdn.net/v/t15.5256-10/364434830_311984904693372_5617789368281673299_n.jpg?stp=dst-jpg_s720x720_tt6&_nc_cat=103&ccb=1-7&_nc_sid=54741f&_nc_ohc=bGsfvywxB9QQ7kNvwGLQs11&_nc_oc=Adp4lEZ1g3FlP77Nk0lMIvw5lOJDSHGp1uqYHRYvzExCwTeb1pJ5UQE7d5uYmgEY6UE&_nc_zt=23&_nc_ht=scontent.fccu31-2.fna&edm=AKIiGfEEAAAA&_nc_gid=jIDcoEo8ydDjwMH59YSwqg&_nc_tpa=Q5bMBQF_wPdyk2texuWA3HuvRCNEX5G1EvbBzs6HOkkJV5nW8ByK4ye-m0ofZnxBJEHNp8F5krGueD-uOQ&oh=00_Af7metAjfQl0zkf-jyBX6tm9KKiib1YPTKoFEShiSUmdbA&oe=6A18EC16,https://www.facebook.com/1425872462917992/videos/664011355610037,405,720,video,video_inline,,https://www.facebook.com/1425872462917992/videos/664011355610037,"#Bharat_Book_Of_Records
🇮🇳🏅🇮🇳🏅🇮🇳🏅🇮🇳🏅🇮🇳🏅🇮🇳🏅🇮🇳🏅🇮🇳🏅🇮🇳
#Record_Holder

🇮🇳🇮🇳🇮🇳🇮🇳🇮🇳🇮🇳🇮🇳🇮🇳🇮🇳🇮🇳🇮🇳🇮🇳🇮🇳🇮🇳🇮🇳🇮🇳
On Occasion of  76th Independence day
 S V N ENGLISH HIGH SCHOOL #NAGAWARA
created a record of 760 Indian flags in 760 seconds by 760 students,
 ""Bharat Book Of Records""
🇮🇳🇮🇳🇮🇳🇮🇳🇮🇳🇮🇳🇮🇳🇮🇳🇮🇳🇮🇳🇮🇳🇮🇳🇮🇳🇮🇳🇮🇳🇮🇳🇮🇳",TRUE,FALSE,FALSE,FALSE,FALSE,2023-08-15T18:33:13+0000
107248091187807_670299255141987,https://scontent.fccu31-2.fna.fbcdn.net/v/t39.30808-6/481114762_1051488670356375_4819585320399032162_n.jpg?stp=dst-jpg_p720x720_tt6&_nc_cat=103&ccb=1-7&_nc_sid=833d8c&_nc_ohc=URFK5XxjkIAQ7kNvwEQRTIj&_nc_oc=AdoNkKW5UZAcxpUZIlkM51AqPapElubdi1lqUeC7X64Wtuy-lh5EyxybT5_89CO9p7k&_nc_zt=23&_nc_ht=scontent.fccu31-2.fna&edm=AKIiGfEEAAAA&_nc_gid=jIDcoEo8ydDjwMH59YSwqg&_nc_tpa=Q5bMBQEviczlN_xl-U6o7t-qnnw_xscJpXFaeRXl7Z8aQuynT-CzkHVV-KA_jQ2iDMU_7fuBsXi9jDm8yw&oh=00_Af6zfu3CVo4TwXuSfX8X2p4WCyBmIwA3U0sUcTtZXJIVTw&oe=6A18DFFB,https://scontent.fccu31-2.fna.fbcdn.net/v/t39.30808-6/481114762_1051488670356375_4819585320399032162_n.jpg?stp=dst-jpg_p720x720_tt6&_nc_cat=103&ccb=1-7&_nc_sid=833d8c&_nc_ohc=URFK5XxjkIAQ7kNvwEQRTIj&_nc_oc=AdoNkKW5UZAcxpUZIlkM51AqPapElubdi1lqUeC7X64Wtuy-lh5EyxybT5_89CO9p7k&_nc_zt=23&_nc_ht=scontent.fccu31-2.fna&edm=AKIiGfEEAAAA&_nc_gid=jIDcoEo8ydDjwMH59YSwqg&_nc_tpa=Q5bMBQGFZJ-C14pGxzANGKL6SkfKq1eLHW2D8Xtsc0MsdawPgjcVpYh8hi5lQn9vdh2PdV0LnSxmAMaNFg&oh=00_Af7cqshKj1fEQBTn04vznkyH8LTqKCO3HlDgLTBworkNwQ&oe=6A18DFFB,https://www.facebook.com/photo.php?fbid=670299228475323&set=a.448214567350458&type=3,986,720,photo,photo,"#Bharat_Book_Of_Records
🇮🇳🏅🇮🇳🏅🇮🇳🏅🇮🇳🏅🇮🇳🏅🇮🇳🏅🇮🇳🏅🇮🇳🏅🇮🇳
#Record_Holder
Smt. MADHURA ASHOK KUMAR
(Social Activist)

For Voluntarily donating blood for 117 times to encourage women and proved that women can also donate blood without any fear at Bengaluru Karnataka. Your service has been verified approved and accepted to be a part of The prestigious book

""Bharat Book Of Records",https://www.facebook.com/1425872462917992/posts/670299255141987,"#Bharat_Book_Of_Records
🇮🇳🏅🇮🇳🏅🇮🇳🏅🇮🇳🏅🇮🇳🏅🇮🇳🏅🇮🇳🏅🇮🇳🏅🇮🇳
#Record_Holder
Smt. MADHURA ASHOK KUMAR
(Social Activist)

For Voluntarily donating blood for 117 times to encourage women and proved that women can also donate blood without any fear at Bengaluru Karnataka. Your service has been verified approved and accepted to be a part of The prestigious book

""Bharat Book Of Records",TRUE,FALSE,FALSE,FALSE,FALSE,2023-07-25T13:01:00+0000
107248091187807_585708156934431,https://scontent.fccu31-2.fna.fbcdn.net/v/t15.5256-10/334068968_1391836058301342_3901965362899988084_n.jpg?_nc_cat=111&ccb=1-7&_nc_sid=54741f&_nc_ohc=28oHtocjFTMQ7kNvwHS4qzJ&_nc_oc=AdpoSl8XInn72H2gwxR5IdrozLOvvw-B2tIFI6Of44bIdMFJhg2609LBUmllPK3J2H4&_nc_zt=23&_nc_ht=scontent.fccu31-2.fna&edm=AKIiGfEEAAAA&_nc_gid=jIDcoEo8ydDjwMH59YSwqg&_nc_tpa=Q5bMBQHIifqK7DfEdrXB56cC6CzZZFdcTWw5O8Pw6JmQWc9KAqybhhlARHON7tT2sYnveaqZZwEVzUQ5rA&oh=00_Af57vvKstEVZ1Qdgp-lt5D_GYqNF34veuzjI_fjL_9hEjg&oe=6A18E099,https://scontent.fccu31-2.fna.fbcdn.net/v/t15.5256-10/334068968_1391836058301342_3901965362899988084_n.jpg?stp=dst-jpg_s720x720_tt6&_nc_cat=111&ccb=1-7&_nc_sid=54741f&_nc_ohc=28oHtocjFTMQ7kNvwHS4qzJ&_nc_oc=AdpoSl8XInn72H2gwxR5IdrozLOvvw-B2tIFI6Of44bIdMFJhg2609LBUmllPK3J2H4&_nc_zt=23&_nc_ht=scontent.fccu31-2.fna&edm=AKIiGfEEAAAA&_nc_gid=jIDcoEo8ydDjwMH59YSwqg&_nc_tpa=Q5bMBQE-6fhadyL8N-tkHryrX-_UDUF4t_cvq4sHVslv2Pf9x96cNrgekFKb80J4UkOBkD-qiUz41Ke54A&oh=00_Af6vpA5swJ5Kgut2Ey2WZ3W422bAbWabhdHdryciplGoPA&oe=6A18E099,https://www.facebook.com/1425872462917992/videos/518458330432341,405,720,video,video_inline,,https://www.facebook.com/1425872462917992/videos/518458330432341,"#Bharat_Book_Of_Records
🇮🇳🏅🇮🇳🏅🇮🇳🏅🇮🇳🏅🇮🇳🏅🇮🇳🏅🇮🇳🏅🇮🇳🏅🇮🇳

Successfully Participated in The International Women's day which was conducted on the 7th March 2023 inside the running train VANDE BHARAT EXPRESS Bangalore to Mysore and created a history for the first time in India by celebrating and honouring the Durga Devis of our Nation inside the running train which was appreciated  and accepted to be mentioned in the Prestigious book 
BHARAT BOOK OF RECORDS",TRUE,FALSE,FALSE,FALSE,FALSE,2023-03-09T08:26:59+0000
107248091187807_585708213601092,https://external.fccu3-1.fna.fbcdn.net/emg1/v/t13/14088980961607849954?url=https%3A%2F%2Fetvbharatimages.akamaized.net%2Fetvbharat%2Fprod-images%2F1200-900-17939749-thumbnail-4x3-sanju.jpg&fb_obo=1&utld=akamaized.net&edm=AKIiGfEEAAAA&_nc_gid=jIDcoEo8ydDjwMH59YSwqg&_nc_oc=Adq1kS9ZwLLYwrLohUp5tXVQ0-WmlO5QmJgAemqYLnwhSVXEGSt9P0HXOqUTtbIBrRw&ccb=13-1&stp=dst-emg0_fr_q75_tt6&ur=50234c&_nc_sid=64c8fc&oh=06_Q3-_AWhTHqC5SENfp_D7Cg6lWunUcNFUnQQnbVq1Bjs1Zu4F&oe=6A14E535,https://external.fccu3-1.fna.fbcdn.net/emg1/v/t13/14088980961607849954?url=https%3A%2F%2Fetvbharatimages.akamaized.net%2Fetvbharat%2Fprod-images%2F1200-900-17939749-thumbnail-4x3-sanju.jpg&fb_obo=1&utld=akamaized.net&stp=c0.5000x0.5000f_dst-emg0_p720x720_q75_tt6&edm=AKIiGfEEAAAA&_nc_gid=jIDcoEo8ydDjwMH59YSwqg&_nc_oc=Adq1kS9ZwLLYwrLohUp5tXVQ0-WmlO5QmJgAemqYLnwhSVXEGSt9P0HXOqUTtbIBrRw&ccb=13-1&oh=06_Q3-_Abx_DPLdTirJEWbA3DtDmArUU1J0DkUSOyiGjFfnQWGr&oe=6A14E535&_nc_sid=ef6713,https://l.facebook.com/l.php?u=https%3A%2F%2Fwww.etvbharat.com%2Fkannada%2Fkarnataka%2Fvideos%2Fother-videos%2Fwomens-day-program-celebration-in-moving-vande-bharat-train%2Fka20230308231034623623953&h=AUCWjW7FMb0XM8UR5-Cr-xrlvNx7-QvoNiXBCxjkP0aK9LK7Xk_oEOdoSmxWXbolVOjwk5Mr7F7ALYdX2vj-vhFopMIGou8WwcMn_7T_p3RwXgsudyJfxGc5lEffX27S&s=1,720,720,link,share,ಬೆಂಗಳೂರು : ಚಲಿಸುವ ವಂದೇ ಭಾರತ ರೈಲಿನಲ್ಲಿ ಮಹಿಳಾ ದಿನಾಚರಣೆ ಆಚರಣೆ ಕಾರ್ಯಕ್ರಮ ನಡೆದಿದೆ. ಸ್ವರ್ಣ ಭಾರತ್ ಫೌಂಡೇಶನ್ ಸಂಸ್ಥೆಯ ವತಿ....,https://www.facebook.com/1425872462917992/posts/585708213601092,https://www.etvbharat.com/kannada/karnataka/videos/other-videos/womens-day-program-celebration-in-moving-vande-bharat-train/ka20230308231034623623953,TRUE,FALSE,FALSE,FALSE,FALSE,2023-03-09T08:25:51+0000
107248091187807_585703290268251,https://scontent.fccu31-1.fna.fbcdn.net/v/t39.30808-6/477983928_1041951577976751_7214855418128028019_n.jpg?_nc_cat=100&ccb=1-7&_nc_sid=833d8c&_nc_ohc=-o9KYV7VuxYQ7kNvwEtv4Hx&_nc_oc=Adrr1scBw_0CCnQsPywmSPqOX0fOcfhc2zwRcnTUnNmPyBgcCjyW9BXMklUo9vwuf0g&_nc_zt=23&_nc_ht=scontent.fccu31-1.fna&edm=AKIiGfEEAAAA&_nc_gid=jIDcoEo8ydDjwMH59YSwqg&_nc_tpa=Q5bMBQEIVfj3kkmleHz2CdZsssYMF47j5rbHRzG9CQksy8dHeq1plVplXPiR6xemsSeM8xoX3awQ2JcDkg&oh=00_Af5tRq4xvP1Ifb4UWocc8jrvXG_1cBURx2Yr2uq0dnOxWw&oe=6A18DC45,https://scontent.fccu31-1.fna.fbcdn.net/v/t39.30808-6/477983928_1041951577976751_7214855418128028019_n.jpg?_nc_cat=100&ccb=1-7&_nc_sid=833d8c&_nc_ohc=-o9KYV7VuxYQ7kNvwEtv4Hx&_nc_oc=Adrr1scBw_0CCnQsPywmSPqOX0fOcfhc2zwRcnTUnNmPyBgcCjyW9BXMklUo9vwuf0g&_nc_zt=23&_nc_ht=scontent.fccu31-1.fna&edm=AKIiGfEEAAAA&_nc_gid=jIDcoEo8ydDjwMH59YSwqg&_nc_tpa=Q5bMBQHXQ5t2LXza9quPhMSyTp5xx6CCXgGNr7ByYiXG2EmGUE4bhD1z2WV-zLq2ZuSq2Aya8e0PICMFlA&oh=00_Af5xM3_e1ZqqsZG1gnW6Y9E7q2hNV_hnnO8xA71sweWYbg&oe=6A18DC45,https://www.facebook.com/1425872462917992/posts/585703290268251,640,960,album,album,,https://www.facebook.com/1425872462917992/posts/585703290268251,"#Bharat_Book_Of_Records
🇮🇳🏅🇮🇳🏅🇮🇳🏅🇮🇳🏅🇮🇳🏅🇮🇳🏅🇮🇳🏅🇮🇳🏅🇮🇳
#Record_Holders

Successfully Participated in The International Women's day which was conducted on the 7th March 2023 inside the running train VANDE BHARAT EXPRESS Bangalore to Mysore and created a history for the first time in India by celebrating and honouring the Durga Devis of our Nation inside the running train which was appreciated  and accepted to be mentioned in the Prestigious book 
BHARAT BOOK OF RECORDS",TRUE,FALSE,FALSE,FALSE,FALSE,2023-03-09T08:11:17+0000
107248091187807_585702716934975,https://scontent.fccu3-1.fna.fbcdn.net/v/t39.30808-6/476632231_1041951534643422_1732055604326592706_n.jpg?stp=dst-jpg_s1080x2048_tt6&_nc_cat=106&ccb=1-7&_nc_sid=833d8c&_nc_ohc=w7Sbh_A-SMUQ7kNvwGsaWqS&_nc_oc=AdqXekGBWguCU2fXhlmoP_rLI_Xv9R0BaMsGhYOqkG-DAcdQCQAEUcW59mYzhGRY7kc&_nc_zt=23&_nc_ht=scontent.fccu3-1.fna&edm=AKIiGfEEAAAA&_nc_gid=jIDcoEo8ydDjwMH59YSwqg&_nc_tpa=Q5bMBQEgXTdYsgmjoXBrouXN3UAuodcdMAL2TPNBuvc1Xd04nX07IYukukvHGnTYDVwLpOkVMaYBtSeejw&oh=00_Af5ycd5mKOeXw4l2pDzeFYirN2g1QlM2bBcxWF89PtKoyQ&oe=6A18C581,https://scontent.fccu3-1.fna.fbcdn.net/v/t39.30808-6/476632231_1041951534643422_1732055604326592706_n.jpg?stp=dst-jpg_s1080x2048_tt6&_nc_cat=106&ccb=1-7&_nc_sid=833d8c&_nc_ohc=w7Sbh_A-SMUQ7kNvwGsaWqS&_nc_oc=AdqXekGBWguCU2fXhlmoP_rLI_Xv9R0BaMsGhYOqkG-DAcdQCQAEUcW59mYzhGRY7kc&_nc_zt=23&_nc_ht=scontent.fccu3-1.fna&edm=AKIiGfEEAAAA&_nc_gid=jIDcoEo8ydDjwMH59YSwqg&_nc_tpa=Q5bMBQGzEYs76WOkRVYapBzyeXJxRyVANX0wQF_N5lFHOtOWjdXnZ5lNyZAP300t5semcktXdFw6rYPiOg&oh=00_Af5HubtAVgiat286V96s-NpqpYclyjUyts5n5pZ3rMC5Dw&oe=6A18C581,https://www.facebook.com/1425872462917992/posts/585702716934975,720,1080,album,album,,https://www.facebook.com/1425872462917992/posts/585702716934975,"#Bharat_Book_Of_Records
🇮🇳🏅🇮🇳🏅🇮🇳🏅🇮🇳🏅🇮🇳🏅🇮🇳🏅🇮🇳🏅🇮🇳🏅🇮🇳
#Record_Holders

Successfully Participated in The International Women's day which was conducted on the 7th March 2023 inside the running train VANDE BHARAT EXPRESS Bangalore to Mysore and created a history for the first time in India by celebrating and honouring the Durga Devis of our Nation inside the running train which was appreciated  and accepted to be mentioned in the Prestigious book 
BHARAT BOOK OF RECORDS",TRUE,FALSE,FALSE,FALSE,FALSE,2023-03-09T08:10:04+0000
107248091187807_585685170270063,https://scontent.fccu31-2.fna.fbcdn.net/v/t39.30808-6/478627245_1041951571310085_4854426493679076167_n.jpg?stp=dst-jpg_p720x720_tt6&_nc_cat=103&ccb=1-7&_nc_sid=833d8c&_nc_ohc=QAKBgpW8np0Q7kNvwEPtDVY&_nc_oc=Adqmv1YqIkBdG64pPxe7LSSzgz1U31SdkhYmDFYxZs-NKtu--fVO4uLkWjo0OMCUlEI&_nc_zt=23&_nc_ht=scontent.fccu31-2.fna&edm=AKIiGfEEAAAA&_nc_gid=jIDcoEo8ydDjwMH59YSwqg&_nc_tpa=Q5bMBQFwWYyLVdZ2wku3PZBA0yLvsVaFDO1-bCGFs9O0tYc2AEZc_PDNjv2NFRmC7ZGjQ4S51_TjbQqXlA&oh=00_Af590KTbZTJ3MyhYobQ_J4HOvkJvYskPc06gHEmZVG2Q8w&oe=6A18D3AE,https://scontent.fccu31-2.fna.fbcdn.net/v/t39.30808-6/478627245_1041951571310085_4854426493679076167_n.jpg?stp=dst-jpg_p720x720_tt6&_nc_cat=103&ccb=1-7&_nc_sid=833d8c&_nc_ohc=QAKBgpW8np0Q7kNvwEPtDVY&_nc_oc=Adqmv1YqIkBdG64pPxe7LSSzgz1U31SdkhYmDFYxZs-NKtu--fVO4uLkWjo0OMCUlEI&_nc_zt=23&_nc_ht=scontent.fccu31-2.fna&edm=AKIiGfEEAAAA&_nc_gid=jIDcoEo8ydDjwMH59YSwqg&_nc_tpa=Q5bMBQGII-HcsdIX23lUmthxZKTVCvBQwq_RGEsZxap-z95htp3S7yN8tfVxnc7SpAPFu4rlBjwkLXvuLQ&oh=00_Af762obMQAigvZx6FJnx-lyTrFKokjPJkl8yuo28hHNtoQ&oe=6A18D3AE,https://www.facebook.com/photo.php?fbid=585685150270065&set=a.448214567350458&type=3,720,815,photo,photo,"#Bharat_Book_Of_Records
🇮🇳🏅🇮🇳🏅🇮🇳🏅🇮🇳🏅🇮🇳🏅🇮🇳🏅🇮🇳🏅🇮🇳🏅🇮🇳
#Record_Holder

Successfully Participated in The International Women's day which was conducted on the 7th March 2023 inside the running train VANDE BHARAT EXPRESS Bangalore to Mysore and created a history for the first time in India by celebrating and honouring the Durga Devis of our Nation inside the running train which was appreciated  and accepted to be mentioned in the Prestigious book 
BHARAT BOOK OF RECORDS",https://www.facebook.com/1425872462917992/posts/585685170270063,"#Bharat_Book_Of_Records
🇮🇳🏅🇮🇳🏅🇮🇳🏅🇮🇳🏅🇮🇳🏅🇮🇳🏅🇮🇳🏅🇮🇳🏅🇮🇳
#Record_Holder

Successfully Participated in The International Women's day which was conducted on the 7th March 2023 inside the running train VANDE BHARAT EXPRESS Bangalore to Mysore and created a history for the first time in India by celebrating and honouring the Durga Devis of our Nation inside the running train which was appreciated  and accepted to be mentioned in the Prestigious book 
BHARAT BOOK OF RECORDS",TRUE,FALSE,FALSE,FALSE,FALSE,2023-03-09T07:20:51+0000
107248091187807_585684910270089,https://scontent.fccu31-1.fna.fbcdn.net/v/t39.30808-6/477189031_1041951604643415_254162193378340954_n.jpg?stp=dst-jpg_p720x720_tt6&_nc_cat=100&ccb=1-7&_nc_sid=833d8c&_nc_ohc=ekkc_uy4Q4wQ7kNvwHtx4xh&_nc_oc=AdrSEzKVI7Z_3hm0G3yG7uov4nC2QGA_yN8Txpu6s9DGaHJPGsCAALolfukojguU998&_nc_zt=23&_nc_ht=scontent.fccu31-1.fna&edm=AKIiGfEEAAAA&_nc_gid=jIDcoEo8ydDjwMH59YSwqg&_nc_tpa=Q5bMBQH6SfHd6n0-jw02ZZC-XICpWfWeEmX8miO9KkfbxwEU1GXw2y-Ou6A1YWTMqO8Wb5Mrofv6XBxDjg&oh=00_Af5IyvGJ6lkDT6i6use57lHWPqYI1OFKAzlP9mR2HZiS8w&oe=6A18CDCC,https://scontent.fccu31-1.fna.fbcdn.net/v/t39.30808-6/477189031_1041951604643415_254162193378340954_n.jpg?stp=dst-jpg_p720x720_tt6&_nc_cat=100&ccb=1-7&_nc_sid=833d8c&_nc_ohc=ekkc_uy4Q4wQ7kNvwHtx4xh&_nc_oc=AdrSEzKVI7Z_3hm0G3yG7uov4nC2QGA_yN8Txpu6s9DGaHJPGsCAALolfukojguU998&_nc_zt=23&_nc_ht=scontent.fccu31-1.fna&edm=AKIiGfEEAAAA&_nc_gid=jIDcoEo8ydDjwMH59YSwqg&_nc_tpa=Q5bMBQGJxjrSlSR7Pf5aGhy69d95Kw9eEtZlqZUS3xPDfpDTR8WrfxOYCQUEh2w0-lK0otpP9ytin6k91Q&oh=00_Af51-PSrVblhslEkoQhVj1bajIsOcZ1Sw8tqsCf0c2SaiQ&oe=6A18CDCC,https://www.facebook.com/photo.php?fbid=585684896936757&set=a.448214567350458&type=3,720,888,photo,photo,"#Bharat_Book_Of_Records
🇮🇳🏅🇮🇳🏅🇮🇳🏅🇮🇳🏅🇮🇳🏅🇮🇳🏅🇮🇳🏅🇮🇳🏅🇮🇳
#Record_Holder

Successfully Participated in The International Women's day which was conducted on the 7th March 2023 inside the running train VANDE BHARAT EXPRESS Bangalore to Mysore and created a history for the first time in India by celebrating and honouring the Durga Devis of our Nation inside the running train which was appreciated  and accepted to be mentioned in the Prestigious book 
BHARAT BOOK OF RECORDS",https://www.facebook.com/1425872462917992/posts/585684910270089,"#Bharat_Book_Of_Records
🇮🇳🏅🇮🇳🏅🇮🇳🏅🇮🇳🏅🇮🇳🏅🇮🇳🏅🇮🇳🏅🇮🇳🏅🇮🇳
#Record_Holder

Successfully Participated in The International Women's day which was conducted on the 7th March 2023 inside the running train VANDE BHARAT EXPRESS Bangalore to Mysore and created a history for the first time in India by celebrating and honouring the Durga Devis of our Nation inside the running train which was appreciated  and accepted to be mentioned in the Prestigious book 
BHARAT BOOK OF RECORDS",TRUE,FALSE,FALSE,FALSE,FALSE,2023-03-09T07:20:17+0000
107248091187807_585684670270113,https://scontent.fccu31-1.fna.fbcdn.net/v/t39.30808-6/477313863_1041951601310082_7032491177692932679_n.jpg?stp=dst-jpg_p720x720_tt6&_nc_cat=110&ccb=1-7&_nc_sid=833d8c&_nc_ohc=swYgv4EtdjUQ7kNvwEh4Pt5&_nc_oc=AdplVc9VDpP-f02F35Nfs2EZKRccIVgdL4Fms-DxVvg5DU5bvcyf_p4jBC6wkCiXzeM&_nc_zt=23&_nc_ht=scontent.fccu31-1.fna&edm=AKIiGfEEAAAA&_nc_gid=jIDcoEo8ydDjwMH59YSwqg&_nc_tpa=Q5bMBQEIuS10Vbmu2_9qGXdRT5bi2ylsbY5QAFJvRTk2nfvjOuEIk2Qkvy8be2dbziZvsAcqKFBVyLO-8g&oh=00_Af45vrhB82hZQqen-h_OhyEzLdo7lsmeYNBDMfkPpeMvxg&oe=6A18EB3E,https://scontent.fccu31-1.fna.fbcdn.net/v/t39.30808-6/477313863_1041951601310082_7032491177692932679_n.jpg?stp=dst-jpg_p720x720_tt6&_nc_cat=110&ccb=1-7&_nc_sid=833d8c&_nc_ohc=swYgv4EtdjUQ7kNvwEh4Pt5&_nc_oc=AdplVc9VDpP-f02F35Nfs2EZKRccIVgdL4Fms-DxVvg5DU5bvcyf_p4jBC6wkCiXzeM&_nc_zt=23&_nc_ht=scontent.fccu31-1.fna&edm=AKIiGfEEAAAA&_nc_gid=jIDcoEo8ydDjwMH59YSwqg&_nc_tpa=Q5bMBQGU8VfNXp7pVV8ufE_5knr4EmDon9ElFISRsUIuUPLpn3y8YZR11skyh6uwkXy-jlqanPFYOv_lfQ&oh=00_Af6MUe0prQHozPJ7_fbhRvzuldwSxXUOFlzXxHVKJNKkOA&oe=6A18EB3E,https://www.facebook.com/photo.php?fbid=585684656936781&set=a.448214567350458&type=3,720,899,photo,photo,"#Bharat_Book_Of_Records
🇮🇳🏅🇮🇳🏅🇮🇳🏅🇮🇳🏅🇮🇳🏅🇮🇳🏅🇮🇳🏅🇮🇳🏅🇮🇳
#Record_Holder

Successfully Participated in The International Women's day which was conducted on the 7th March 2023 inside the running train VANDE BHARAT EXPRESS Bangalore to Mysore and created a history for the first time in India by celebrating and honouring the Durga Devis of our Nation inside the running train which was appreciated  and accepted to be mentioned in the Prestigious book 
BHARAT BOOK OF RECORDS",https://www.facebook.com/1425872462917992/posts/585684670270113,"#Bharat_Book_Of_Records
🇮🇳🏅🇮🇳🏅🇮🇳🏅🇮🇳🏅🇮🇳🏅🇮🇳🏅🇮🇳🏅🇮🇳🏅🇮🇳
#Record_Holder

Successfully Participated in The International Women's day which was conducted on the 7th March 2023 inside the running train VANDE BHARAT EXPRESS Bangalore to Mysore and created a history for the first time in India by celebrating and honouring the Durga Devis of our Nation inside the running train which was appreciated  and accepted to be mentioned in the Prestigious book 
BHARAT BOOK OF RECORDS",TRUE,FALSE,FALSE,FALSE,FALSE,2023-03-09T07:19:43+0000
107248091187807_585684383603475,https://scontent.fccu31-2.fna.fbcdn.net/v/t39.30808-6/477002194_1041951594643416_817395647971918983_n.jpg?stp=dst-jpg_p720x720_tt6&_nc_cat=103&ccb=1-7&_nc_sid=833d8c&_nc_ohc=y996muX9MNoQ7kNvwHIiwIi&_nc_oc=AdpbXmXlEkaNBHoC52D8vGx7iqLvpvhx5V8jB0mUUP992a4_5c4PymPcREW0tnegk2Y&_nc_zt=23&_nc_ht=scontent.fccu31-2.fna&edm=AKIiGfEEAAAA&_nc_gid=jIDcoEo8ydDjwMH59YSwqg&_nc_tpa=Q5bMBQF-5OTlGMnNbIHg9aX1mzeFmDfdZ0YKvN0i5B28Jtdi_aVJRGvPKQzdnCZR1LgAQJweo2wr9j6A4w&oh=00_Af6fiWUPt_c35ukdFcllSuMK_ymLCvxhLIf7VnFiRwm1PA&oe=6A18E168,https://scontent.fccu31-2.fna.fbcdn.net/v/t39.30808-6/477002194_1041951594643416_817395647971918983_n.jpg?stp=dst-jpg_p720x720_tt6&_nc_cat=103&ccb=1-7&_nc_sid=833d8c&_nc_ohc=y996muX9MNoQ7kNvwHIiwIi&_nc_oc=AdpbXmXlEkaNBHoC52D8vGx7iqLvpvhx5V8jB0mUUP992a4_5c4PymPcREW0tnegk2Y&_nc_zt=23&_nc_ht=scontent.fccu31-2.fna&edm=AKIiGfEEAAAA&_nc_gid=jIDcoEo8ydDjwMH59YSwqg&_nc_tpa=Q5bMBQHEPFNgV5jRQilrhIL3nFMIevX66PCKpA-wGjiRZdkT24tp246KeOLiJywnJ0HrCHrmOAPtJmdXnA&oh=00_Af5P3fg-eNXnVxcTE_5QvgHHQCAtNpGweodQW6HL2NCL1A&oe=6A18E168,https://www.facebook.com/photo.php?fbid=585684363603477&set=a.448214567350458&type=3,720,872,photo,photo,"#Bharat_Book_Of_Records
🇮🇳🏅🇮🇳🏅🇮🇳🏅🇮🇳🏅🇮🇳🏅🇮🇳🏅🇮🇳🏅🇮🇳🏅🇮🇳
#Record_Holder

Successfully Participated in The International Women's day which was conducted on the 7th March 2023 inside the running train VANDE BHARAT EXPRESS Bangalore to Mysore and created a history for the first time in India by celebrating and honouring the Durga Devis of our Nation inside the running train which was appreciated  and accepted to be mentioned in the Prestigious book 
BHARAT BOOK OF RECORDS",https://www.facebook.com/1425872462917992/posts/585684383603475,"#Bharat_Book_Of_Records
🇮🇳🏅🇮🇳🏅🇮🇳🏅🇮🇳🏅🇮🇳🏅🇮🇳🏅🇮🇳🏅🇮🇳🏅🇮🇳
#Record_Holder

Successfully Participated in The International Women's day which was conducted on the 7th March 2023 inside the running train VANDE BHARAT EXPRESS Bangalore to Mysore and created a history for the first time in India by celebrating and honouring the Durga Devis of our Nation inside the running train which was appreciated  and accepted to be mentioned in the Prestigious book 
BHARAT BOOK OF RECORDS",TRUE,FALSE,FALSE,FALSE,FALSE,2023-03-09T07:18:56+0000
107248091187807_585684100270170,https://scontent.fccu31-2.fna.fbcdn.net/v/t39.30808-6/476639652_1041951607976748_7926478533601359449_n.jpg?stp=dst-jpg_p720x720_tt6&_nc_cat=108&ccb=1-7&_nc_sid=833d8c&_nc_ohc=_spG-bmnSl4Q7kNvwFYyPmL&_nc_oc=AdoBE2ge1HX65dF_-g_ullbQljjqUg0cauNbuNLfmT3ayGYz-YMt_yLnrvnsBZRg3vM&_nc_zt=23&_nc_ht=scontent.fccu31-2.fna&edm=AKIiGfEEAAAA&_nc_gid=jIDcoEo8ydDjwMH59YSwqg&_nc_tpa=Q5bMBQFxlJciy4agOuKcUywNWmE1p2-B61hVSWIbf__rRY4ksUqxV7ENHXmqIsxD4n0eY-gjICA51mu_rA&oh=00_Af6hrZj855TFa0nPTs9JbL2eg_UV9ALT04wR5g7uo1oQmg&oe=6A18D41E,https://scontent.fccu31-2.fna.fbcdn.net/v/t39.30808-6/476639652_1041951607976748_7926478533601359449_n.jpg?stp=dst-jpg_p720x720_tt6&_nc_cat=108&ccb=1-7&_nc_sid=833d8c&_nc_ohc=_spG-bmnSl4Q7kNvwFYyPmL&_nc_oc=AdoBE2ge1HX65dF_-g_ullbQljjqUg0cauNbuNLfmT3ayGYz-YMt_yLnrvnsBZRg3vM&_nc_zt=23&_nc_ht=scontent.fccu31-2.fna&edm=AKIiGfEEAAAA&_nc_gid=jIDcoEo8ydDjwMH59YSwqg&_nc_tpa=Q5bMBQHAS9GVk_wNWoabjcZdV49AI1qNAtbfs79KyYz_fw8wx-Sb9xRsyWgKfB9Jv8zCUrrg4uf93ijhNw&oh=00_Af74iqPJNlwRSMKJxhgE1N-ZWh2ODwljkhGixBBYt5lfPQ&oe=6A18D41E,https://www.facebook.com/photo.php?fbid=585684086936838&set=a.448214567350458&type=3,720,893,photo,photo,"#Bharat_Book_Of_Records
🇮🇳🏅🇮🇳🏅🇮🇳🏅🇮🇳🏅🇮🇳🏅🇮🇳🏅🇮🇳🏅🇮🇳🏅🇮🇳
#Record_Holder

Successfully Participated in The International Women's day which was conducted on the 7th March 2023 inside the running train VANDE BHARAT EXPRESS Bangalore to Mysore and created a history for the first time in India by celebrating and honouring the Durga Devis of our Nation inside the running train which was appreciated  and accepted to be mentioned in the Prestigious book 
BHARAT BOOK OF RECORDS",https://www.facebook.com/1425872462917992/posts/585684100270170,"#Bharat_Book_Of_Records
🇮🇳🏅🇮🇳🏅🇮🇳🏅🇮🇳🏅🇮🇳🏅🇮🇳🏅🇮🇳🏅🇮🇳🏅🇮🇳
#Record_Holder

Successfully Participated in The International Women's day which was conducted on the 7th March 2023 inside the running train VANDE BHARAT EXPRESS Bangalore to Mysore and created a history for the first time in India by celebrating and honouring the Durga Devis of our Nation inside the running train which was appreciated  and accepted to be mentioned in the Prestigious book 
BHARAT BOOK OF RECORDS",TRUE,FALSE,FALSE,FALSE,FALSE,2023-03-09T07:18:18+0000
107248091187807_585683753603538,https://scontent.fccu31-1.fna.fbcdn.net/v/t39.30808-6/477772167_1041951484643427_4224515162339626828_n.jpg?stp=dst-jpg_p720x720_tt6&_nc_cat=107&ccb=1-7&_nc_sid=833d8c&_nc_ohc=ybhoa2SkJB0Q7kNvwHEcNb-&_nc_oc=AdpIH1ThPvoWjuo3IC7BzLi0RdjxP-GI1mx3uqVUV4TYK3uabOgSHBbLGtdQyDpUTzw&_nc_zt=23&_nc_ht=scontent.fccu31-1.fna&edm=AKIiGfEEAAAA&_nc_gid=jIDcoEo8ydDjwMH59YSwqg&_nc_tpa=Q5bMBQFPL8RSzn3o7LJVDv9aShb4Z-cOXG4KSs7v61hXrK_QgSWiu4BV__aVOvpIU6lDKBMcRawh_H2RTA&oh=00_Af42oUmriHdpP2cRO0Jeh2-GQTgOQMzGiQngbA1Y2mdihA&oe=6A18D263,https://scontent.fccu31-1.fna.fbcdn.net/v/t39.30808-6/477772167_1041951484643427_4224515162339626828_n.jpg?stp=dst-jpg_p720x720_tt6&_nc_cat=107&ccb=1-7&_nc_sid=833d8c&_nc_ohc=ybhoa2SkJB0Q7kNvwHEcNb-&_nc_oc=AdpIH1ThPvoWjuo3IC7BzLi0RdjxP-GI1mx3uqVUV4TYK3uabOgSHBbLGtdQyDpUTzw&_nc_zt=23&_nc_ht=scontent.fccu31-1.fna&edm=AKIiGfEEAAAA&_nc_gid=jIDcoEo8ydDjwMH59YSwqg&_nc_tpa=Q5bMBQGzd7cB9s54bTjnm4peFTBcLAU62k5AkrNBhPqJjx_bKN1MrUbJPyy4EaGsVD1__Hli6h9SXxZLYg&oh=00_Af7tttQp6E7Pzr7w9xtPQtUdCf1zlOWmwZKb0BVw-a2U0A&oe=6A18D263,https://www.facebook.com/photo.php?fbid=585683730270207&set=a.448214567350458&type=3,720,918,photo,photo,"#Bharat_Book_Of_Records
🇮🇳🏅🇮🇳🏅🇮🇳🏅🇮🇳🏅🇮🇳🏅🇮🇳🏅🇮🇳🏅🇮🇳🏅🇮🇳
#Record_Holder

Successfully Participated in The International Women's day which was conducted on the 7th March 2023 inside the running train VANDE BHARAT EXPRESS Bangalore to Mysore and created a history for the first time in India by celebrating and honouring the Durga Devis of our Nation inside the running train which was appreciated  and accepted to be mentioned in the Prestigious book 
BHARAT BOOK OF RECORDS",https://www.facebook.com/1425872462917992/posts/585683753603538,"#Bharat_Book_Of_Records
🇮🇳🏅🇮🇳🏅🇮🇳🏅🇮🇳🏅🇮🇳🏅🇮🇳🏅🇮🇳🏅🇮🇳🏅🇮🇳
#Record_Holder

Successfully Participated in The International Women's day which was conducted on the 7th March 2023 inside the running train VANDE BHARAT EXPRESS Bangalore to Mysore and created a history for the first time in India by celebrating and honouring the Durga Devis of our Nation inside the running train which was appreciated  and accepted to be mentioned in the Prestigious book 
BHARAT BOOK OF RECORDS",TRUE,FALSE,FALSE,FALSE,FALSE,2023-03-09T07:17:31+0000
107248091187807_585683293603584,https://scontent.fccu31-1.fna.fbcdn.net/v/t39.30808-6/477776469_1041951567976752_5545001081257650463_n.jpg?stp=dst-jpg_p720x720_tt6&_nc_cat=110&ccb=1-7&_nc_sid=833d8c&_nc_ohc=jKjMM_cng-UQ7kNvwFAYJ2d&_nc_oc=AdpDMh7KOx86G6I-e4jGEqmHBxvU0ihgxfd0lBLOc3kd09kYGvoPJAef62kbxHM7v_M&_nc_zt=23&_nc_ht=scontent.fccu31-1.fna&edm=AKIiGfEEAAAA&_nc_gid=jIDcoEo8ydDjwMH59YSwqg&_nc_tpa=Q5bMBQGx-M9VdPt8G6vQfyyE6YSpuecNTkOMgAcC15LUK5DYN6iEZWkSbjFN7qVpBP-4byLXRrnBA3BFmw&oh=00_Af6ciRWWe8LtjSmNxZIiN-TzPRaFCIcA5pTtqjo9-Hgw4w&oe=6A18EE75,https://scontent.fccu31-1.fna.fbcdn.net/v/t39.30808-6/477776469_1041951567976752_5545001081257650463_n.jpg?stp=dst-jpg_p720x720_tt6&_nc_cat=110&ccb=1-7&_nc_sid=833d8c&_nc_ohc=jKjMM_cng-UQ7kNvwFAYJ2d&_nc_oc=AdpDMh7KOx86G6I-e4jGEqmHBxvU0ihgxfd0lBLOc3kd09kYGvoPJAef62kbxHM7v_M&_nc_zt=23&_nc_ht=scontent.fccu31-1.fna&edm=AKIiGfEEAAAA&_nc_gid=jIDcoEo8ydDjwMH59YSwqg&_nc_tpa=Q5bMBQFUi7LKbGztBLUu4giV_jZxmcZTuc8SCN1DRn1qFjddtjnzMLW30rb6xUppw-3Hppas71OIaZoSpA&oh=00_Af5S_PF8HpM8RpGE6gVQrrvqfjHsxlLLE9aVaUYDx5g6wA&oe=6A18EE75,https://www.facebook.com/photo.php?fbid=585683273603586&set=a.448214567350458&type=3,720,939,photo,photo,"#Bharat_Book_Of_Records
🇮🇳🏅🇮🇳🏅🇮🇳🏅🇮🇳🏅🇮🇳🏅🇮🇳🏅🇮🇳🏅🇮🇳🏅🇮🇳
#Record_Holder

Successfully Participated in The International Women's day which was conducted on the 7th March 2023 inside the running train VANDE BHARAT EXPRESS Bangalore to Mysore and created a history for the first time in India by celebrating and honouring the Durga Devis of our Nation inside the running train which was appreciated  and accepted to be mentioned in the Prestigious book 
BHARAT BOOK OF RECORDS",https://www.facebook.com/1425872462917992/posts/585683293603584,"#Bharat_Book_Of_Records
🇮🇳🏅🇮🇳🏅🇮🇳🏅🇮🇳🏅🇮🇳🏅🇮🇳🏅🇮🇳🏅🇮🇳🏅🇮🇳
#Record_Holder

Successfully Participated in The International Women's day which was conducted on the 7th March 2023 inside the running train VANDE BHARAT EXPRESS Bangalore to Mysore and created a history for the first time in India by celebrating and honouring the Durga Devis of our Nation inside the running train which was appreciated  and accepted to be mentioned in the Prestigious book 
BHARAT BOOK OF RECORDS",TRUE,FALSE,FALSE,FALSE,FALSE,2023-03-09T07:16:30+0000
107248091187807_585683030270277,https://scontent.fccu31-1.fna.fbcdn.net/v/t39.30808-6/477725367_1041951364643439_5905253969794685164_n.jpg?stp=dst-jpg_p720x720_tt6&_nc_cat=105&ccb=1-7&_nc_sid=833d8c&_nc_ohc=KuwotG6nvn8Q7kNvwFTW6B_&_nc_oc=AdobIMx1DWhuRWRyoCFfK9j4GXnZHuAPTpyteoHpkFGOF8ZEk9bUU7DC-alSbxyh9tw&_nc_zt=23&_nc_ht=scontent.fccu31-1.fna&edm=AKIiGfEEAAAA&_nc_gid=jIDcoEo8ydDjwMH59YSwqg&_nc_tpa=Q5bMBQHw02Y0nNXLZgIRuAy8OIpnn2AOPTNiAKbEV1qooxxvAJi63Vh9-IQwT4mjZz2nnLN_ykdNWqv6mA&oh=00_Af7pDID2Fd3H17Cvt036TrAg_fpVUJ_JntpEUFqLVj9h-Q&oe=6A18DC7B,https://scontent.fccu31-1.fna.fbcdn.net/v/t39.30808-6/477725367_1041951364643439_5905253969794685164_n.jpg?stp=dst-jpg_p720x720_tt6&_nc_cat=105&ccb=1-7&_nc_sid=833d8c&_nc_ohc=KuwotG6nvn8Q7kNvwFTW6B_&_nc_oc=AdobIMx1DWhuRWRyoCFfK9j4GXnZHuAPTpyteoHpkFGOF8ZEk9bUU7DC-alSbxyh9tw&_nc_zt=23&_nc_ht=scontent.fccu31-1.fna&edm=AKIiGfEEAAAA&_nc_gid=jIDcoEo8ydDjwMH59YSwqg&_nc_tpa=Q5bMBQEHSq_e3q0RLArgBLIoFwKV65XnCZzw6L7OURJTpcZV8TSQ3CSCgNi5i56_X_xMCLDjmKcV8BZVEQ&oh=00_Af4JxUaUxjwQgkinGBOq6nJjTYsIKksC69W1SQ95KzyehA&oe=6A18DC7B,https://www.facebook.com/photo.php?fbid=585683010270279&set=a.448214567350458&type=3,720,863,photo,photo,"#Bharat_Book_Of_Records
🇮🇳🏅🇮🇳🏅🇮🇳🏅🇮🇳🏅🇮🇳🏅🇮🇳🏅🇮🇳🏅🇮🇳🏅🇮🇳
#Record_Holder

Successfully Participated in The International Women's day which was conducted on the 7th March 2023 inside the running train VANDE BHARAT EXPRESS Bangalore to Mysore and created a history for the first time in India by celebrating and honouring the Durga Devis of our Nation inside the running train which was appreciated  and accepted to be mentioned in the Prestigious book 
BHARAT BOOK OF RECORDS",https://www.facebook.com/1425872462917992/posts/585683030270277,"#Bharat_Book_Of_Records
🇮🇳🏅🇮🇳🏅🇮🇳🏅🇮🇳🏅🇮🇳🏅🇮🇳🏅🇮🇳🏅🇮🇳🏅🇮🇳
#Record_Holder

Successfully Participated in The International Women's day which was conducted on the 7th March 2023 inside the running train VANDE BHARAT EXPRESS Bangalore to Mysore and created a history for the first time in India by celebrating and honouring the Durga Devis of our Nation inside the running train which was appreciated  and accepted to be mentioned in the Prestigious book 
BHARAT BOOK OF RECORDS",TRUE,FALSE,FALSE,FALSE,FALSE,2023-03-09T07:15:51+0000
107248091187807_585682816936965,https://scontent.fccu31-2.fna.fbcdn.net/v/t39.30808-6/478872011_1041951667976742_337838277014370129_n.jpg?stp=dst-jpg_p720x720_tt6&_nc_cat=111&ccb=1-7&_nc_sid=833d8c&_nc_ohc=JySuA6hl228Q7kNvwEvGSuZ&_nc_oc=Adol_iMGk0hns4YW_C1Sgc79rXJSJOwCmghxCjjCJn4dLW4SyKz2I0HyPXLcxA4mGbE&_nc_zt=23&_nc_ht=scontent.fccu31-2.fna&edm=AKIiGfEEAAAA&_nc_gid=jIDcoEo8ydDjwMH59YSwqg&_nc_tpa=Q5bMBQGfu7Mxo7nyLp8nGvpFtIL_qgfdDOoPxIAq97HZZ7EfMblr2NvIi4jK8UayQPnPUGXbFpseqQ0nRQ&oh=00_Af6Lw6D-ESmBCPhcSklklXo2kOVxSOPL9u_lk-dFWtLzWQ&oe=6A18E5B4,https://scontent.fccu31-2.fna.fbcdn.net/v/t39.30808-6/478872011_1041951667976742_337838277014370129_n.jpg?stp=dst-jpg_p720x720_tt6&_nc_cat=111&ccb=1-7&_nc_sid=833d8c&_nc_ohc=JySuA6hl228Q7kNvwEvGSuZ&_nc_oc=Adol_iMGk0hns4YW_C1Sgc79rXJSJOwCmghxCjjCJn4dLW4SyKz2I0HyPXLcxA4mGbE&_nc_zt=23&_nc_ht=scontent.fccu31-2.fna&edm=AKIiGfEEAAAA&_nc_gid=jIDcoEo8ydDjwMH59YSwqg&_nc_tpa=Q5bMBQGKboKNGb0z07i55iJAE86rNKipP7KrPoqHIQmvnaHk7mdgUTOcpM4gdtxa4suG56qDl2DAA_9DRA&oh=00_Af7WoYE7pCxb_nOC8zPIVgIHxR3NYTK10vxEyp1WuegmdA&oe=6A18E5B4,https://www.facebook.com/photo.php?fbid=585682800270300&set=a.448214567350458&type=3,720,918,photo,photo,"#Bharat_Book_Of_Records
🇮🇳🏅🇮🇳🏅🇮🇳🏅🇮🇳🏅🇮🇳🏅🇮🇳🏅🇮🇳🏅🇮🇳🏅🇮🇳
#Record_Holder

Successfully Participated in The International Women's day which was conducted on the 7th March 2023 inside the running train VANDE BHARAT EXPRESS Bangalore to Mysore and created a history for the first time in India by celebrating and honouring the Durga Devis of our Nation inside the running train which was appreciated  and accepted to be mentioned in the Prestigious book 
BHARAT BOOK OF RECORDS",https://www.facebook.com/1425872462917992/posts/585682816936965,"#Bharat_Book_Of_Records
🇮🇳🏅🇮🇳🏅🇮🇳🏅🇮🇳🏅🇮🇳🏅🇮🇳🏅🇮🇳🏅🇮🇳🏅🇮🇳
#Record_Holder

Successfully Participated in The International Women's day which was conducted on the 7th March 2023 inside the running train VANDE BHARAT EXPRESS Bangalore to Mysore and created a history for the first time in India by celebrating and honouring the Durga Devis of our Nation inside the running train which was appreciated  and accepted to be mentioned in the Prestigious book 
BHARAT BOOK OF RECORDS",TRUE,FALSE,FALSE,FALSE,FALSE,2023-03-09T07:15:18+0000
107248091187807_585682646936982,https://scontent.fccu31-2.fna.fbcdn.net/v/t39.30808-6/476638070_1041950427976866_6279063201380074535_n.jpg?stp=dst-jpg_p720x720_tt6&_nc_cat=108&ccb=1-7&_nc_sid=833d8c&_nc_ohc=vO8r9vgcEx0Q7kNvwFZpA0f&_nc_oc=Adr2Crz45DTR48zwvMGI35b6iVJwafoPGLMFOfQ0GO57CET85l5kSFtGtpPoHKJzZKI&_nc_zt=23&_nc_ht=scontent.fccu31-2.fna&edm=AKIiGfEEAAAA&_nc_gid=jIDcoEo8ydDjwMH59YSwqg&_nc_tpa=Q5bMBQEJlXZn4yW69qMic3yNlfaIyGvMoNSooBxnT6sO_Yia612kbBkE269d9cpgAItpF4fi6g3PRvcskQ&oh=00_Af5O-XWyYxa2F0GuZ-oqNRJ-vA0s7Z8HDCDJgOFD2XjEtg&oe=6A18CA55,https://scontent.fccu31-2.fna.fbcdn.net/v/t39.30808-6/476638070_1041950427976866_6279063201380074535_n.jpg?stp=dst-jpg_p720x720_tt6&_nc_cat=108&ccb=1-7&_nc_sid=833d8c&_nc_ohc=vO8r9vgcEx0Q7kNvwFZpA0f&_nc_oc=Adr2Crz45DTR48zwvMGI35b6iVJwafoPGLMFOfQ0GO57CET85l5kSFtGtpPoHKJzZKI&_nc_zt=23&_nc_ht=scontent.fccu31-2.fna&edm=AKIiGfEEAAAA&_nc_gid=jIDcoEo8ydDjwMH59YSwqg&_nc_tpa=Q5bMBQGibAwh7ujFcv4bQyvOvQ0KuxTuA180nwRcMFGvYKGfw-FLZiX1rCyLcrcIAWN00FBMb-L0G30zIQ&oh=00_Af4kzrvgEPEScYVvGfCiGzN-N9oDB6T_4rn3Eew5hw4xtg&oe=6A18CA55,https://www.facebook.com/photo.php?fbid=585682633603650&set=a.448214567350458&type=3,720,888,photo,photo,"#Bharat_Book_Of_Records
🇮🇳🏅🇮🇳🏅🇮🇳🏅🇮🇳🏅🇮🇳🏅🇮🇳🏅🇮🇳🏅🇮🇳🏅🇮🇳
#Record_Holder

Successfully Participated in The International Women's day which was conducted on the 7th March 2023 inside the running train VANDE BHARAT EXPRESS Bangalore to Mysore and created a history for the first time in India by celebrating and honouring the Durga Devis of our Nation inside the running train which was appreciated  and accepted to be mentioned in the Prestigious book 
BHARAT BOOK OF RECORDS",https://www.facebook.com/1425872462917992/posts/585682646936982,"#Bharat_Book_Of_Records
🇮🇳🏅🇮🇳🏅🇮🇳🏅🇮🇳🏅🇮🇳🏅🇮🇳🏅🇮🇳🏅🇮🇳🏅🇮🇳
#Record_Holder

Successfully Participated in The International Women's day which was conducted on the 7th March 2023 inside the running train VANDE BHARAT EXPRESS Bangalore to Mysore and created a history for the first time in India by celebrating and honouring the Durga Devis of our Nation inside the running train which was appreciated  and accepted to be mentioned in the Prestigious book 
BHARAT BOOK OF RECORDS",TRUE,FALSE,FALSE,FALSE,FALSE,2023-03-09T07:14:51+0000
107248091187807_585681930270387,https://scontent.fccu31-2.fna.fbcdn.net/v/t39.30808-6/476990866_1041950664643509_7821968915021141419_n.jpg?stp=dst-jpg_p720x720_tt6&_nc_cat=103&ccb=1-7&_nc_sid=833d8c&_nc_ohc=cuAVTzOrGGEQ7kNvwFEyIKt&_nc_oc=Adr8xvCtWYj6Kj8b6lJdDKxJSJEd_5YtjsctAcPWtsvmpwzZ7u2fj4I53b7b0yPD6bo&_nc_zt=23&_nc_ht=scontent.fccu31-2.fna&edm=AKIiGfEEAAAA&_nc_gid=jIDcoEo8ydDjwMH59YSwqg&_nc_tpa=Q5bMBQFy6gPHD1R-pntaCUkJhDpSCfkUDeYR7nSfbcwcGJp3e11yb3Mj1ZPPHVOwc228qM2omNuJBIvrug&oh=00_Af6_vc66fCBOS1HSCDf598I9COnH8kMPkBazg0eU43i8Ug&oe=6A18DB5B,https://scontent.fccu31-2.fna.fbcdn.net/v/t39.30808-6/476990866_1041950664643509_7821968915021141419_n.jpg?stp=dst-jpg_p720x720_tt6&_nc_cat=103&ccb=1-7&_nc_sid=833d8c&_nc_ohc=cuAVTzOrGGEQ7kNvwFEyIKt&_nc_oc=Adr8xvCtWYj6Kj8b6lJdDKxJSJEd_5YtjsctAcPWtsvmpwzZ7u2fj4I53b7b0yPD6bo&_nc_zt=23&_nc_ht=scontent.fccu31-2.fna&edm=AKIiGfEEAAAA&_nc_gid=jIDcoEo8ydDjwMH59YSwqg&_nc_tpa=Q5bMBQHAXTxTHb3xWNwxjmr-Tx91lz8meYMLL1Es2ePkiHhDHWVfPsRrQWFVeyhIbQO4OpPkQz_NffNiDg&oh=00_Af7sU5N24vjzs5BeozenJNDwVd8wFqUDfniGDOffDsQDwg&oe=6A18DB5B,https://www.facebook.com/photo.php?fbid=585681910270389&set=a.448214567350458&type=3,720,881,photo,photo,"#Bharat_Book_Of_Records
🇮🇳🏅🇮🇳🏅🇮🇳🏅🇮🇳🏅🇮🇳🏅🇮🇳🏅🇮🇳🏅🇮🇳🏅🇮🇳
#Record_Holder

Successful Participated in The International Women's day which was conducted on the 7th March 2023 inside the running train VANDE BHARAT EXPRESS Bangalore to Mysore and created a history for the first time in India by celebrating and honouring the Durga Devis of our Nation inside the running train which was appreciated  and accepted to be mentioned in the Prestigious book 
BHARAT BOOK OF RECORDS",https://www.facebook.com/1425872462917992/posts/585681930270387,"#Bharat_Book_Of_Records
🇮🇳🏅🇮🇳🏅🇮🇳🏅🇮🇳🏅🇮🇳🏅🇮🇳🏅🇮🇳🏅🇮🇳🏅🇮🇳
#Record_Holder

Successful Participated in The International Women's day which was conducted on the 7th March 2023 inside the running train VANDE BHARAT EXPRESS Bangalore to Mysore and created a history for the first time in India by celebrating and honouring the Durga Devis of our Nation inside the running train which was appreciated  and accepted to be mentioned in the Prestigious book 
BHARAT BOOK OF RECORDS",TRUE,FALSE,FALSE,FALSE,FALSE,2023-03-09T07:13:30+0000
107248091187807_585681610270419,https://scontent.fccu31-2.fna.fbcdn.net/v/t39.30808-6/476644185_1041950434643532_787973694152768272_n.jpg?stp=dst-jpg_p720x720_tt6&_nc_cat=103&ccb=1-7&_nc_sid=833d8c&_nc_ohc=XTgh7IIRVDEQ7kNvwFIadkz&_nc_oc=AdovqKYOEoGWXwL_JPT9demuBu1AK8xIxhRqZcpl1FDVYKCHMo3Z-Sv_MW2IAcH6OqE&_nc_zt=23&_nc_ht=scontent.fccu31-2.fna&edm=AKIiGfEEAAAA&_nc_gid=jIDcoEo8ydDjwMH59YSwqg&_nc_tpa=Q5bMBQH1vFwIajz4h9gg-dnl7L0saHhGNfmaJ8PNmrAIWgluBzSh58rRfJbqAKETEaOALWWEuG_eH08H9A&oh=00_Af41ZonJOlCpVd93brvkILayNpzYumtOqqlOu-JDv-4wxQ&oe=6A18E3C4,https://scontent.fccu31-2.fna.fbcdn.net/v/t39.30808-6/476644185_1041950434643532_787973694152768272_n.jpg?stp=dst-jpg_p720x720_tt6&_nc_cat=103&ccb=1-7&_nc_sid=833d8c&_nc_ohc=XTgh7IIRVDEQ7kNvwFIadkz&_nc_oc=AdovqKYOEoGWXwL_JPT9demuBu1AK8xIxhRqZcpl1FDVYKCHMo3Z-Sv_MW2IAcH6OqE&_nc_zt=23&_nc_ht=scontent.fccu31-2.fna&edm=AKIiGfEEAAAA&_nc_gid=jIDcoEo8ydDjwMH59YSwqg&_nc_tpa=Q5bMBQEeWu8J7ZldsT2rqZJN32bEEsi1dATZnLYgRGXGoR7DD1vfiKrkYWKY-X6_huuilebBFF2E6YCZ4Q&oh=00_Af5i0v40GV2DjueEI8FNfdWPbOvQ0zjmhRbwXHOaIlBkRg&oe=6A18E3C4,https://www.facebook.com/photo.php?fbid=585681596937087&set=a.448214567350458&type=3,720,909,photo,photo,"#Bharat_Book_Of_Records
🇮🇳🏅🇮🇳🏅🇮🇳🏅🇮🇳🏅🇮🇳🏅🇮🇳🏅🇮🇳🏅🇮🇳🏅🇮🇳
#Record_Holder

Successful Participated in The International Women's day which was conducted on the 7th March 2023 inside the running train VANDE BHARAT EXPRESS Bangalore to Mysore and created a history for the first time in India by celebrating and honouring the Durga Devis of our Nation inside the running train which was appreciated  and accepted to be mentioned in the Prestigious book 
BHARAT BOOK OF RECORDS",https://www.facebook.com/1425872462917992/posts/585681610270419,"#Bharat_Book_Of_Records
🇮🇳🏅🇮🇳🏅🇮🇳🏅🇮🇳🏅🇮🇳🏅🇮🇳🏅🇮🇳🏅🇮🇳🏅🇮🇳
#Record_Holder

Successful Participated in The International Women's day which was conducted on the 7th March 2023 inside the running train VANDE BHARAT EXPRESS Bangalore to Mysore and created a history for the first time in India by celebrating and honouring the Durga Devis of our Nation inside the running train which was appreciated  and accepted to be mentioned in the Prestigious book 
BHARAT BOOK OF RECORDS",TRUE,FALSE,FALSE,FALSE,FALSE,2023-03-09T07:12:42+0000
107248091187807_585681376937109,https://scontent.fccu3-1.fna.fbcdn.net/v/t39.30808-6/477977223_1041950667976842_7848593144119974913_n.jpg?stp=dst-jpg_p720x720_tt6&_nc_cat=104&ccb=1-7&_nc_sid=833d8c&_nc_ohc=g57BWSywyikQ7kNvwG6SGwP&_nc_oc=AdqkvGjePjsOTvT9wxdAxlO-VxTOyEUGvCc0DkFys5NNCuQoERv7SL7-ed2PiveuZnM&_nc_zt=23&_nc_ht=scontent.fccu3-1.fna&edm=AKIiGfEEAAAA&_nc_gid=jIDcoEo8ydDjwMH59YSwqg&_nc_tpa=Q5bMBQGZ_hlzuovnoiRKBFRzVSX1n0xpiOeiFu3_vz0Gyg2lgb0jvv2iNqW8KMykaYP2bRsshJSPy2JGWw&oh=00_Af5sEWUupvVZ40RJvFhUA0GbiDYmhGr4B4Ezx39iWCmUsA&oe=6A18C630,https://scontent.fccu3-1.fna.fbcdn.net/v/t39.30808-6/477977223_1041950667976842_7848593144119974913_n.jpg?stp=dst-jpg_p720x720_tt6&_nc_cat=104&ccb=1-7&_nc_sid=833d8c&_nc_ohc=g57BWSywyikQ7kNvwG6SGwP&_nc_oc=AdqkvGjePjsOTvT9wxdAxlO-VxTOyEUGvCc0DkFys5NNCuQoERv7SL7-ed2PiveuZnM&_nc_zt=23&_nc_ht=scontent.fccu3-1.fna&edm=AKIiGfEEAAAA&_nc_gid=jIDcoEo8ydDjwMH59YSwqg&_nc_tpa=Q5bMBQGQDk9dauw7OgBaFcKux8Vv1idJInEm7kbTyEECUWz8mEBSqS3G1uYShjR2usQdvDuy16uMKAuQ7Q&oh=00_Af5lAy9YogrjefuKdpUrGHTM0ONqBGj3R6L9GH07etE7uA&oe=6A18C630,https://www.facebook.com/photo.php?fbid=585681356937111&set=a.448214567350458&type=3,720,935,photo,photo,"#Bharat_Book_Of_Records
🇮🇳🏅🇮🇳🏅🇮🇳🏅🇮🇳🏅🇮🇳🏅🇮🇳🏅🇮🇳🏅🇮🇳🏅🇮🇳
#Record_Holder

Successful Participated in The International Women's day which was conducted on the 7th March 2023 inside the running train VANDE BHARAT EXPRESS Bangalore to Mysore and created a history for the first time in India by celebrating and honouring the Durga Devis of our Nation inside the running train which was appreciated  and accepted to be mentioned in the Prestigious book 
BHARAT BOOK OF RECORDS",https://www.facebook.com/1425872462917992/posts/585681376937109,"#Bharat_Book_Of_Records
🇮🇳🏅🇮🇳🏅🇮🇳🏅🇮🇳🏅🇮🇳🏅🇮🇳🏅🇮🇳🏅🇮🇳🏅🇮🇳
#Record_Holder

Successful Participated in The International Women's day which was conducted on the 7th March 2023 inside the running train VANDE BHARAT EXPRESS Bangalore to Mysore and created a history for the first time in India by celebrating and honouring the Durga Devis of our Nation inside the running train which was appreciated  and accepted to be mentioned in the Prestigious book 
BHARAT BOOK OF RECORDS",TRUE,FALSE,FALSE,FALSE,FALSE,2023-03-09T07:11:59+0000
107248091187807_585681060270474,https://scontent.fccu31-2.fna.fbcdn.net/v/t39.30808-6/476925625_1041950724643503_2784784708785875862_n.jpg?stp=dst-jpg_p720x720_tt6&_nc_cat=111&ccb=1-7&_nc_sid=833d8c&_nc_ohc=lY2pHDBlBbIQ7kNvwEZtHYh&_nc_oc=AdrBRyK9eghgz1UjtpKVyczYd8lkyd2CYIhW_iNVN9MhJ1QUwo-YVHqjX6OnVC_zUXY&_nc_zt=23&_nc_ht=scontent.fccu31-2.fna&edm=AKIiGfEEAAAA&_nc_gid=jIDcoEo8ydDjwMH59YSwqg&_nc_tpa=Q5bMBQGDO6nTuZPDxdDVGKILce6dpOAQ4WzohxoETW0AAOefAl_kJD4H4IhJ7us9uLfrO6RIEaJXQW3bVA&oh=00_Af7rR3cMhg4eYF_htFBs4nzHoe9GUl8lVeSNBdFiOrtQbQ&oe=6A18BB4A,https://scontent.fccu31-2.fna.fbcdn.net/v/t39.30808-6/476925625_1041950724643503_2784784708785875862_n.jpg?stp=dst-jpg_p720x720_tt6&_nc_cat=111&ccb=1-7&_nc_sid=833d8c&_nc_ohc=lY2pHDBlBbIQ7kNvwEZtHYh&_nc_oc=AdrBRyK9eghgz1UjtpKVyczYd8lkyd2CYIhW_iNVN9MhJ1QUwo-YVHqjX6OnVC_zUXY&_nc_zt=23&_nc_ht=scontent.fccu31-2.fna&edm=AKIiGfEEAAAA&_nc_gid=jIDcoEo8ydDjwMH59YSwqg&_nc_tpa=Q5bMBQFFJDNJQRScZzJQTaAGRxGwvtyKgL8YHML9jE2RACPlLVnjHVQGGMPNGQhtC6AYeNEW3BqFH5WeXA&oh=00_Af75gkTIF-a89cvjkIDk_dtutO_SMmAIdPVJ7mooRv5YXg&oe=6A18BB4A,https://www.facebook.com/photo.php?fbid=585681043603809&set=a.448214567350458&type=3,720,935,photo,photo,"#Bharat_Book_Of_Records
🇮🇳🏅🇮🇳🏅🇮🇳🏅🇮🇳🏅🇮🇳🏅🇮🇳🏅🇮🇳🏅🇮🇳🏅🇮🇳
#Record_Holder

Successful Participated in The International Women's day which was conducted on the 7th March 2023 inside the running train VANDE BHARAT EXPRESS Bangalore to Mysore and created a history for the first time in India by celebrating and honouring the Durga Devis of our Nation inside the running train which was appreciated  and accepted to be mentioned in the Prestigious book 
BHARAT BOOK OF RECORDS",https://www.facebook.com/1425872462917992/posts/585681060270474,"#Bharat_Book_Of_Records
🇮🇳🏅🇮🇳🏅🇮🇳🏅🇮🇳🏅🇮🇳🏅🇮🇳🏅🇮🇳🏅🇮🇳🏅🇮🇳
#Record_Holder

Successful Participated in The International Women's day which was conducted on the 7th March 2023 inside the running train VANDE BHARAT EXPRESS Bangalore to Mysore and created a history for the first time in India by celebrating and honouring the Durga Devis of our Nation inside the running train which was appreciated  and accepted to be mentioned in the Prestigious book 
BHARAT BOOK OF RECORDS",TRUE,FALSE,FALSE,FALSE,FALSE,2023-03-09T07:11:09+0000
107248091187807_585680803603833,https://scontent.fccu31-1.fna.fbcdn.net/v/t39.30808-6/478590208_1041950381310204_4175947294052638152_n.jpg?stp=dst-jpg_p720x720_tt6&_nc_cat=105&ccb=1-7&_nc_sid=833d8c&_nc_ohc=JbI9hx2PF78Q7kNvwFwBHRH&_nc_oc=AdrF4aPZMaLojidpTidZCwjxLfkbJJDgA1DYtDLZoedgtc87mwQIIGYdq1vZWJ-iQZQ&_nc_zt=23&_nc_ht=scontent.fccu31-1.fna&edm=AKIiGfEEAAAA&_nc_gid=jIDcoEo8ydDjwMH59YSwqg&_nc_tpa=Q5bMBQE3cnlQvI3AXWAnCN14FsqdZDAXzVqaX7muYxWbAHN6rliMAeY3gZ-oAH5iIb6IGOMizzcL-pIJVA&oh=00_Af7EI6o1GbDMaeHVWY_lVj5OviPbxhCuDdcmUD7Luve66g&oe=6A18BBEE,https://scontent.fccu31-1.fna.fbcdn.net/v/t39.30808-6/478590208_1041950381310204_4175947294052638152_n.jpg?stp=dst-jpg_p720x720_tt6&_nc_cat=105&ccb=1-7&_nc_sid=833d8c&_nc_ohc=JbI9hx2PF78Q7kNvwFwBHRH&_nc_oc=AdrF4aPZMaLojidpTidZCwjxLfkbJJDgA1DYtDLZoedgtc87mwQIIGYdq1vZWJ-iQZQ&_nc_zt=23&_nc_ht=scontent.fccu31-1.fna&edm=AKIiGfEEAAAA&_nc_gid=jIDcoEo8ydDjwMH59YSwqg&_nc_tpa=Q5bMBQFTUwyvJSIbmrjeKdG7rd8kYNJ68SlUkvRz79BFc8kdKoNHeC6hYcdwrj-8QGakzCey9DMnU2L2NQ&oh=00_Af5LV8tlhQwODe1kkYE9nnBodPnfxtfYVKZWB4hED92rNg&oe=6A18BBEE,https://www.facebook.com/photo.php?fbid=585680786937168&set=a.448214567350458&type=3,720,908,photo,photo,"#Bharat_Book_Of_Records
🇮🇳🏅🇮🇳🏅🇮🇳🏅🇮🇳🏅🇮🇳🏅🇮🇳🏅🇮🇳🏅🇮🇳🏅🇮🇳
#Record_Holder

Successful Participated in The International Women's day which was conducted on the 7th March 2023 inside the running train VANDE BHARAT EXPRESS Bangalore to Mysore and created a history for the first time in India by celebrating and honouring the Durga Devis of our Nation inside the running train which was appreciated  and accepted to be mentioned in the Prestigious book 
BHARAT BOOK OF RECORDS",https://www.facebook.com/1425872462917992/posts/585680803603833,"#Bharat_Book_Of_Records
🇮🇳🏅🇮🇳🏅🇮🇳🏅🇮🇳🏅🇮🇳🏅🇮🇳🏅🇮🇳🏅🇮🇳🏅🇮🇳
#Record_Holder

Successful Participated in The International Women's day which was conducted on the 7th March 2023 inside the running train VANDE BHARAT EXPRESS Bangalore to Mysore and created a history for the first time in India by celebrating and honouring the Durga Devis of our Nation inside the running train which was appreciated  and accepted to be mentioned in the Prestigious book 
BHARAT BOOK OF RECORDS",TRUE,FALSE,FALSE,FALSE,FALSE,2023-03-09T07:10:30+0000
107248091187807_585680510270529,https://scontent.fccu3-1.fna.fbcdn.net/v/t39.30808-6/477849452_1041950791310163_6702849678755545908_n.jpg?stp=dst-jpg_p720x720_tt6&_nc_cat=106&ccb=1-7&_nc_sid=833d8c&_nc_ohc=W8eapeCxg5AQ7kNvwGQWbND&_nc_oc=AdpSB797sMAvMYv9rQ4gn79IdUGMAbC7GLNEO5v9OX2T1sI4bccaYCVBr9n1d9PWR_U&_nc_zt=23&_nc_ht=scontent.fccu3-1.fna&edm=AKIiGfEEAAAA&_nc_gid=jIDcoEo8ydDjwMH59YSwqg&_nc_tpa=Q5bMBQGQyoCb46CprfAS2kCDB8CBcXB6AJKMSSYW9qYGc8ikf86iGGILLyIjYpCbpz330tO5Z0380AX6DQ&oh=00_Af63LjTUyoDq0WotqcTRIKCzEOgnvLyFE6PhBxiyRvxjWg&oe=6A18CFC8,https://scontent.fccu3-1.fna.fbcdn.net/v/t39.30808-6/477849452_1041950791310163_6702849678755545908_n.jpg?stp=dst-jpg_p720x720_tt6&_nc_cat=106&ccb=1-7&_nc_sid=833d8c&_nc_ohc=W8eapeCxg5AQ7kNvwGQWbND&_nc_oc=AdpSB797sMAvMYv9rQ4gn79IdUGMAbC7GLNEO5v9OX2T1sI4bccaYCVBr9n1d9PWR_U&_nc_zt=23&_nc_ht=scontent.fccu3-1.fna&edm=AKIiGfEEAAAA&_nc_gid=jIDcoEo8ydDjwMH59YSwqg&_nc_tpa=Q5bMBQGcD5flifx8pxosGZbCeRhqgNtjposstcfn4r33BNVFHeuQwpuQjIjP4rUAo49A0mArYX_IMSkW2w&oh=00_Af6N7oF7KmElYLMcLq0Xb3TaqP5C7RyOTM0lgQOOR4CGHg&oe=6A18CFC8,https://www.facebook.com/photo.php?fbid=585680403603873&set=a.448214567350458&type=3,720,994,photo,photo,"#Bharat_Book_Of_Records
🇮🇳🏅🇮🇳🏅🇮🇳🏅🇮🇳🏅🇮🇳🏅🇮🇳🏅🇮🇳🏅🇮🇳🏅🇮🇳
#Record_Holder

Successful Participated in The International Women's day which was conducted on the 7th March 2023 inside the running train VANDE BHARAT EXPRESS Bangalore to Mysore and created a history for the first time in India by celebrating and honouring the Durga Devis of our Nation inside the running train which was appreciated  and accepted to be mentioned in the Prestigious book 
BHARAT BOOK OF RECORDS",https://www.facebook.com/1425872462917992/posts/585680510270529,"#Bharat_Book_Of_Records
🇮🇳🏅🇮🇳🏅🇮🇳🏅🇮🇳🏅🇮🇳🏅🇮🇳🏅🇮🇳🏅🇮🇳🏅🇮🇳
#Record_Holder

Successful Participated in The International Women's day which was conducted on the 7th March 2023 inside the running train VANDE BHARAT EXPRESS Bangalore to Mysore and created a history for the first time in India by celebrating and honouring the Durga Devis of our Nation inside the running train which was appreciated  and accepted to be mentioned in the Prestigious book 
BHARAT BOOK OF RECORDS",TRUE,FALSE,FALSE,FALSE,FALSE,2023-03-09T07:09:42+0000
107248091187807_585680163603897,https://scontent.fccu31-2.fna.fbcdn.net/v/t39.30808-6/476643663_1041950614643514_6685268514148602044_n.jpg?stp=dst-jpg_p720x720_tt6&_nc_cat=109&ccb=1-7&_nc_sid=833d8c&_nc_ohc=TRY38muVeMMQ7kNvwH-P49T&_nc_oc=Adp0aFUkoGE3A3dVYjX4QBNoMUVHw_iVoD971QGpOfyJ08VuBG2uwLKIz9GuiVEOtVY&_nc_zt=23&_nc_ht=scontent.fccu31-2.fna&edm=AKIiGfEEAAAA&_nc_gid=jIDcoEo8ydDjwMH59YSwqg&_nc_tpa=Q5bMBQH0x-aFa2zQvX85K6wRxQV8J7Fekx4UmOs0FtTNvSHQ-5NdP9bhSm4KuK9BPgJcefTB9CV-vSDE-g&oh=00_Af49qF76nTvSUkgc77YJeptMtsdOGm6ll2WTYgHm2_wRLA&oe=6A18E9A7,https://scontent.fccu31-2.fna.fbcdn.net/v/t39.30808-6/476643663_1041950614643514_6685268514148602044_n.jpg?stp=dst-jpg_p720x720_tt6&_nc_cat=109&ccb=1-7&_nc_sid=833d8c&_nc_ohc=TRY38muVeMMQ7kNvwH-P49T&_nc_oc=Adp0aFUkoGE3A3dVYjX4QBNoMUVHw_iVoD971QGpOfyJ08VuBG2uwLKIz9GuiVEOtVY&_nc_zt=23&_nc_ht=scontent.fccu31-2.fna&edm=AKIiGfEEAAAA&_nc_gid=jIDcoEo8ydDjwMH59YSwqg&_nc_tpa=Q5bMBQHBJHlq8IuNj64p9F2G3HppqZYtg3apgZ0zpJX2Qtbu_-aT5d_JawZIs4cW7Z3MWN6YMDOufoPYSQ&oh=00_Af7sip06JtLQV_T2SnEP__-cz9aV7atVk43qRDhXxzakfw&oe=6A18E9A7,https://www.facebook.com/photo.php?fbid=585680140270566&set=a.448214567350458&type=3,720,937,photo,photo,"#Bharat_Book_Of_Records
🇮🇳🏅🇮🇳🏅🇮🇳🏅🇮🇳🏅🇮🇳🏅🇮🇳🏅🇮🇳🏅🇮🇳🏅🇮🇳
#Record_Holder

Successful Participated in The International Women's day which was conducted on the 7th March 2023 inside the running train VANDE BHARAT EXPRESS Bangalore to Mysore and created a history for the first time in India by celebrating and honouring the Durga Devis of our Nation inside the running train which was appreciated  and accepted to be mentioned in the Prestigious book 
BHARAT BOOK OF RECORDS",https://www.facebook.com/1425872462917992/posts/585680163603897,"#Bharat_Book_Of_Records
🇮🇳🏅🇮🇳🏅🇮🇳🏅🇮🇳🏅🇮🇳🏅🇮🇳🏅🇮🇳🏅🇮🇳🏅🇮🇳
#Record_Holder

Successful Participated in The International Women's day which was conducted on the 7th March 2023 inside the running train VANDE BHARAT EXPRESS Bangalore to Mysore and created a history for the first time in India by celebrating and honouring the Durga Devis of our Nation inside the running train which was appreciated  and accepted to be mentioned in the Prestigious book 
BHARAT BOOK OF RECORDS",TRUE,FALSE,FALSE,FALSE,FALSE,2023-03-09T07:09:06+0000
107248091187807_585679750270605,https://scontent.fccu3-1.fna.fbcdn.net/v/t39.30808-6/479725281_1041950774643498_8038703996159428312_n.jpg?stp=dst-jpg_p720x720_tt6&_nc_cat=104&ccb=1-7&_nc_sid=833d8c&_nc_ohc=XRBf8PYByhkQ7kNvwHMIi9u&_nc_oc=AdrkjclK7HMMvPARYXpo336wS_u3YnCWR4MuOSJEuxQoWCfugsOxF9kxcHbrisAC4VY&_nc_zt=23&_nc_ht=scontent.fccu3-1.fna&edm=AKIiGfEEAAAA&_nc_gid=jIDcoEo8ydDjwMH59YSwqg&_nc_tpa=Q5bMBQE1R52zhmPXED8mdKIXaEqMGHVmCDl_dMPdprctwv4rsW6MrYfXGTDYaapHHmibPBZsc_1Y-oNM3Q&oh=00_Af620Q3fhF0-HOZyHyxWCV1cyYXgFWZuPJkaRfFVFDN7Aw&oe=6A18C6CD,https://scontent.fccu3-1.fna.fbcdn.net/v/t39.30808-6/479725281_1041950774643498_8038703996159428312_n.jpg?stp=dst-jpg_p720x720_tt6&_nc_cat=104&ccb=1-7&_nc_sid=833d8c&_nc_ohc=XRBf8PYByhkQ7kNvwHMIi9u&_nc_oc=AdrkjclK7HMMvPARYXpo336wS_u3YnCWR4MuOSJEuxQoWCfugsOxF9kxcHbrisAC4VY&_nc_zt=23&_nc_ht=scontent.fccu3-1.fna&edm=AKIiGfEEAAAA&_nc_gid=jIDcoEo8ydDjwMH59YSwqg&_nc_tpa=Q5bMBQG0xFjl058FAlk9L-GWOxE3KkTVBAVZkvwjHw-DeuSq59uKp072PNHvExZ5_IDLHC4NTbYrikbWHA&oh=00_Af7kkDwcbLk07RtSpbsJckam74g2oY2ygO73_DgXu5R81A&oe=6A18C6CD,https://www.facebook.com/photo.php?fbid=585679733603940&set=a.448214567350458&type=3,720,925,photo,photo,"#Bharat_Book_Of_Records
🇮🇳🏅🇮🇳🏅🇮🇳🏅🇮🇳🏅🇮🇳🏅🇮🇳🏅🇮🇳🏅🇮🇳🏅🇮🇳
#Record_Holder

Successful Participated in The International Women's day which was conducted on the 7th March 2023 inside the running train VANDE BHARAT EXPRESS Bangalore to Mysore and created a history for the first time in India by celebrating and honouring the Durga Devis of our Nation inside the running train which was appreciated  and accepted to be mentioned in the Prestigious book 
BHARAT BOOK OF RECORDS",https://www.facebook.com/1425872462917992/posts/585679750270605,"#Bharat_Book_Of_Records
🇮🇳🏅🇮🇳🏅🇮🇳🏅🇮🇳🏅🇮🇳🏅🇮🇳🏅🇮🇳🏅🇮🇳🏅🇮🇳
#Record_Holder

Successful Participated in The International Women's day which was conducted on the 7th March 2023 inside the running train VANDE BHARAT EXPRESS Bangalore to Mysore and created a history for the first time in India by celebrating and honouring the Durga Devis of our Nation inside the running train which was appreciated  and accepted to be mentioned in the Prestigious book 
BHARAT BOOK OF RECORDS",TRUE,FALSE,FALSE,FALSE,FALSE,2023-03-09T07:08:22+0000
107248091187807_585679573603956,https://scontent.fccu31-1.fna.fbcdn.net/v/t39.30808-6/477857006_1041950637976845_8551158341225792099_n.jpg?stp=dst-jpg_p720x720_tt6&_nc_cat=105&ccb=1-7&_nc_sid=833d8c&_nc_ohc=b58voa6yEFcQ7kNvwFxahYJ&_nc_oc=AdoRJqh8-eOf34kfsmN3Ojs_ANN8hmwilDHIyjkU_3BwlFl75r1FJZc3NF4JBlsmqqw&_nc_zt=23&_nc_ht=scontent.fccu31-1.fna&edm=AKIiGfEEAAAA&_nc_gid=jIDcoEo8ydDjwMH59YSwqg&_nc_tpa=Q5bMBQG4OPFGUAaq9npolu19TiqZs4agsgaiySOPBLkqT8JtWruCgNfOXKSCcu7GrVaOq_2vU9H1E2s9Ew&oh=00_Af64nvUvi_UQAvi-FALkr1r6lE-xK37pZGD7wdcfOFc1vg&oe=6A18E4FC,https://scontent.fccu31-1.fna.fbcdn.net/v/t39.30808-6/477857006_1041950637976845_8551158341225792099_n.jpg?stp=dst-jpg_p720x720_tt6&_nc_cat=105&ccb=1-7&_nc_sid=833d8c&_nc_ohc=b58voa6yEFcQ7kNvwFxahYJ&_nc_oc=AdoRJqh8-eOf34kfsmN3Ojs_ANN8hmwilDHIyjkU_3BwlFl75r1FJZc3NF4JBlsmqqw&_nc_zt=23&_nc_ht=scontent.fccu31-1.fna&edm=AKIiGfEEAAAA&_nc_gid=jIDcoEo8ydDjwMH59YSwqg&_nc_tpa=Q5bMBQF89e3PullkMvIwxJdXb-ktR0K9ENCxVy7uwo5Om8yvKkY83ZFTOErSMBU6zWYv4GsVjSf0tHsMLA&oh=00_Af5dLwydxLSQ2vTBwy3gwqqWj100L-0tynZ-IazvXDd9SA&oe=6A18E4FC,https://www.facebook.com/photo.php?fbid=585679553603958&set=a.448214567350458&type=3,720,939,photo,photo,"#Bharat_Book_Of_Records
🇮🇳🏅🇮🇳🏅🇮🇳🏅🇮🇳🏅🇮🇳🏅🇮🇳🏅🇮🇳🏅🇮🇳🏅🇮🇳
#Record_Holder

Successful Participated in The International Women's day which was conducted on the 7th March 2023 inside the running train VANDE BHARAT EXPRESS Bangalore to Mysore and created a history for the first time in India by celebrating and honouring the Durga Devis of our Nation inside the running train which was appreciated  and accepted to be mentioned in the Prestigious book 
BHARAT BOOK OF RECORDS",https://www.facebook.com/1425872462917992/posts/585679573603956,"#Bharat_Book_Of_Records
🇮🇳🏅🇮🇳🏅🇮🇳🏅🇮🇳🏅🇮🇳🏅🇮🇳🏅🇮🇳🏅🇮🇳🏅🇮🇳
#Record_Holder

Successful Participated in The International Women's day which was conducted on the 7th March 2023 inside the running train VANDE BHARAT EXPRESS Bangalore to Mysore and created a history for the first time in India by celebrating and honouring the Durga Devis of our Nation inside the running train which was appreciated  and accepted to be mentioned in the Prestigious book 
BHARAT BOOK OF RECORDS",TRUE,FALSE,FALSE,FALSE,FALSE,2023-03-09T07:07:53+0000
107248091187807_585679320270648,https://scontent.fccu31-1.fna.fbcdn.net/v/t39.30808-6/477136655_1041950421310200_4524426500166385378_n.jpg?stp=dst-jpg_p720x720_tt6&_nc_cat=100&ccb=1-7&_nc_sid=833d8c&_nc_ohc=LZ7WfxtjOxYQ7kNvwHGfeM5&_nc_oc=AdoCGwut-Chf1HXqCBe5HZK4x5B9TQ1gdj-DpHV5KKNUIdXVeqnTfp9dnu_4AgtgQIU&_nc_zt=23&_nc_ht=scontent.fccu31-1.fna&edm=AKIiGfEEAAAA&_nc_gid=jIDcoEo8ydDjwMH59YSwqg&_nc_tpa=Q5bMBQGtoZk4rA2EsN9IAi66k29whldMS_V9lTwyf7_6Cb2wpM5aC_ZF8lKo7fJvfanRpezi5DpvLsV04A&oh=00_Af6ES7Cu9L5-ybnJtd7w67WwFibl2cUTdgYQg5g9nvmeOQ&oe=6A18DADA,https://scontent.fccu31-1.fna.fbcdn.net/v/t39.30808-6/477136655_1041950421310200_4524426500166385378_n.jpg?stp=dst-jpg_p720x720_tt6&_nc_cat=100&ccb=1-7&_nc_sid=833d8c&_nc_ohc=LZ7WfxtjOxYQ7kNvwHGfeM5&_nc_oc=AdoCGwut-Chf1HXqCBe5HZK4x5B9TQ1gdj-DpHV5KKNUIdXVeqnTfp9dnu_4AgtgQIU&_nc_zt=23&_nc_ht=scontent.fccu31-1.fna&edm=AKIiGfEEAAAA&_nc_gid=jIDcoEo8ydDjwMH59YSwqg&_nc_tpa=Q5bMBQHHK7YFBjIlH0UBD-w94SczCNwXFNfmrUenOvg6aMSLlurEfnhsr0juFUXXHX1CZrXxydekxDOT-w&oh=00_Af5_Zui3U9E0qhzNGGz0I2jvfBgdKMFVZVUZxX5Vxl6G7A&oe=6A18DADA,https://www.facebook.com/photo.php?fbid=585679296937317&set=a.448214567350458&type=3,720,887,photo,photo,"#Bharat_Book_Of_Records
🇮🇳🏅🇮🇳🏅🇮🇳🏅🇮🇳🏅🇮🇳🏅🇮🇳🏅🇮🇳🏅🇮🇳🏅🇮🇳
#Record_Holder

Successful Participated in The International Women's day which was conducted on the 7th March 2023 inside the running train VANDE BHARAT EXPRESS Bangalore to Mysore and created a history for the first time in India by celebrating and honouring the Durga Devis of our Nation inside the running train which was appreciated  and accepted to be mentioned in the Prestigious book 
BHARAT BOOK OF RECORDS",https://www.facebook.com/1425872462917992/posts/585679320270648,"#Bharat_Book_Of_Records
🇮🇳🏅🇮🇳🏅🇮🇳🏅🇮🇳🏅🇮🇳🏅🇮🇳🏅🇮🇳🏅🇮🇳🏅🇮🇳
#Record_Holder

Successful Participated in The International Women's day which was conducted on the 7th March 2023 inside the running train VANDE BHARAT EXPRESS Bangalore to Mysore and created a history for the first time in India by celebrating and honouring the Durga Devis of our Nation inside the running train which was appreciated  and accepted to be mentioned in the Prestigious book 
BHARAT BOOK OF RECORDS",TRUE,FALSE,FALSE,FALSE,FALSE,2023-03-09T07:07:18+0000
107248091187807_585679030270677,https://scontent.fccu31-1.fna.fbcdn.net/v/t39.30808-6/477230741_1041950454643530_4151736061081289042_n.jpg?stp=dst-jpg_p720x720_tt6&_nc_cat=107&ccb=1-7&_nc_sid=833d8c&_nc_ohc=j_k1cDilHy0Q7kNvwGGX0pf&_nc_oc=AdojHoNAgwnBCqlR7zeQ5P87LxU1Tpw18hc6IfRm0Mkt15HZnxjLB33cUttX5R3Q5yE&_nc_zt=23&_nc_ht=scontent.fccu31-1.fna&edm=AKIiGfEEAAAA&_nc_gid=jIDcoEo8ydDjwMH59YSwqg&_nc_tpa=Q5bMBQFpAa_KZR3VVdsdz4gkbeLBqua-bT5C0bAjm_sXqbCJa6t-iOcn4lCg-mwSL9aI2sOaNSf1ALx-Ng&oh=00_Af6Ok1vyKSvxjz2dlBdvnWazHt05cD5yzfuQzeH0WdqNng&oe=6A18D4DD,https://scontent.fccu31-1.fna.fbcdn.net/v/t39.30808-6/477230741_1041950454643530_4151736061081289042_n.jpg?stp=dst-jpg_p720x720_tt6&_nc_cat=107&ccb=1-7&_nc_sid=833d8c&_nc_ohc=j_k1cDilHy0Q7kNvwGGX0pf&_nc_oc=AdojHoNAgwnBCqlR7zeQ5P87LxU1Tpw18hc6IfRm0Mkt15HZnxjLB33cUttX5R3Q5yE&_nc_zt=23&_nc_ht=scontent.fccu31-1.fna&edm=AKIiGfEEAAAA&_nc_gid=jIDcoEo8ydDjwMH59YSwqg&_nc_tpa=Q5bMBQGWlQbsp1u_oujKoY3-tdYf-315cnFCRy8Z2f7ZHP7jc746alaZw_G0yuNwMbeGy3x3XzWjeEWAlg&oh=00_Af4x2syN12jwO-8NxuAJY5J7ieGMeDz2JoXPrWW0RYA1CQ&oe=6A18D4DD,https://www.facebook.com/photo.php?fbid=585679013604012&set=a.448214567350458&type=3,720,908,photo,photo,"#Bharat_Book_Of_Records
🇮🇳🏅🇮🇳🏅🇮🇳🏅🇮🇳🏅🇮🇳🏅🇮🇳🏅🇮🇳🏅🇮🇳🏅🇮🇳
#Record_Holder

Successful Participated in The International Women's day which was conducted on the 7th March 2023 inside the running train VANDE BHARAT EXPRESS Bangalore to Mysore and created a history for the first time in India by celebrating and honouring the Durga Devis of our Nation inside the running train which was appreciated  and accepted to be mentioned in the Prestigious book 
BHARAT BOOK OF RECORDS",https://www.facebook.com/1425872462917992/posts/585679030270677,"#Bharat_Book_Of_Records
🇮🇳🏅🇮🇳🏅🇮🇳🏅🇮🇳🏅🇮🇳🏅🇮🇳🏅🇮🇳🏅🇮🇳🏅🇮🇳
#Record_Holder

Successful Participated in The International Women's day which was conducted on the 7th March 2023 inside the running train VANDE BHARAT EXPRESS Bangalore to Mysore and created a history for the first time in India by celebrating and honouring the Durga Devis of our Nation inside the running train which was appreciated  and accepted to be mentioned in the Prestigious book 
BHARAT BOOK OF RECORDS",TRUE,FALSE,FALSE,FALSE,FALSE,2023-03-09T07:06:41+0000
107248091187807_585678580270722,https://scontent.fccu3-1.fna.fbcdn.net/v/t39.30808-6/476642160_1041950677976841_7658150155224620888_n.jpg?stp=dst-jpg_p720x720_tt6&_nc_cat=106&ccb=1-7&_nc_sid=833d8c&_nc_ohc=8Rjx9-MGuaAQ7kNvwFckIaO&_nc_oc=AdrGoZifD4tY04KCJc7xfoSx8A71tjVuLk63wYlSchdw-9lASTfrw3niuuiwrG6JxPk&_nc_zt=23&_nc_ht=scontent.fccu3-1.fna&edm=AKIiGfEEAAAA&_nc_gid=jIDcoEo8ydDjwMH59YSwqg&_nc_tpa=Q5bMBQHWrptktqeiy5iNkA7UnyXYktc8clKTeSyBiynzZmcR5mj3zQeM5r3aM8wydohDhOWVteqz3xowJg&oh=00_Af44uaPdd9rPpEBiF9JdLEv80wVWbuuLCff4M7gmWneEKw&oe=6A18D9ED,https://scontent.fccu3-1.fna.fbcdn.net/v/t39.30808-6/476642160_1041950677976841_7658150155224620888_n.jpg?stp=dst-jpg_p720x720_tt6&_nc_cat=106&ccb=1-7&_nc_sid=833d8c&_nc_ohc=8Rjx9-MGuaAQ7kNvwFckIaO&_nc_oc=AdrGoZifD4tY04KCJc7xfoSx8A71tjVuLk63wYlSchdw-9lASTfrw3niuuiwrG6JxPk&_nc_zt=23&_nc_ht=scontent.fccu3-1.fna&edm=AKIiGfEEAAAA&_nc_gid=jIDcoEo8ydDjwMH59YSwqg&_nc_tpa=Q5bMBQGi-YHTuYKxL2h2tvAQnnJUcaMPN466DyVKrlI_uiO32EisJudPZEgkg7tp0iH6tX6Qg76uaQYZqw&oh=00_Af5k6Le_CJHMVp97BHfPTpx3wuxwyaiD7FqOaK8Vl87Fng&oe=6A18D9ED,https://www.facebook.com/photo.php?fbid=585678556937391&set=a.448214567350458&type=3,720,919,photo,photo,"#Bharat_Book_Of_Records
🇮🇳🏅🇮🇳🏅🇮🇳🏅🇮🇳🏅🇮🇳🏅🇮🇳🏅🇮🇳🏅🇮🇳🏅🇮🇳
#Record_Holder

Successful Participated in The International Women's day which was conducted on the 7th March 2023 inside the running train VANDE BHARAT EXPRESS Bangalore to Mysore and created a history for the first time in India by celebrating and honouring the Durga Devis of our Nation inside the running train which was appreciated  and accepted to be mentioned in the Prestigious book 
BHARAT BOOK OF RECORDS",https://www.facebook.com/1425872462917992/posts/585678580270722,"#Bharat_Book_Of_Records
🇮🇳🏅🇮🇳🏅🇮🇳🏅🇮🇳🏅🇮🇳🏅🇮🇳🏅🇮🇳🏅🇮🇳🏅🇮🇳
#Record_Holder

Successful Participated in The International Women's day which was conducted on the 7th March 2023 inside the running train VANDE BHARAT EXPRESS Bangalore to Mysore and created a history for the first time in India by celebrating and honouring the Durga Devis of our Nation inside the running train which was appreciated  and accepted to be mentioned in the Prestigious book 
BHARAT BOOK OF RECORDS",TRUE,FALSE,FALSE,FALSE,FALSE,2023-03-09T07:05:15+0000
107248091187807_585678323604081,https://scontent.fccu31-2.fna.fbcdn.net/v/t39.30808-6/477640269_1041950624643513_5147530583511325421_n.jpg?stp=dst-jpg_p720x720_tt6&_nc_cat=103&ccb=1-7&_nc_sid=833d8c&_nc_ohc=xaxeUoz1BBAQ7kNvwFTvJyv&_nc_oc=AdrnBZUCAEHWl9NP_YpiE91H6Loe_jHwDinPwm796TY2vncYRG9wmcYCwxKEtu1KYWo&_nc_zt=23&_nc_ht=scontent.fccu31-2.fna&edm=AKIiGfEEAAAA&_nc_gid=jIDcoEo8ydDjwMH59YSwqg&_nc_tpa=Q5bMBQGR3oQG9RmBkZ0FUwPrRnYIyQ9Vh0ILfbVIgv6_TVJzUjz8WOAJNeqY2rxnoenZH7K9EGEqppSIWA&oh=00_Af7Hpm0zHPWwRuWBaygg8ZMuzCBjEHFZ90-oWnkw9h7Bxw&oe=6A18D7A6,https://scontent.fccu31-2.fna.fbcdn.net/v/t39.30808-6/477640269_1041950624643513_5147530583511325421_n.jpg?stp=dst-jpg_p720x720_tt6&_nc_cat=103&ccb=1-7&_nc_sid=833d8c&_nc_ohc=xaxeUoz1BBAQ7kNvwFTvJyv&_nc_oc=AdrnBZUCAEHWl9NP_YpiE91H6Loe_jHwDinPwm796TY2vncYRG9wmcYCwxKEtu1KYWo&_nc_zt=23&_nc_ht=scontent.fccu31-2.fna&edm=AKIiGfEEAAAA&_nc_gid=jIDcoEo8ydDjwMH59YSwqg&_nc_tpa=Q5bMBQEd1KT42o8nSE4tZxAfoHHCAgMs2SPW6utP4iMMHgqGWMrP_pwktYid_TD0lksjpqOHznZ0znjafw&oh=00_Af59n9fx5Fc6ojWgj4Lwz4r7kyVqmpnum_Jtuxfl9ILdxw&oe=6A18D7A6,https://www.facebook.com/photo.php?fbid=585678306937416&set=a.448214567350458&type=3,720,919,photo,photo,"#Bharat_Book_Of_Records
🇮🇳🏅🇮🇳🏅🇮🇳🏅🇮🇳🏅🇮🇳🏅🇮🇳🏅🇮🇳🏅🇮🇳🏅🇮🇳
#Record_Holder

Successful Participated in The International Women's day which was conducted on the 7th March 2023 inside the running train VANDE BHARAT EXPRESS Bangalore to Mysore and created a history for the first time in India by celebrating and honouring the Durga Devis of our Nation inside the running train which was appreciated  and accepted to be mentioned in the Prestigious book 
BHARAT BOOK OF RECORDS",https://www.facebook.com/1425872462917992/posts/585678323604081,"#Bharat_Book_Of_Records
🇮🇳🏅🇮🇳🏅🇮🇳🏅🇮🇳🏅🇮🇳🏅🇮🇳🏅🇮🇳🏅🇮🇳🏅🇮🇳
#Record_Holder

Successful Participated in The International Women's day which was conducted on the 7th March 2023 inside the running train VANDE BHARAT EXPRESS Bangalore to Mysore and created a history for the first time in India by celebrating and honouring the Durga Devis of our Nation inside the running train which was appreciated  and accepted to be mentioned in the Prestigious book 
BHARAT BOOK OF RECORDS",TRUE,FALSE,FALSE,FALSE,FALSE,2023-03-09T07:04:43+0000
107248091187807_585677900270790,https://scontent.fccu31-1.fna.fbcdn.net/v/t39.30808-6/478615171_1041950621310180_9101261255956922289_n.jpg?stp=dst-jpg_p720x720_tt6&_nc_cat=107&ccb=1-7&_nc_sid=833d8c&_nc_ohc=Td1psPe4qigQ7kNvwHQuVZ5&_nc_oc=AdpjE0fbe3bXrXHs8-_mVGCdkg6PzKlJPjN3ms-quU2yZu4evFO0gAVrAUmEIzSbRoE&_nc_zt=23&_nc_ht=scontent.fccu31-1.fna&edm=AKIiGfEEAAAA&_nc_gid=jIDcoEo8ydDjwMH59YSwqg&_nc_tpa=Q5bMBQFLf-Rju8cY7s4_wTWfB4ZGR47OFxFBwXq81D1Ilg7UXbqF1eBpVRaceKC54LDe0xGE-O_oodltWA&oh=00_Af5Inky4-YAkfRNN2RkD45I33_HNd-wH_bESL0akCrDS8g&oe=6A18E558,https://scontent.fccu31-1.fna.fbcdn.net/v/t39.30808-6/478615171_1041950621310180_9101261255956922289_n.jpg?stp=dst-jpg_p720x720_tt6&_nc_cat=107&ccb=1-7&_nc_sid=833d8c&_nc_ohc=Td1psPe4qigQ7kNvwHQuVZ5&_nc_oc=AdpjE0fbe3bXrXHs8-_mVGCdkg6PzKlJPjN3ms-quU2yZu4evFO0gAVrAUmEIzSbRoE&_nc_zt=23&_nc_ht=scontent.fccu31-1.fna&edm=AKIiGfEEAAAA&_nc_gid=jIDcoEo8ydDjwMH59YSwqg&_nc_tpa=Q5bMBQGBM9Wz6ERh_-HOxU3SvkOZdCLuWwwmy1a2Y5SUjkv2zwIui8Cbzz8DUcfBLBVo538kO_zMCEbzbw&oh=00_Af47Tte66HK846ng0s4g7BW4D5WWhNstbqXFacnRvxH44Q&oe=6A18E558,https://www.facebook.com/photo.php?fbid=585677873604126&set=a.448214567350458&type=3,720,934,photo,photo,"#Bharat_Book_Of_Records
🇮🇳🏅🇮🇳🏅🇮🇳🏅🇮🇳🏅🇮🇳🏅🇮🇳🏅🇮🇳🏅🇮🇳🏅🇮🇳
#Record_Holder

Successful Participated in The International Women's day which was conducted on the 7th March 2023 inside the running train VANDE BHARAT EXPRESS Bangalore to Mysore and created a history for the first time in India by celebrating and honouring the Durga Devis of our Nation inside the running train which was appreciated  and accepted to be mentioned in the Prestigious book 
BHARAT BOOK OF RECORDS",https://www.facebook.com/1425872462917992/posts/585677900270790,"#Bharat_Book_Of_Records
🇮🇳🏅🇮🇳🏅🇮🇳🏅🇮🇳🏅🇮🇳🏅🇮🇳🏅🇮🇳🏅🇮🇳🏅🇮🇳
#Record_Holder

Successful Participated in The International Women's day which was conducted on the 7th March 2023 inside the running train VANDE BHARAT EXPRESS Bangalore to Mysore and created a history for the first time in India by celebrating and honouring the Durga Devis of our Nation inside the running train which was appreciated  and accepted to be mentioned in the Prestigious book 
BHARAT BOOK OF RECORDS",TRUE,FALSE,FALSE,FALSE,FALSE,2023-03-09T07:03:44+0000
107248091187807_585677670270813,https://scontent.fccu31-1.fna.fbcdn.net/v/t39.30808-6/477036847_1041950687976840_9207563224214088718_n.jpg?stp=dst-jpg_p720x720_tt6&_nc_cat=110&ccb=1-7&_nc_sid=833d8c&_nc_ohc=lgpvTwszbYAQ7kNvwFtmPeF&_nc_oc=AdpNxiUeN2SZlcJYpJ5tnJqw6WQT-m2wPpbUwHbSjTpv53yr--k2L809oz1_vk0IesA&_nc_zt=23&_nc_ht=scontent.fccu31-1.fna&edm=AKIiGfEEAAAA&_nc_gid=jIDcoEo8ydDjwMH59YSwqg&_nc_tpa=Q5bMBQGUbkbsrj5FJ5ponvOH_pHUhylFX6MV7vaQNVC9n5qgeMoP7gkYbCbWz7FTvyBDJwcx4_zTUcCL7A&oh=00_Af7H3TYmw_Yof--eDk38naHIvEr7z4qKJ-P6G-wMRtW2nA&oe=6A18F1A1,https://scontent.fccu31-1.fna.fbcdn.net/v/t39.30808-6/477036847_1041950687976840_9207563224214088718_n.jpg?stp=dst-jpg_p720x720_tt6&_nc_cat=110&ccb=1-7&_nc_sid=833d8c&_nc_ohc=lgpvTwszbYAQ7kNvwFtmPeF&_nc_oc=AdpNxiUeN2SZlcJYpJ5tnJqw6WQT-m2wPpbUwHbSjTpv53yr--k2L809oz1_vk0IesA&_nc_zt=23&_nc_ht=scontent.fccu31-1.fna&edm=AKIiGfEEAAAA&_nc_gid=jIDcoEo8ydDjwMH59YSwqg&_nc_tpa=Q5bMBQH_EgpvHb-7xLIpgJy03AXqT9lgPksKv3J3eQ_AgiyeynSaWWmN0vTAkc6hx4qh_GsaOJ0JwMsbiQ&oh=00_Af6KcyFMtqH2oSrKH4US7wEqyrGOEQmzuXs0mMO37bcF1g&oe=6A18F1A1,https://www.facebook.com/photo.php?fbid=585677646937482&set=a.448214567350458&type=3,720,915,photo,photo,"#Bharat_Book_Of_Records
🇮🇳🏅🇮🇳🏅🇮🇳🏅🇮🇳🏅🇮🇳🏅🇮🇳🏅🇮🇳🏅🇮🇳🏅🇮🇳
#Record_Holder

Successful Participated in The International Women's day which was conducted on the 7th March 2023 inside the running train VANDE BHARAT EXPRESS Bangalore to Mysore and created a history for the first time in India by celebrating and honouring the Durga Devis of our Nation inside the running train which was appreciated  and accepted to be mentioned in the Prestigious book 
BHARAT BOOK OF RECORDS",https://www.facebook.com/1425872462917992/posts/585677670270813,"#Bharat_Book_Of_Records
🇮🇳🏅🇮🇳🏅🇮🇳🏅🇮🇳🏅🇮🇳🏅🇮🇳🏅🇮🇳🏅🇮🇳🏅🇮🇳
#Record_Holder

Successful Participated in The International Women's day which was conducted on the 7th March 2023 inside the running train VANDE BHARAT EXPRESS Bangalore to Mysore and created a history for the first time in India by celebrating and honouring the Durga Devis of our Nation inside the running train which was appreciated  and accepted to be mentioned in the Prestigious book 
BHARAT BOOK OF RECORDS",TRUE,FALSE,FALSE,FALSE,FALSE,2023-03-09T07:03:07+0000
107248091187807_585677443604169,https://scontent.fccu31-2.fna.fbcdn.net/v/t39.30808-6/477592011_1041950681310174_2999300921635280698_n.jpg?_nc_cat=103&ccb=1-7&_nc_sid=833d8c&_nc_ohc=n0LG2lJVSk0Q7kNvwEg8eNU&_nc_oc=AdqMg0u79j3Q1g079w7U2Akt3ui28BGH599Gx1MQmxta2tv6ENi_KG5MWT2mwGJw7vM&_nc_zt=23&_nc_ht=scontent.fccu31-2.fna&edm=AKIiGfEEAAAA&_nc_gid=jIDcoEo8ydDjwMH59YSwqg&_nc_tpa=Q5bMBQFq2h9n7vD7_J_mSTrO1cqTHPX4_KZmQGZYq1LYjcjryrE_Y7yrCX9qsHtNpXB3CMWtkiHNWWLgWw&oh=00_Af5L6t030u8eKX6ARmCaYAzUxpjoiIChw_AcLPaAsAVuaQ&oe=6A18CC15,https://scontent.fccu31-2.fna.fbcdn.net/v/t39.30808-6/477592011_1041950681310174_2999300921635280698_n.jpg?_nc_cat=103&ccb=1-7&_nc_sid=833d8c&_nc_ohc=n0LG2lJVSk0Q7kNvwEg8eNU&_nc_oc=AdqMg0u79j3Q1g079w7U2Akt3ui28BGH599Gx1MQmxta2tv6ENi_KG5MWT2mwGJw7vM&_nc_zt=23&_nc_ht=scontent.fccu31-2.fna&edm=AKIiGfEEAAAA&_nc_gid=jIDcoEo8ydDjwMH59YSwqg&_nc_tpa=Q5bMBQFIrZIVm1POLvW2kL6FwNxLnpmEmwpgc9aTG_D_m8LU-TSj4nKPKtf2zkUUONyWonRq4IDV41Ojxw&oh=00_Af6CCcL-GMIu3Xs9AbCEVzrn1XJRZOtmNqPmrWok-ye_QA&oe=6A18CC15,https://www.facebook.com/photo.php?fbid=585677423604171&set=a.448214567350458&type=3,715,960,photo,photo,"#Bharat_Book_Of_Records
🇮🇳🏅🇮🇳🏅🇮🇳🏅🇮🇳🏅🇮🇳🏅🇮🇳🏅🇮🇳🏅🇮🇳🏅🇮🇳
#Record_Holder

Successful Participated in The International Women's day which was conducted on the 7th March 2023 inside the running train VANDE BHARAT EXPRESS Bangalore to Mysore and created a history for the first time in India by celebrating and honouring the Durga Devis of our Nation inside the running train which was appreciated  and accepted to be mentioned in the Prestigious book 
BHARAT BOOK OF RECORDS",https://www.facebook.com/1425872462917992/posts/585677443604169,"#Bharat_Book_Of_Records
🇮🇳🏅🇮🇳🏅🇮🇳🏅🇮🇳🏅🇮🇳🏅🇮🇳🏅🇮🇳🏅🇮🇳🏅🇮🇳
#Record_Holder

Successful Participated in The International Women's day which was conducted on the 7th March 2023 inside the running train VANDE BHARAT EXPRESS Bangalore to Mysore and created a history for the first time in India by celebrating and honouring the Durga Devis of our Nation inside the running train which was appreciated  and accepted to be mentioned in the Prestigious book 
BHARAT BOOK OF RECORDS",TRUE,FALSE,FALSE,FALSE,FALSE,2023-03-09T07:02:38+0000
107248091187807_585677233604190,https://scontent.fccu31-2.fna.fbcdn.net/v/t39.30808-6/477921352_1041950437976865_5445306157033025568_n.jpg?stp=dst-jpg_p720x720_tt6&_nc_cat=111&ccb=1-7&_nc_sid=833d8c&_nc_ohc=QSxEHi7wnpIQ7kNvwF-td-U&_nc_oc=AdpcCHsRHi1Bl1Do8sKODu3tl9_TTRwm7XROBIMS21irEjNbipnNYGNqBUe-qNwXejs&_nc_zt=23&_nc_ht=scontent.fccu31-2.fna&edm=AKIiGfEEAAAA&_nc_gid=jIDcoEo8ydDjwMH59YSwqg&_nc_tpa=Q5bMBQGFObL52_SzBGYTEENEGQKq5qbNnehFgmsjdUHO2BsTC26GD958epbeEd-In1G6zur0hjqPmrtVoA&oh=00_Af6XxZBbzz0olqp5NoR-de3QSf2R3l3wrLB7BA8Rt86zyw&oe=6A18E1B5,https://scontent.fccu31-2.fna.fbcdn.net/v/t39.30808-6/477921352_1041950437976865_5445306157033025568_n.jpg?stp=dst-jpg_p720x720_tt6&_nc_cat=111&ccb=1-7&_nc_sid=833d8c&_nc_ohc=QSxEHi7wnpIQ7kNvwF-td-U&_nc_oc=AdpcCHsRHi1Bl1Do8sKODu3tl9_TTRwm7XROBIMS21irEjNbipnNYGNqBUe-qNwXejs&_nc_zt=23&_nc_ht=scontent.fccu31-2.fna&edm=AKIiGfEEAAAA&_nc_gid=jIDcoEo8ydDjwMH59YSwqg&_nc_tpa=Q5bMBQHTkq2u_ij7zWYaU8uxL6RZ2m5Tce8DSqwEmY2nCH6C7jhr1zb6UqPIydP04T0aJL3Z_bGLH5X08g&oh=00_Af4nbU9jcpp8ucQ7YdGOUqbvSU6vOXUJ6pDRQUY7A5B91w&oe=6A18E1B5,https://www.facebook.com/photo.php?fbid=585677213604192&set=a.448214567350458&type=3,720,786,photo,photo,"#Bharat_Book_Of_Records
🇮🇳🏅🇮🇳🏅🇮🇳🏅🇮🇳🏅🇮🇳🏅🇮🇳🏅🇮🇳🏅🇮🇳🏅🇮🇳
#Record_Holder

Successful Participated in The International Women's day which was conducted on the 7th March 2023 inside the running train VANDE BHARAT EXPRESS Bangalore to Mysore and created a history for the first time in India by celebrating and honouring the Durga Devis of our Nation inside the running train which was appreciated  and accepted to be mentioned in the Prestigious book 
BHARAT BOOK OF RECORDS",https://www.facebook.com/1425872462917992/posts/585677233604190,"#Bharat_Book_Of_Records
🇮🇳🏅🇮🇳🏅🇮🇳🏅🇮🇳🏅🇮🇳🏅🇮🇳🏅🇮🇳🏅🇮🇳🏅🇮🇳
#Record_Holder

Successful Participated in The International Women's day which was conducted on the 7th March 2023 inside the running train VANDE BHARAT EXPRESS Bangalore to Mysore and created a history for the first time in India by celebrating and honouring the Durga Devis of our Nation inside the running train which was appreciated  and accepted to be mentioned in the Prestigious book 
BHARAT BOOK OF RECORDS",TRUE,FALSE,FALSE,FALSE,FALSE,2023-03-09T07:02:11+0000
107248091187807_585676823604231,https://scontent.fccu31-1.fna.fbcdn.net/v/t39.30808-6/478018472_1041950364643539_3336225856509077026_n.jpg?stp=dst-jpg_p720x720_tt6&_nc_cat=110&ccb=1-7&_nc_sid=833d8c&_nc_ohc=YGelG1g4c0gQ7kNvwF5g-Sz&_nc_oc=AdraGAhQfMen3XcdDs2EPC15X2oPAAXNdd_KJ5xMzCqJ0NIxVx-E3MugUFR9IxZ0pHE&_nc_zt=23&_nc_ht=scontent.fccu31-1.fna&edm=AKIiGfEEAAAA&_nc_gid=jIDcoEo8ydDjwMH59YSwqg&_nc_tpa=Q5bMBQEu6YLELnYszQd_nsIHWvFlffnowSwtv3loXS625QZHHEE-sNsOMEUJvb1cMV930MI2C5SXJT_Jjg&oh=00_Af7vBNDwzRCop83KOjTAd34BdKfY1bQaf15gRoUEzGYzqA&oe=6A18F05B,https://scontent.fccu31-1.fna.fbcdn.net/v/t39.30808-6/478018472_1041950364643539_3336225856509077026_n.jpg?stp=dst-jpg_p720x720_tt6&_nc_cat=110&ccb=1-7&_nc_sid=833d8c&_nc_ohc=YGelG1g4c0gQ7kNvwF5g-Sz&_nc_oc=AdraGAhQfMen3XcdDs2EPC15X2oPAAXNdd_KJ5xMzCqJ0NIxVx-E3MugUFR9IxZ0pHE&_nc_zt=23&_nc_ht=scontent.fccu31-1.fna&edm=AKIiGfEEAAAA&_nc_gid=jIDcoEo8ydDjwMH59YSwqg&_nc_tpa=Q5bMBQEVJGmM3JEz_O2V3I9vbEJX1cAQSadlMOTCW3c9FlSMW_FLLbGWphKbSFkungppXKAbRfiIUEZYiA&oh=00_Af4OyhTxEwJvHxgy4ty-4-RIId2KSumMjyC0Lg7dQ0YFEQ&oe=6A18F05B,https://www.facebook.com/photo.php?fbid=585676796937567&set=a.448214567350458&type=3,720,894,photo,photo,"#Bharat_Book_Of_Records
🇮🇳🏅🇮🇳🏅🇮🇳🏅🇮🇳🏅🇮🇳🏅🇮🇳🏅🇮🇳🏅🇮🇳🏅🇮🇳
#Record_Holder

Successful Participated in The International Women's day which was conducted on the 7th March 2023 inside the running train VANDE BHARAT EXPRESS Bangalore to Mysore and created a history for the first time in India by celebrating and honouring the Durga Devis of our Nation inside the running train which was appreciated  and accepted to be mentioned in the Prestigious book 
BHARAT BOOK OF RECORDS",https://www.facebook.com/1425872462917992/posts/585676823604231,"#Bharat_Book_Of_Records
🇮🇳🏅🇮🇳🏅🇮🇳🏅🇮🇳🏅🇮🇳🏅🇮🇳🏅🇮🇳🏅🇮🇳🏅🇮🇳
#Record_Holder

Successful Participated in The International Women's day which was conducted on the 7th March 2023 inside the running train VANDE BHARAT EXPRESS Bangalore to Mysore and created a history for the first time in India by celebrating and honouring the Durga Devis of our Nation inside the running train which was appreciated  and accepted to be mentioned in the Prestigious book 
BHARAT BOOK OF RECORDS",TRUE,FALSE,FALSE,FALSE,FALSE,2023-03-09T07:01:36+0000
107248091187807_585676640270916,https://scontent.fccu31-1.fna.fbcdn.net/v/t39.30808-6/478130225_1041950797976829_5789298929233857429_n.jpg?stp=dst-jpg_p720x720_tt6&_nc_cat=105&ccb=1-7&_nc_sid=833d8c&_nc_ohc=Vq06S7EkzaQQ7kNvwHaNYva&_nc_oc=AdpS1zb5-z16ChiAxZrZ9XbFtt0xvlFKoWMeSzTV0_pQI159INouFZHAgBjrpCo1OrA&_nc_zt=23&_nc_ht=scontent.fccu31-1.fna&edm=AKIiGfEEAAAA&_nc_gid=jIDcoEo8ydDjwMH59YSwqg&_nc_tpa=Q5bMBQEZ_fuIaME6HdOdB3DZeRn-cRcQPbVDBx_TaNjKBwa2T8eGaPFC2kF_76q8RVLBe8Upm0pvevg8OA&oh=00_Af5LWEp-f-FmvpCvPGfC1QC5FjXoNqVLJMgmlMhu2VhC3w&oe=6A18C43E,https://scontent.fccu31-1.fna.fbcdn.net/v/t39.30808-6/478130225_1041950797976829_5789298929233857429_n.jpg?stp=dst-jpg_p720x720_tt6&_nc_cat=105&ccb=1-7&_nc_sid=833d8c&_nc_ohc=Vq06S7EkzaQQ7kNvwHaNYva&_nc_oc=AdpS1zb5-z16ChiAxZrZ9XbFtt0xvlFKoWMeSzTV0_pQI159INouFZHAgBjrpCo1OrA&_nc_zt=23&_nc_ht=scontent.fccu31-1.fna&edm=AKIiGfEEAAAA&_nc_gid=jIDcoEo8ydDjwMH59YSwqg&_nc_tpa=Q5bMBQEk1_o1Zep8KCCBVA6S4XuwLIOz7Ikpdkcf65uQkVQ0CH-Xx0Y4_-MYPju-QoPqJ8R8xvLQJxKs9g&oh=00_Af6KAUXFoWGOXO4TZYPLNSo-1-wFTpGrMDse8i6cvBBRSw&oe=6A18C43E,https://www.facebook.com/photo.php?fbid=585676626937584&set=a.448214567350458&type=3,720,869,photo,photo,"#Bharat_Book_Of_Records
🇮🇳🏅🇮🇳🏅🇮🇳🏅🇮🇳🏅🇮🇳🏅🇮🇳🏅🇮🇳🏅🇮🇳🏅🇮🇳
#Record_Holder

Successful Participated in The International Women's day which was conducted on the 7th March 2023 inside the running train VANDE BHARAT EXPRESS Bangalore to Mysore and created a history for the first time in India by celebrating and honouring the Durga Devis of our Nation inside the running train which was appreciated  and accepted to be mentioned in the Prestigious book 
BHARAT BOOK OF RECORDS",https://www.facebook.com/1425872462917992/posts/585676640270916,"#Bharat_Book_Of_Records
🇮🇳🏅🇮🇳🏅🇮🇳🏅🇮🇳🏅🇮🇳🏅🇮🇳🏅🇮🇳🏅🇮🇳🏅🇮🇳
#Record_Holder

Successful Participated in The International Women's day which was conducted on the 7th March 2023 inside the running train VANDE BHARAT EXPRESS Bangalore to Mysore and created a history for the first time in India by celebrating and honouring the Durga Devis of our Nation inside the running train which was appreciated  and accepted to be mentioned in the Prestigious book 
BHARAT BOOK OF RECORDS",TRUE,FALSE,FALSE,FALSE,FALSE,2023-03-09T07:01:02+0000
107248091187807_585676180270962,https://scontent.fccu31-2.fna.fbcdn.net/v/t39.30808-6/477159923_1041950781310164_2282753495951753894_n.jpg?stp=dst-jpg_p720x720_tt6&_nc_cat=108&ccb=1-7&_nc_sid=833d8c&_nc_ohc=UwEo6DeTwVMQ7kNvwHTK6dz&_nc_oc=Adp5zM4DexNI_qUtkBDVfYuVb6Wrh1y_ojs8deiCJgVkjUOMDMdQaSXXvuW75ZAtF7o&_nc_zt=23&_nc_ht=scontent.fccu31-2.fna&edm=AKIiGfEEAAAA&_nc_gid=jIDcoEo8ydDjwMH59YSwqg&_nc_tpa=Q5bMBQFlfL5mkQg3INDZ1Bc-wIiMaciABuK0Ba0eay14uVsmzHJ9EgB00nlSFgjTf3M4xL6o0AIgzFMxvQ&oh=00_Af5RInof8V-7L_oEDmKi5i-Xj_r5XqGSuS34TVnbMTHdyg&oe=6A18E635,https://scontent.fccu31-2.fna.fbcdn.net/v/t39.30808-6/477159923_1041950781310164_2282753495951753894_n.jpg?stp=dst-jpg_p720x720_tt6&_nc_cat=108&ccb=1-7&_nc_sid=833d8c&_nc_ohc=UwEo6DeTwVMQ7kNvwHTK6dz&_nc_oc=Adp5zM4DexNI_qUtkBDVfYuVb6Wrh1y_ojs8deiCJgVkjUOMDMdQaSXXvuW75ZAtF7o&_nc_zt=23&_nc_ht=scontent.fccu31-2.fna&edm=AKIiGfEEAAAA&_nc_gid=jIDcoEo8ydDjwMH59YSwqg&_nc_tpa=Q5bMBQHsMQ2Cr2gphD8z36bdphowYMChXTRuXnZYfC_xwshBEZFql1MGrUPL1l2zWxVoBvghViCClIYjIw&oh=00_Af7hJFG9fTnYhQNCrJEcRBV6Re_X7_U53rBJkW8DhExzyg&oe=6A18E635,https://www.facebook.com/photo.php?fbid=585676156937631&set=a.448214567350458&type=3,720,900,photo,photo,"#Bharat_Book_Of_Records
🇮🇳🏅🇮🇳🏅🇮🇳🏅🇮🇳🏅🇮🇳🏅🇮🇳🏅🇮🇳🏅🇮🇳🏅🇮🇳
#Record_Holder

Successful Participated in The International Women's day which was conducted on the 7th March 2023 inside the running train VANDE BHARAT EXPRESS Bangalore to Mysore and created a history for the first time in India by celebrating and honouring the Durga Devis of our Nation inside the running train which was appreciated  and accepted to be mentioned in the Prestigious book 
BHARAT BOOK OF RECORDS",https://www.facebook.com/1425872462917992/posts/585676180270962,"#Bharat_Book_Of_Records
🇮🇳🏅🇮🇳🏅🇮🇳🏅🇮🇳🏅🇮🇳🏅🇮🇳🏅🇮🇳🏅🇮🇳🏅🇮🇳
#Record_Holder

Successful Participated in The International Women's day which was conducted on the 7th March 2023 inside the running train VANDE BHARAT EXPRESS Bangalore to Mysore and created a history for the first time in India by celebrating and honouring the Durga Devis of our Nation inside the running train which was appreciated  and accepted to be mentioned in the Prestigious book 
BHARAT BOOK OF RECORDS",TRUE,FALSE,FALSE,FALSE,FALSE,2023-03-09T07:00:08+0000
107248091187807_585675970270983,https://scontent.fccu31-1.fna.fbcdn.net/v/t39.30808-6/477258259_1041950697976839_3688539440547542844_n.jpg?stp=dst-jpg_p720x720_tt6&_nc_cat=105&ccb=1-7&_nc_sid=833d8c&_nc_ohc=cdhSlvFJZCMQ7kNvwFmDsGn&_nc_oc=Adp140CEebw9nsKLoNjO2WTKBYsCtgvPzwTmNZeGQ5VRAlWCKSM-3P9BMvpAO9MHpTk&_nc_zt=23&_nc_ht=scontent.fccu31-1.fna&edm=AKIiGfEEAAAA&_nc_gid=jIDcoEo8ydDjwMH59YSwqg&_nc_tpa=Q5bMBQFBDSJNHetHPUb8ynKNA7NbO3fkEOQ8P2fKwNLtUoKweYhgAaHiw-6jaa2XAlTsBk5iQ93WlkQ5wA&oh=00_Af66VMsuh-Crc_QNnJFOttsWiiVHHZng6XaaurRP-HqnQg&oe=6A18DAAE,https://scontent.fccu31-1.fna.fbcdn.net/v/t39.30808-6/477258259_1041950697976839_3688539440547542844_n.jpg?stp=dst-jpg_p720x720_tt6&_nc_cat=105&ccb=1-7&_nc_sid=833d8c&_nc_ohc=cdhSlvFJZCMQ7kNvwFmDsGn&_nc_oc=Adp140CEebw9nsKLoNjO2WTKBYsCtgvPzwTmNZeGQ5VRAlWCKSM-3P9BMvpAO9MHpTk&_nc_zt=23&_nc_ht=scontent.fccu31-1.fna&edm=AKIiGfEEAAAA&_nc_gid=jIDcoEo8ydDjwMH59YSwqg&_nc_tpa=Q5bMBQGw1nr_FKAbfDnZuxHeaQRRdEDED0pPFxLB-jysN4_CYFIyac8bbLx5HggnxlS0WafToPnGV8gHlA&oh=00_Af5BZQQUerw7uQ099fV3atqeqQ9flacRi4qwka6yOp3VmQ&oe=6A18DAAE,https://www.facebook.com/photo.php?fbid=585675953604318&set=a.448214567350458&type=3,720,933,photo,photo,"#Bharat_Book_Of_Records
🇮🇳🏅🇮🇳🏅🇮🇳🏅🇮🇳🏅🇮🇳🏅🇮🇳🏅🇮🇳🏅🇮🇳🏅🇮🇳
#Record_Holder

Successful Participated in The International Women's day which was conducted on the 7th March 2023 inside the running train VANDE BHARAT EXPRESS Bangalore to Mysore and created a history for the first time in India by celebrating and honouring the Durga Devis of our Nation inside the running train which was appreciated  and accepted to be mentioned in the Prestigious book 
BHARAT BOOK OF RECORDS",https://www.facebook.com/1425872462917992/posts/585675970270983,"#Bharat_Book_Of_Records
🇮🇳🏅🇮🇳🏅🇮🇳🏅🇮🇳🏅🇮🇳🏅🇮🇳🏅🇮🇳🏅🇮🇳🏅🇮🇳
#Record_Holder

Successful Participated in The International Women's day which was conducted on the 7th March 2023 inside the running train VANDE BHARAT EXPRESS Bangalore to Mysore and created a history for the first time in India by celebrating and honouring the Durga Devis of our Nation inside the running train which was appreciated  and accepted to be mentioned in the Prestigious book 
BHARAT BOOK OF RECORDS",TRUE,FALSE,FALSE,FALSE,FALSE,2023-03-09T06:59:38+0000
107248091187807_585675750271005,https://scontent.fccu3-1.fna.fbcdn.net/v/t39.30808-6/477693805_1041950771310165_663901595543405963_n.jpg?stp=dst-jpg_p720x720_tt6&_nc_cat=102&ccb=1-7&_nc_sid=833d8c&_nc_ohc=0l9WEo8lzhsQ7kNvwFluNhr&_nc_oc=AdrWBDoxXqo0s1wr_ebrSraA6hae_l8lTmaUnWyXufz5oRBzXAXfN8sOC0bDLr4w5Nk&_nc_zt=23&_nc_ht=scontent.fccu3-1.fna&edm=AKIiGfEEAAAA&_nc_gid=jIDcoEo8ydDjwMH59YSwqg&_nc_tpa=Q5bMBQHON5WydsWa6AkYV4rY-aea885UVEtRDUR7Ui7MLlrWO_R0NtJ3BOkz-1CmJgl3MNuci11uAhpD1Q&oh=00_Af4XkTD0q51MF05SsejFAPENGFfbo7dzRVbZKURAoTaQFA&oe=6A18DA18,https://scontent.fccu3-1.fna.fbcdn.net/v/t39.30808-6/477693805_1041950771310165_663901595543405963_n.jpg?stp=dst-jpg_p720x720_tt6&_nc_cat=102&ccb=1-7&_nc_sid=833d8c&_nc_ohc=0l9WEo8lzhsQ7kNvwFluNhr&_nc_oc=AdrWBDoxXqo0s1wr_ebrSraA6hae_l8lTmaUnWyXufz5oRBzXAXfN8sOC0bDLr4w5Nk&_nc_zt=23&_nc_ht=scontent.fccu3-1.fna&edm=AKIiGfEEAAAA&_nc_gid=jIDcoEo8ydDjwMH59YSwqg&_nc_tpa=Q5bMBQGE-UWsRozlH0zWxcNAo6f_LuVcmoNm2e1nRnLlvMs0E8mt_PfSZkSk16YODaB9pMwOClI5XROtUw&oh=00_Af5b97MreAS4f2KsxFFt7nTLhD42nZPJLjJNYt7pxoXdCQ&oe=6A18DA18,https://www.facebook.com/photo.php?fbid=585675733604340&set=a.448214567350458&type=3,720,899,photo,photo,"#Bharat_Book_Of_Records
🇮🇳🏅🇮🇳🏅🇮🇳🏅🇮🇳🏅🇮🇳🏅🇮🇳🏅🇮🇳🏅🇮🇳🏅🇮🇳
#Record_Holder

Successful Participated in The International Women's day which was conducted on the 7th March 2023 inside the running train VANDE BHARAT EXPRESS Bangalore to Mysore and created a history for the first time in India by celebrating and honouring the Durga Devis of our Nation inside the running train which was appreciated  and accepted to be mentioned in the Prestigious book 
BHARAT BOOK OF RECORDS",https://www.facebook.com/1425872462917992/posts/585675750271005,"#Bharat_Book_Of_Records
🇮🇳🏅🇮🇳🏅🇮🇳🏅🇮🇳🏅🇮🇳🏅🇮🇳🏅🇮🇳🏅🇮🇳🏅🇮🇳
#Record_Holder

Successful Participated in The International Women's day which was conducted on the 7th March 2023 inside the running train VANDE BHARAT EXPRESS Bangalore to Mysore and created a history for the first time in India by celebrating and honouring the Durga Devis of our Nation inside the running train which was appreciated  and accepted to be mentioned in the Prestigious book 
BHARAT BOOK OF RECORDS",TRUE,FALSE,FALSE,FALSE,FALSE,2023-03-09T06:59:13+0000
107248091187807_585675563604357,https://scontent.fccu31-1.fna.fbcdn.net/v/t39.30808-6/477332767_1041950747976834_4470567215618540859_n.jpg?stp=dst-jpg_p720x720_tt6&_nc_cat=107&ccb=1-7&_nc_sid=833d8c&_nc_ohc=MKth79QZV28Q7kNvwGRc2vi&_nc_oc=AdqyqNDlg6K7dFMBMa7NzSJYHvEacHvuvsiD7KrfUIFor0SeiQsHLcUAvTix01iatyQ&_nc_zt=23&_nc_ht=scontent.fccu31-1.fna&edm=AKIiGfEEAAAA&_nc_gid=jIDcoEo8ydDjwMH59YSwqg&_nc_tpa=Q5bMBQExZhLgOjfLlf_6tMGaQ0YXmnmrRh6XHt6Ew1_o5Lo0b677vF4V3s5IGpqg4lgKL3p9tN7fCn3rDQ&oh=00_Af7rf6KOYzimFxnE_hhKIgt6NCvMVDrumBq-TM_9gd5QoQ&oe=6A18E563,https://scontent.fccu31-1.fna.fbcdn.net/v/t39.30808-6/477332767_1041950747976834_4470567215618540859_n.jpg?stp=dst-jpg_p720x720_tt6&_nc_cat=107&ccb=1-7&_nc_sid=833d8c&_nc_ohc=MKth79QZV28Q7kNvwGRc2vi&_nc_oc=AdqyqNDlg6K7dFMBMa7NzSJYHvEacHvuvsiD7KrfUIFor0SeiQsHLcUAvTix01iatyQ&_nc_zt=23&_nc_ht=scontent.fccu31-1.fna&edm=AKIiGfEEAAAA&_nc_gid=jIDcoEo8ydDjwMH59YSwqg&_nc_tpa=Q5bMBQGFv68KAqs3f8Uds3NaiZ2W__wQN4I6uisXE0sRz-gR03aqntuOpITYt_969OFzlLc0o-8nbo11qA&oh=00_Af7j0_RDSS1lmqoNAJsjwPBRLCEMgPdyh_4sAPkMD4VotA&oe=6A18E563,https://www.facebook.com/photo.php?fbid=585675546937692&set=a.448214567350458&type=3,720,888,photo,photo,"#Bharat_Book_Of_Records
🇮🇳🏅🇮🇳🏅🇮🇳🏅🇮🇳🏅🇮🇳🏅🇮🇳🏅🇮🇳🏅🇮🇳🏅🇮🇳
#Record_Holder

Successful Participated in The International Women's day which was conducted on the 7th March 2023 inside the running train VANDE BHARAT EXPRESS Bangalore to Mysore and created a history for the first time in India by celebrating and honouring the Durga Devis of our Nation inside the running train which was appreciated  and accepted to be mentioned in the Prestigious book 
BHARAT BOOK OF RECORDS",https://www.facebook.com/1425872462917992/posts/585675563604357,"#Bharat_Book_Of_Records
🇮🇳🏅🇮🇳🏅🇮🇳🏅🇮🇳🏅🇮🇳🏅🇮🇳🏅🇮🇳🏅🇮🇳🏅🇮🇳
#Record_Holder

Successful Participated in The International Women's day which was conducted on the 7th March 2023 inside the running train VANDE BHARAT EXPRESS Bangalore to Mysore and created a history for the first time in India by celebrating and honouring the Durga Devis of our Nation inside the running train which was appreciated  and accepted to be mentioned in the Prestigious book 
BHARAT BOOK OF RECORDS",TRUE,FALSE,FALSE,FALSE,FALSE,2023-03-09T06:58:44+0000
107248091187807_585675353604378,https://scontent.fccu31-1.fna.fbcdn.net/v/t39.30808-6/478424922_1041950534643522_593851577072964586_n.jpg?stp=dst-jpg_p720x720_tt6&_nc_cat=107&ccb=1-7&_nc_sid=833d8c&_nc_ohc=C0KSs40m49EQ7kNvwGcfx4f&_nc_oc=Adrb-UThzPwTHuYn1rTuBNm4Ldmk_QZSD9Q7RfYk5auJWJmAsTjpFK8cOfv4iJlkKCE&_nc_zt=23&_nc_ht=scontent.fccu31-1.fna&edm=AKIiGfEEAAAA&_nc_gid=jIDcoEo8ydDjwMH59YSwqg&_nc_tpa=Q5bMBQFENFjyVFTa7EFRkHHZ0gMGAKwcIAOWJfpvQL7LdpFQSzGezekuJK6HyXawqEncq8OgYZxU6k4ZXA&oh=00_Af4RLkgxIIXDvunRBU4fB5XziSONhn9i2C3pUwV6tEqvXg&oe=6A18EF6B,https://scontent.fccu31-1.fna.fbcdn.net/v/t39.30808-6/478424922_1041950534643522_593851577072964586_n.jpg?stp=dst-jpg_p720x720_tt6&_nc_cat=107&ccb=1-7&_nc_sid=833d8c&_nc_ohc=C0KSs40m49EQ7kNvwGcfx4f&_nc_oc=Adrb-UThzPwTHuYn1rTuBNm4Ldmk_QZSD9Q7RfYk5auJWJmAsTjpFK8cOfv4iJlkKCE&_nc_zt=23&_nc_ht=scontent.fccu31-1.fna&edm=AKIiGfEEAAAA&_nc_gid=jIDcoEo8ydDjwMH59YSwqg&_nc_tpa=Q5bMBQFCJc7dmdTOy0HmiTcheTcGbZf-3UmBc8TIwBQG1EcEgwr-7h__P7cN3JQTDwutoJxZdeTwfTrm9w&oh=00_Af5OKcS6QtlvT4lF5dnh5DMfxUd3N_Y8B_ytEpdySi1YXw&oe=6A18EF6B,https://www.facebook.com/photo.php?fbid=585675340271046&set=a.448214567350458&type=3,720,930,photo,photo,"#Bharat_Book_Of_Records
🇮🇳🏅🇮🇳🏅🇮🇳🏅🇮🇳🏅🇮🇳🏅🇮🇳🏅🇮🇳🏅🇮🇳🏅🇮🇳
#Record_Holder

Successful Participated in The International Women's day which was conducted on the 7th March 2023 inside the running train VANDE BHARAT EXPRESS Bangalore to Mysore and created a history for the first time in India by celebrating and honouring the Durga Devis of our Nation inside the running train which was appreciated  and accepted to be mentioned in the Prestigious book 
BHARAT BOOK OF RECORDS",https://www.facebook.com/1425872462917992/posts/585675353604378,"#Bharat_Book_Of_Records
🇮🇳🏅🇮🇳🏅🇮🇳🏅🇮🇳🏅🇮🇳🏅🇮🇳🏅🇮🇳🏅🇮🇳🏅🇮🇳
#Record_Holder

Successful Participated in The International Women's day which was conducted on the 7th March 2023 inside the running train VANDE BHARAT EXPRESS Bangalore to Mysore and created a history for the first time in India by celebrating and honouring the Durga Devis of our Nation inside the running train which was appreciated  and accepted to be mentioned in the Prestigious book 
BHARAT BOOK OF RECORDS",TRUE,FALSE,FALSE,FALSE,FALSE,2023-03-09T06:58:12+0000
107248091187807_585675163604397,https://scontent.fccu31-2.fna.fbcdn.net/v/t39.30808-6/477719065_1041950787976830_7220673822371852421_n.jpg?stp=dst-jpg_p720x720_tt6&_nc_cat=108&ccb=1-7&_nc_sid=833d8c&_nc_ohc=9j2-0VoF-J4Q7kNvwGWVl7S&_nc_oc=AdqZYAavQD5-Npn7_UpkzmdCQUV8gpqZucO5MNJJX1_AVOqQ4vwznBxxrlAaZ2-4PRc&_nc_zt=23&_nc_ht=scontent.fccu31-2.fna&edm=AKIiGfEEAAAA&_nc_gid=jIDcoEo8ydDjwMH59YSwqg&_nc_tpa=Q5bMBQERMF-j5TsuIaNInnrqMYeSRTmc1PBxxp7fPyRM0x0jO-BKjhyYmwskY73gZVU3avfTWNCWnMkLEA&oh=00_Af50rv_YdnlWbRSf8TuUSfrLAJUqtUPEcODF2FqrK2xu-g&oe=6A18C312,https://scontent.fccu31-2.fna.fbcdn.net/v/t39.30808-6/477719065_1041950787976830_7220673822371852421_n.jpg?stp=dst-jpg_p720x720_tt6&_nc_cat=108&ccb=1-7&_nc_sid=833d8c&_nc_ohc=9j2-0VoF-J4Q7kNvwGWVl7S&_nc_oc=AdqZYAavQD5-Npn7_UpkzmdCQUV8gpqZucO5MNJJX1_AVOqQ4vwznBxxrlAaZ2-4PRc&_nc_zt=23&_nc_ht=scontent.fccu31-2.fna&edm=AKIiGfEEAAAA&_nc_gid=jIDcoEo8ydDjwMH59YSwqg&_nc_tpa=Q5bMBQEPCPXTqM3ZVU9QqTROWgBPMjC43LlKNeVbKOIZjj57JWUqw29bzINB1hm7Um-591FwC4qifTcF7Q&oh=00_Af5dnPhT4PMINjRaAtE9VxvWDI8CA-DhH2KMb6993TmhGw&oe=6A18C312,https://www.facebook.com/photo.php?fbid=585675133604400&set=a.448214567350458&type=3,720,902,photo,photo,"#Bharat_Book_Of_Records
🇮🇳🏅🇮🇳🏅🇮🇳🏅🇮🇳🏅🇮🇳🏅🇮🇳🏅🇮🇳🏅🇮🇳🏅🇮🇳
#Record_Holder

Successful Participated in The International Women's day which was conducted on the 7th March 2023 inside the running train VANDE BHARAT EXPRESS Bangalore to Mysore and created a history for the first time in India by celebrating and honouring the Durga Devis of our Nation inside the running train which was appreciated  and accepted to be mentioned in the Prestigious book 
BHARAT BOOK OF RECORDS",https://www.facebook.com/1425872462917992/posts/585675163604397,"#Bharat_Book_Of_Records
🇮🇳🏅🇮🇳🏅🇮🇳🏅🇮🇳🏅🇮🇳🏅🇮🇳🏅🇮🇳🏅🇮🇳🏅🇮🇳
#Record_Holder

Successful Participated in The International Women's day which was conducted on the 7th March 2023 inside the running train VANDE BHARAT EXPRESS Bangalore to Mysore and created a history for the first time in India by celebrating and honouring the Durga Devis of our Nation inside the running train which was appreciated  and accepted to be mentioned in the Prestigious book 
BHARAT BOOK OF RECORDS",TRUE,FALSE,FALSE,FALSE,FALSE,2023-03-09T06:57:38+0000
107248091187807_585674916937755,https://scontent.fccu31-2.fna.fbcdn.net/v/t39.30808-6/478550854_1041950441310198_1200157594289982427_n.jpg?stp=dst-jpg_p720x720_tt6&_nc_cat=103&ccb=1-7&_nc_sid=833d8c&_nc_ohc=Anz-Xt2C-ycQ7kNvwFmMlDJ&_nc_oc=AdpJpMJ3MKius8XSFAGLVb_3uxUmOyVOMh0I7G8xdskZwunkkD7NwigrTbwR2Zn10jE&_nc_zt=23&_nc_ht=scontent.fccu31-2.fna&edm=AKIiGfEEAAAA&_nc_gid=jIDcoEo8ydDjwMH59YSwqg&_nc_tpa=Q5bMBQGG9kx63DiFgwh_mvIgVZWlTQhdtbBgDGeiw9bLlC1hwO-cAnEKRClelvPi9QpjactLtvtrjMjztg&oh=00_Af51HHripa2qsnAzSIBzoafCGcGQyP3sw-qAaC9kY4W5HA&oe=6A18EE22,https://scontent.fccu31-2.fna.fbcdn.net/v/t39.30808-6/478550854_1041950441310198_1200157594289982427_n.jpg?stp=dst-jpg_p720x720_tt6&_nc_cat=103&ccb=1-7&_nc_sid=833d8c&_nc_ohc=Anz-Xt2C-ycQ7kNvwFmMlDJ&_nc_oc=AdpJpMJ3MKius8XSFAGLVb_3uxUmOyVOMh0I7G8xdskZwunkkD7NwigrTbwR2Zn10jE&_nc_zt=23&_nc_ht=scontent.fccu31-2.fna&edm=AKIiGfEEAAAA&_nc_gid=jIDcoEo8ydDjwMH59YSwqg&_nc_tpa=Q5bMBQGeYmj3k46277nfGglCgZQQlSqb0eZN_JdKJQAKHpYvkZDZdbGCiqxxnrU1T8ehU0S9gJn7Z2QbJg&oh=00_Af4uI2cxvhXS0M_WdTQSQwyjHe8vLqK0HboaL7C3d7bH1w&oe=6A18EE22,https://www.facebook.com/photo.php?fbid=585674856937761&set=a.448214567350458&type=3,720,947,photo,photo,"#Bharat_Book_Of_Records
🇮🇳🏅🇮🇳🏅🇮🇳🏅🇮🇳🏅🇮🇳🏅🇮🇳🏅🇮🇳🏅🇮🇳🏅🇮🇳
#Record_Holder

Successful Participated in The International Women's day which was conducted on the 7th March 2023 inside the running train VANDE BHARAT EXPRESS Bangalore to Mysore and created a history for the first time in India by celebrating and honouring the Durga Devis of our Nation inside the running train which was appreciated  and accepted to be mentioned in the Prestigious book 
BHARAT BOOK OF RECORDS",https://www.facebook.com/1425872462917992/posts/585674916937755,"#Bharat_Book_Of_Records
🇮🇳🏅🇮🇳🏅🇮🇳🏅🇮🇳🏅🇮🇳🏅🇮🇳🏅🇮🇳🏅🇮🇳🏅🇮🇳
#Record_Holder

Successful Participated in The International Women's day which was conducted on the 7th March 2023 inside the running train VANDE BHARAT EXPRESS Bangalore to Mysore and created a history for the first time in India by celebrating and honouring the Durga Devis of our Nation inside the running train which was appreciated  and accepted to be mentioned in the Prestigious book 
BHARAT BOOK OF RECORDS",TRUE,FALSE,FALSE,FALSE,FALSE,2023-03-09T06:57:06+0000
107248091187807_585674440271136,https://scontent.fccu3-1.fna.fbcdn.net/v/t39.30808-6/478053337_1041950707976838_7145517488354336562_n.jpg?stp=dst-jpg_p720x720_tt6&_nc_cat=101&ccb=1-7&_nc_sid=833d8c&_nc_ohc=M9LRTO7Anr8Q7kNvwGUlp53&_nc_oc=Adq6O-vdgLkXGKxreioX2nE9tMpaQUW-WaKL4XRrftHgL3s6vSyxqKijAnDOdWvhHQs&_nc_zt=23&_nc_ht=scontent.fccu3-1.fna&edm=AKIiGfEEAAAA&_nc_gid=jIDcoEo8ydDjwMH59YSwqg&_nc_tpa=Q5bMBQEguVd9ijWvXd37CISV0SLercyCGnnTsCTuyp5KsFKuI-BWfHiRnVVTlOMZ_ANyE20euzuWZGi2MQ&oh=00_Af5t6RHDZL-3op6POUNZ1AjY5KMx0xc_XS1L7xNe1DIYpg&oe=6A18DE01,https://scontent.fccu3-1.fna.fbcdn.net/v/t39.30808-6/478053337_1041950707976838_7145517488354336562_n.jpg?stp=dst-jpg_p720x720_tt6&_nc_cat=101&ccb=1-7&_nc_sid=833d8c&_nc_ohc=M9LRTO7Anr8Q7kNvwGUlp53&_nc_oc=Adq6O-vdgLkXGKxreioX2nE9tMpaQUW-WaKL4XRrftHgL3s6vSyxqKijAnDOdWvhHQs&_nc_zt=23&_nc_ht=scontent.fccu3-1.fna&edm=AKIiGfEEAAAA&_nc_gid=jIDcoEo8ydDjwMH59YSwqg&_nc_tpa=Q5bMBQFNj-2NwRMYPD8Zgqg2xZcvJBh990T7-r9JPbJFOtt-zcATE_KBE2SnlSFCghxM-axlvynD0HEwRA&oh=00_Af5cGVNHWzD7nzrpxxqxLKzTd8PAoMCbDXPgY9b7s7Q3TQ&oe=6A18DE01,https://www.facebook.com/photo.php?fbid=585674426937804&set=a.448214567350458&type=3,720,933,photo,photo,"#Bharat_Book_Of_Records
🇮🇳🏅🇮🇳🏅🇮🇳🏅🇮🇳🏅🇮🇳🏅🇮🇳🏅🇮🇳🏅🇮🇳🏅🇮🇳
#Record_Holder

Successful Participated in The International Women's day which was conducted on the 7th March 2023 inside the running train VANDE BHARAT EXPRESS Bangalore to Mysore and created a history for the first time in India by celebrating and honouring the Durga Devis of our Nation inside the running train which was appreciated  and accepted to be mentioned in the Prestigious book 
BHARAT BOOK OF RECORDS",https://www.facebook.com/1425872462917992/posts/585674440271136,"#Bharat_Book_Of_Records
🇮🇳🏅🇮🇳🏅🇮🇳🏅🇮🇳🏅🇮🇳🏅🇮🇳🏅🇮🇳🏅🇮🇳🏅🇮🇳
#Record_Holder

Successful Participated in The International Women's day which was conducted on the 7th March 2023 inside the running train VANDE BHARAT EXPRESS Bangalore to Mysore and created a history for the first time in India by celebrating and honouring the Durga Devis of our Nation inside the running train which was appreciated  and accepted to be mentioned in the Prestigious book 
BHARAT BOOK OF RECORDS",TRUE,FALSE,FALSE,FALSE,FALSE,2023-03-09T06:56:03+0000
107248091187807_585674213604492,https://scontent.fccu3-1.fna.fbcdn.net/v/t39.30808-6/476641256_1041950691310173_1783056087768411600_n.jpg?stp=dst-jpg_p720x720_tt6&_nc_cat=102&ccb=1-7&_nc_sid=833d8c&_nc_ohc=n73DdvpOglkQ7kNvwFPbwv7&_nc_oc=AdqMMkcVDtPJ-nzXXC308kfK4ch9hpxHIRmF71SxWfM2C9kHiNj_tJBscEkA2fEjt1g&_nc_zt=23&_nc_ht=scontent.fccu3-1.fna&edm=AKIiGfEEAAAA&_nc_gid=jIDcoEo8ydDjwMH59YSwqg&_nc_tpa=Q5bMBQEp_HbOP-GJS3Gvw5kTx8I0tpNsLUpsBGxm1PDQfQITZibMqj14WI87FWv0ewgnZzBD0cLT4ox-2Q&oh=00_Af5_ANN4m4D7zl6K6ZV0NYCilCy4vVKj_P35DO-M06MGJw&oe=6A18BE43,https://scontent.fccu3-1.fna.fbcdn.net/v/t39.30808-6/476641256_1041950691310173_1783056087768411600_n.jpg?stp=dst-jpg_p720x720_tt6&_nc_cat=102&ccb=1-7&_nc_sid=833d8c&_nc_ohc=n73DdvpOglkQ7kNvwFPbwv7&_nc_oc=AdqMMkcVDtPJ-nzXXC308kfK4ch9hpxHIRmF71SxWfM2C9kHiNj_tJBscEkA2fEjt1g&_nc_zt=23&_nc_ht=scontent.fccu3-1.fna&edm=AKIiGfEEAAAA&_nc_gid=jIDcoEo8ydDjwMH59YSwqg&_nc_tpa=Q5bMBQGTDIQTBLAthW_MJTdZraW320tLAlT1wtYXeXx2uWIi9V6GjZM7iWVfO31-rfT1UUHoeGmUoUrxyg&oh=00_Af709uVTPRfScOTF56NNsL2ByMp-spmCRY7MNcZWEPIaFw&oe=6A18BE43,https://www.facebook.com/photo.php?fbid=585674193604494&set=a.448214567350458&type=3,720,807,photo,photo,"#Bharat_Book_Of_Records
🇮🇳🏅🇮🇳🏅🇮🇳🏅🇮🇳🏅🇮🇳🏅🇮🇳🏅🇮🇳🏅🇮🇳🏅🇮🇳
#Record_Holder

Successful Participated in The International Women's day which was conducted on the 7th March 2023 inside the running train VANDE BHARAT EXPRESS Bangalore to Mysore and created a history for the first time in India by celebrating and honouring the Durga Devis of our Nation inside the running train which was appreciated  and accepted to be mentioned in the Prestigious book 
BHARAT BOOK OF RECORDS",https://www.facebook.com/1425872462917992/posts/585674213604492,"#Bharat_Book_Of_Records
🇮🇳🏅🇮🇳🏅🇮🇳🏅🇮🇳🏅🇮🇳🏅🇮🇳🏅🇮🇳🏅🇮🇳🏅🇮🇳
#Record_Holder

Successful Participated in The International Women's day which was conducted on the 7th March 2023 inside the running train VANDE BHARAT EXPRESS Bangalore to Mysore and created a history for the first time in India by celebrating and honouring the Durga Devis of our Nation inside the running train which was appreciated  and accepted to be mentioned in the Prestigious book 
BHARAT BOOK OF RECORDS",TRUE,FALSE,FALSE,FALSE,FALSE,2023-03-09T06:55:34+0000
107248091187807_585674010271179,https://scontent.fccu3-1.fna.fbcdn.net/v/t39.30808-6/478590177_1041950417976867_8626351429829248866_n.jpg?stp=dst-jpg_p720x720_tt6&_nc_cat=101&ccb=1-7&_nc_sid=833d8c&_nc_ohc=sJd5zDtU4eAQ7kNvwFDgZW1&_nc_oc=AdoIilwm_nrvTGFA_EApJgmWFrZ6uJ-KhgsZ9xMR-NqUX7aTQA2uNUgRJTO4D_8uAjQ&_nc_zt=23&_nc_ht=scontent.fccu3-1.fna&edm=AKIiGfEEAAAA&_nc_gid=jIDcoEo8ydDjwMH59YSwqg&_nc_tpa=Q5bMBQH0KHMVxm94YgJ4UGzDDmu7rc7DdLTIKFRxTq15xiFBoCeRfQaC-I77O_QwlQ_HR_faPqkaBFDaPA&oh=00_Af5-EfllJyJLhPD4eDqCGi9z8tiiqEN2HGEBWFNN9t4o8w&oe=6A18E2F1,https://scontent.fccu3-1.fna.fbcdn.net/v/t39.30808-6/478590177_1041950417976867_8626351429829248866_n.jpg?stp=dst-jpg_p720x720_tt6&_nc_cat=101&ccb=1-7&_nc_sid=833d8c&_nc_ohc=sJd5zDtU4eAQ7kNvwFDgZW1&_nc_oc=AdoIilwm_nrvTGFA_EApJgmWFrZ6uJ-KhgsZ9xMR-NqUX7aTQA2uNUgRJTO4D_8uAjQ&_nc_zt=23&_nc_ht=scontent.fccu3-1.fna&edm=AKIiGfEEAAAA&_nc_gid=jIDcoEo8ydDjwMH59YSwqg&_nc_tpa=Q5bMBQFtUDEvZ12yHWt3R4Q2afQVs3ezLedMbgiA0dJbPvdrt5y_xu2nBrFHIBfgkfguQY6Wc9DXzWDApw&oh=00_Af43kZu4NZfJ2qyJt2ObL67IBNd7ZX4BgZ-PlSc1OFDoWw&oe=6A18E2F1,https://www.facebook.com/photo.php?fbid=585673993604514&set=a.448214567350458&type=3,720,930,photo,photo,"#Bharat_Book_Of_Records
🇮🇳🏅🇮🇳🏅🇮🇳🏅🇮🇳🏅🇮🇳🏅🇮🇳🏅🇮🇳🏅🇮🇳🏅🇮🇳
#Record_Holder

Successful Participated in The International Women's day which was conducted on the 7th March 2023 inside the running train VANDE BHARAT EXPRESS Bangalore to Mysore and created a history for the first time in India by celebrating and honouring the Durga Devis of our Nation inside the running train which was appreciated  and accepted to be mentioned in the Prestigious book 
BHARAT BOOK OF RECORDS",https://www.facebook.com/1425872462917992/posts/585674010271179,"#Bharat_Book_Of_Records
🇮🇳🏅🇮🇳🏅🇮🇳🏅🇮🇳🏅🇮🇳🏅🇮🇳🏅🇮🇳🏅🇮🇳🏅🇮🇳
#Record_Holder

Successful Participated in The International Women's day which was conducted on the 7th March 2023 inside the running train VANDE BHARAT EXPRESS Bangalore to Mysore and created a history for the first time in India by celebrating and honouring the Durga Devis of our Nation inside the running train which was appreciated  and accepted to be mentioned in the Prestigious book 
BHARAT BOOK OF RECORDS",TRUE,FALSE,FALSE,FALSE,FALSE,2023-03-09T06:55:04+0000
107248091187807_585673763604537,https://scontent.fccu31-1.fna.fbcdn.net/v/t39.30808-6/478123849_1041950481310194_4850253110524168239_n.jpg?stp=dst-jpg_p720x720_tt6&_nc_cat=105&ccb=1-7&_nc_sid=833d8c&_nc_ohc=qsS8ccTc9koQ7kNvwGFr7r_&_nc_oc=AdrJLHhhNc0yY3uWOhUINNvzsIVREYB80wY9EfX0UG_zu9rA-YuQIv8OwoQyKSuwqNw&_nc_zt=23&_nc_ht=scontent.fccu31-1.fna&edm=AKIiGfEEAAAA&_nc_gid=jIDcoEo8ydDjwMH59YSwqg&_nc_tpa=Q5bMBQFyImHPx4uTjmZEgHQ20moTj1XlHTHklG1g-_uQkvFAnVpWOJhi19PY37HHpxvqMkhW01qApTVfwg&oh=00_Af44Pnp0kAnDAn7TFpGTBm17Q63G8zc0vDMLZzBoewWY_A&oe=6A18CA1F,https://scontent.fccu31-1.fna.fbcdn.net/v/t39.30808-6/478123849_1041950481310194_4850253110524168239_n.jpg?stp=dst-jpg_p720x720_tt6&_nc_cat=105&ccb=1-7&_nc_sid=833d8c&_nc_ohc=qsS8ccTc9koQ7kNvwGFr7r_&_nc_oc=AdrJLHhhNc0yY3uWOhUINNvzsIVREYB80wY9EfX0UG_zu9rA-YuQIv8OwoQyKSuwqNw&_nc_zt=23&_nc_ht=scontent.fccu31-1.fna&edm=AKIiGfEEAAAA&_nc_gid=jIDcoEo8ydDjwMH59YSwqg&_nc_tpa=Q5bMBQETr4swEEkgCVPSURcu7Mv9YQLTVqbBM3K_EQ-7Mkpi5FXxqRcGhErajaE9JzXCJXFzqMkxIWdyLw&oh=00_Af5DXYR5SY8PGIU38Faoq7KOrIcAbEKJdkyR2954YLxi9A&oe=6A18CA1F,https://www.facebook.com/photo.php?fbid=585673743604539&set=a.448214567350458&type=3,720,853,photo,photo,"#Bharat_Book_Of_Records
🇮🇳🏅🇮🇳🏅🇮🇳🏅🇮🇳🏅🇮🇳🏅🇮🇳🏅🇮🇳🏅🇮🇳🏅🇮🇳
#Record_Holder

Successful Participated in The International Women's day which was conducted on the 7th March 2023 inside the running train VANDE BHARAT EXPRESS Bangalore to Mysore and created a history for the first time in India by celebrating and honouring the Durga Devis of our Nation inside the running train which was appreciated  and accepted to be mentioned in the Prestigious book 
BHARAT BOOK OF RECORDS",https://www.facebook.com/1425872462917992/posts/585673763604537,"#Bharat_Book_Of_Records
🇮🇳🏅🇮🇳🏅🇮🇳🏅🇮🇳🏅🇮🇳🏅🇮🇳🏅🇮🇳🏅🇮🇳🏅🇮🇳
#Record_Holder

Successful Participated in The International Women's day which was conducted on the 7th March 2023 inside the running train VANDE BHARAT EXPRESS Bangalore to Mysore and created a history for the first time in India by celebrating and honouring the Durga Devis of our Nation inside the running train which was appreciated  and accepted to be mentioned in the Prestigious book 
BHARAT BOOK OF RECORDS",TRUE,FALSE,FALSE,FALSE,FALSE,2023-03-09T06:54:33+0000
107248091187807_585673566937890,https://scontent.fccu3-1.fna.fbcdn.net/v/t39.30808-6/476640799_1041950634643512_5288022919830292224_n.jpg?_nc_cat=101&ccb=1-7&_nc_sid=833d8c&_nc_ohc=Bq_Z5rl5Gb0Q7kNvwHIgv62&_nc_oc=AdreP-_AgidwSJebpGInxGk18Ia5_D6UIfCXCz4rOMhsrUrA1XDeH_FkCeL0di8JGHo&_nc_zt=23&_nc_ht=scontent.fccu3-1.fna&edm=AKIiGfEEAAAA&_nc_gid=jIDcoEo8ydDjwMH59YSwqg&_nc_tpa=Q5bMBQE2k00EqAFHz_1vy9Dhzcgwio3KMjLzBrSf0GDFDET4kiy2_hxivv7vzQkFhWMQNyMl8Br7jO2vEg&oh=00_Af59drcdXs1zv5yzbHdD3moP1jNcjcblF66hKFd1RNDW_w&oe=6A18EC14,https://scontent.fccu3-1.fna.fbcdn.net/v/t39.30808-6/476640799_1041950634643512_5288022919830292224_n.jpg?_nc_cat=101&ccb=1-7&_nc_sid=833d8c&_nc_ohc=Bq_Z5rl5Gb0Q7kNvwHIgv62&_nc_oc=AdreP-_AgidwSJebpGInxGk18Ia5_D6UIfCXCz4rOMhsrUrA1XDeH_FkCeL0di8JGHo&_nc_zt=23&_nc_ht=scontent.fccu3-1.fna&edm=AKIiGfEEAAAA&_nc_gid=jIDcoEo8ydDjwMH59YSwqg&_nc_tpa=Q5bMBQEuNMWfTbBQC0p1wciXcuOLdkiT_3Ru6qAuj4CfsQLPfIf90dQvppVumEfWat6TFwwdWxTg2ftrmw&oh=00_Af79TBO5WCmB9bQST5axWraxMxm-6FEnjcBDVqXjQZJPdA&oe=6A18EC14,https://www.facebook.com/photo.php?fbid=585673536937893&set=a.448214567350458&type=3,679,960,photo,photo,"#Bharat_Book_Of_Records
🇮🇳🏅🇮🇳🏅🇮🇳🏅🇮🇳🏅🇮🇳🏅🇮🇳🏅🇮🇳🏅🇮🇳🏅🇮🇳
#Record_Holder

Successful Participated in The International Women's day which was conducted on the 7th March 2023 inside the running train VANDE BHARAT EXPRESS Bangalore to Mysore and created a history for the first time in India by celebrating and honouring the Durga Devis of our Nation inside the running train which was appreciated  and accepted to be mentioned in the Prestigious book 
BHARAT BOOK OF RECORDS",https://www.facebook.com/1425872462917992/posts/585673566937890,"#Bharat_Book_Of_Records
🇮🇳🏅🇮🇳🏅🇮🇳🏅🇮🇳🏅🇮🇳🏅🇮🇳🏅🇮🇳🏅🇮🇳🏅🇮🇳
#Record_Holder

Successful Participated in The International Women's day which was conducted on the 7th March 2023 inside the running train VANDE BHARAT EXPRESS Bangalore to Mysore and created a history for the first time in India by celebrating and honouring the Durga Devis of our Nation inside the running train which was appreciated  and accepted to be mentioned in the Prestigious book 
BHARAT BOOK OF RECORDS",TRUE,FALSE,FALSE,FALSE,FALSE,2023-03-09T06:54:03+0000
107248091187807_585672880271292,https://scontent.fccu3-1.fna.fbcdn.net/v/t39.30808-6/479679762_1041950641310178_3416781994583424166_n.jpg?_nc_cat=101&ccb=1-7&_nc_sid=833d8c&_nc_ohc=25WWsNF2ikAQ7kNvwHnkVZq&_nc_oc=AdqpWNleIX4yKqrcN_Lxz7XrXZ-fxStWL1h31OiUaV3LDpeAduHQTfU9x4lVxgBSLh0&_nc_zt=23&_nc_ht=scontent.fccu3-1.fna&edm=AKIiGfEEAAAA&_nc_gid=jIDcoEo8ydDjwMH59YSwqg&_nc_tpa=Q5bMBQG2DcapdY-zTVPkxU017IDt0nFazjNKPzIJ-eCMawh-4tRxC9CwQMZR-8q7mDFnMEZXk7hMm_4wiw&oh=00_Af6hp6rPgAkcskPd_nQukvikiuhkjxTmGYtEvuzDv3TCcw&oe=6A18D6E5,https://scontent.fccu3-1.fna.fbcdn.net/v/t39.30808-6/479679762_1041950641310178_3416781994583424166_n.jpg?_nc_cat=101&ccb=1-7&_nc_sid=833d8c&_nc_ohc=25WWsNF2ikAQ7kNvwHnkVZq&_nc_oc=AdqpWNleIX4yKqrcN_Lxz7XrXZ-fxStWL1h31OiUaV3LDpeAduHQTfU9x4lVxgBSLh0&_nc_zt=23&_nc_ht=scontent.fccu3-1.fna&edm=AKIiGfEEAAAA&_nc_gid=jIDcoEo8ydDjwMH59YSwqg&_nc_tpa=Q5bMBQHP078gcHIQLWERTETeC3tvKehyaMfxB48WRegWZidoJPoXdhLSo4XPBEU1LyKiH0prDL01gh6EHw&oh=00_Af6V8N79bQNHswzsgMi6edPn10NviIWTsiFVtviWhFFhuQ&oe=6A18D6E5,https://www.facebook.com/photo.php?fbid=585672856937961&set=a.448214567350458&type=3,669,960,photo,photo,"#Bharat_Book_Of_Records
🇮🇳🏅🇮🇳🏅🇮🇳🏅🇮🇳🏅🇮🇳🏅🇮🇳🏅🇮🇳🏅🇮🇳🏅🇮🇳
#Record_Holder

Successful Participated in The International Women's day which was conducted on the 7th March 2023 inside the running train VANDE BHARAT EXPRESS Bangalore to Mysore and created a history for the first time in India by celebrating and honouring the Durga Devis of our Nation inside the running train which was appreciated  and accepted to be mentioned in the Prestigious book 
BHARAT BOOK OF RECORDS",https://www.facebook.com/1425872462917992/posts/585672880271292,"#Bharat_Book_Of_Records
🇮🇳🏅🇮🇳🏅🇮🇳🏅🇮🇳🏅🇮🇳🏅🇮🇳🏅🇮🇳🏅🇮🇳🏅🇮🇳
#Record_Holder

Successful Participated in The International Women's day which was conducted on the 7th March 2023 inside the running train VANDE BHARAT EXPRESS Bangalore to Mysore and created a history for the first time in India by celebrating and honouring the Durga Devis of our Nation inside the running train which was appreciated  and accepted to be mentioned in the Prestigious book 
BHARAT BOOK OF RECORDS",TRUE,FALSE,FALSE,FALSE,FALSE,2023-03-09T06:53:34+0000
107248091187807_585672680271312,https://scontent.fccu31-1.fna.fbcdn.net/v/t39.30808-6/477179783_1041950361310206_7404571039923094980_n.jpg?stp=dst-jpg_p720x720_tt6&_nc_cat=105&ccb=1-7&_nc_sid=833d8c&_nc_ohc=oJIuTTh0s-MQ7kNvwF00Auk&_nc_oc=AdqJW-KXW-DdNPhiroZe8SJGOEJFXVgJj7puFRoh8TtCG98svZv5KYm2iGrHWCaBMfM&_nc_zt=23&_nc_ht=scontent.fccu31-1.fna&edm=AKIiGfEEAAAA&_nc_gid=jIDcoEo8ydDjwMH59YSwqg&_nc_tpa=Q5bMBQEgM2oLZQty43WwoKgAfzJTmIpkEm6WYgRDEjkirVEDTD7kMm_2qSE1oKnlvp9zE-GL4c5RkpCr3g&oh=00_Af6N0dYqQ_afrBOCNUCQJp4la3D3jv0hSoTqxPvHLbLoaQ&oe=6A18D6A5,https://scontent.fccu31-1.fna.fbcdn.net/v/t39.30808-6/477179783_1041950361310206_7404571039923094980_n.jpg?stp=dst-jpg_p720x720_tt6&_nc_cat=105&ccb=1-7&_nc_sid=833d8c&_nc_ohc=oJIuTTh0s-MQ7kNvwF00Auk&_nc_oc=AdqJW-KXW-DdNPhiroZe8SJGOEJFXVgJj7puFRoh8TtCG98svZv5KYm2iGrHWCaBMfM&_nc_zt=23&_nc_ht=scontent.fccu31-1.fna&edm=AKIiGfEEAAAA&_nc_gid=jIDcoEo8ydDjwMH59YSwqg&_nc_tpa=Q5bMBQFFCjq3wmPxqy8_04tP-8g9Tpidt2gYlwkNMRgDNdaah4C1ru5Bv843gs7sLjTyhGSMMu_kX9fvgQ&oh=00_Af5eespSO536bVMGlTZSKCXdkP4rw5yg-7BA6nox2UqHfw&oe=6A18D6A5,https://www.facebook.com/photo.php?fbid=585672663604647&set=a.448214567350458&type=3,720,940,photo,photo,"#Bharat_Book_Of_Records
🇮🇳🏅🇮🇳🏅🇮🇳🏅🇮🇳🏅🇮🇳🏅🇮🇳🏅🇮🇳🏅🇮🇳🏅🇮🇳
#Record_Holder

Successful Participated in The International Women's day which was conducted on the 7th March 2023 inside the running train VANDE BHARAT EXPRESS Bangalore to Mysore and created a history for the first time in India by celebrating and honouring the Durga Devis of our Nation inside the running train which was appreciated  and accepted to be mentioned in the Prestigious book 
BHARAT BOOK OF RECORDS",https://www.facebook.com/1425872462917992/posts/585672680271312,"#Bharat_Book_Of_Records
🇮🇳🏅🇮🇳🏅🇮🇳🏅🇮🇳🏅🇮🇳🏅🇮🇳🏅🇮🇳🏅🇮🇳🏅🇮🇳
#Record_Holder

Successful Participated in The International Women's day which was conducted on the 7th March 2023 inside the running train VANDE BHARAT EXPRESS Bangalore to Mysore and created a history for the first time in India by celebrating and honouring the Durga Devis of our Nation inside the running train which was appreciated  and accepted to be mentioned in the Prestigious book 
BHARAT BOOK OF RECORDS",TRUE,FALSE,FALSE,FALSE,FALSE,2023-03-09T06:53:06+0000
107248091187807_585672496937997,https://scontent.fccu3-1.fna.fbcdn.net/v/t39.30808-6/479677005_1041950571310185_459927290773238350_n.jpg?stp=dst-jpg_p720x720_tt6&_nc_cat=101&ccb=1-7&_nc_sid=833d8c&_nc_ohc=_fNNBKUyALIQ7kNvwGoSMJK&_nc_oc=AdrI-qE3y4MWReemHY0Ow6twtKBjIMJcHtbhGpJByHQVSNUke6lz5JYRcRIp4sLsuLo&_nc_zt=23&_nc_ht=scontent.fccu3-1.fna&edm=AKIiGfEEAAAA&_nc_gid=jIDcoEo8ydDjwMH59YSwqg&_nc_tpa=Q5bMBQGJdWu9nuujRtSKtj5CUu0rUsPMB6wymSf2ESRALDbzBhtat0TD-mYsp1QdDlWatYeseU9PscYOhw&oh=00_Af445EIkxFEWurID7sMEYbdh9Io7BUt-HG9y8hIv-maTQw&oe=6A18BDBC,https://scontent.fccu3-1.fna.fbcdn.net/v/t39.30808-6/479677005_1041950571310185_459927290773238350_n.jpg?stp=dst-jpg_p720x720_tt6&_nc_cat=101&ccb=1-7&_nc_sid=833d8c&_nc_ohc=_fNNBKUyALIQ7kNvwGoSMJK&_nc_oc=AdrI-qE3y4MWReemHY0Ow6twtKBjIMJcHtbhGpJByHQVSNUke6lz5JYRcRIp4sLsuLo&_nc_zt=23&_nc_ht=scontent.fccu3-1.fna&edm=AKIiGfEEAAAA&_nc_gid=jIDcoEo8ydDjwMH59YSwqg&_nc_tpa=Q5bMBQHk3Nh0zvE7kkN6zmWbMzYZ2wkrGH-v1TClrMu2MBbzSqPjUOPoihVXSnLImAmNdk9bVP2XN39WNw&oh=00_Af7YK4DsPk79aZ9qCWXKQfwrchT5AR3pssLVyXd9qTNM4A&oe=6A18BDBC,https://www.facebook.com/photo.php?fbid=585672483604665&set=a.448214567350458&type=3,720,863,photo,photo,"#Bharat_Book_Of_Records
🇮🇳🏅🇮🇳🏅🇮🇳🏅🇮🇳🏅🇮🇳🏅🇮🇳🏅🇮🇳🏅🇮🇳🏅🇮🇳
#Record_Holder

Successful Participated in The International Women's day which was conducted on the 7th March 2023 inside the running train VANDE BHARAT EXPRESS Bangalore to Mysore and created a history for the first time in India by celebrating and honouring the Durga Devis of our Nation inside the running train which was appreciated  and accepted to be mentioned in the Prestigious book 
BHARAT BOOK OF RECORDS",https://www.facebook.com/1425872462917992/posts/585672496937997,"#Bharat_Book_Of_Records
🇮🇳🏅🇮🇳🏅🇮🇳🏅🇮🇳🏅🇮🇳🏅🇮🇳🏅🇮🇳🏅🇮🇳🏅🇮🇳
#Record_Holder

Successful Participated in The International Women's day which was conducted on the 7th March 2023 inside the running train VANDE BHARAT EXPRESS Bangalore to Mysore and created a history for the first time in India by celebrating and honouring the Durga Devis of our Nation inside the running train which was appreciated  and accepted to be mentioned in the Prestigious book 
BHARAT BOOK OF RECORDS",TRUE,FALSE,FALSE,FALSE,FALSE,2023-03-09T06:52:37+0000
107248091187807_585672276938019,https://scontent.fccu31-2.fna.fbcdn.net/v/t39.30808-6/476641098_1041950777976831_7123188990089330609_n.jpg?stp=dst-jpg_p720x720_tt6&_nc_cat=108&ccb=1-7&_nc_sid=833d8c&_nc_ohc=_AAlQraxz0oQ7kNvwHaMcRb&_nc_oc=AdrGU9_L1bG6cJwEIl1ZjGCWK8HRCBs5rw4B4jSliY9eOtY-rGbkYoUpc8hk2L5dPVQ&_nc_zt=23&_nc_ht=scontent.fccu31-2.fna&edm=AKIiGfEEAAAA&_nc_gid=jIDcoEo8ydDjwMH59YSwqg&_nc_tpa=Q5bMBQFVAKrsBYObDNZq64xSLiGvz8dnMnMuLdaQkqCO_a_wkwRM0LVslo10lQ9BY3gG4i7ZNsxnfvRT6g&oh=00_Af7oSef9DC162sfQDXaacE58wts26ngN8x4zS9uZPTpPEg&oe=6A18BCD7,https://scontent.fccu31-2.fna.fbcdn.net/v/t39.30808-6/476641098_1041950777976831_7123188990089330609_n.jpg?stp=dst-jpg_p720x720_tt6&_nc_cat=108&ccb=1-7&_nc_sid=833d8c&_nc_ohc=_AAlQraxz0oQ7kNvwHaMcRb&_nc_oc=AdrGU9_L1bG6cJwEIl1ZjGCWK8HRCBs5rw4B4jSliY9eOtY-rGbkYoUpc8hk2L5dPVQ&_nc_zt=23&_nc_ht=scontent.fccu31-2.fna&edm=AKIiGfEEAAAA&_nc_gid=jIDcoEo8ydDjwMH59YSwqg&_nc_tpa=Q5bMBQHiNJnbMNIK_aJ58EeS2TYbCmNheiTsxo2SIfluuQpB0YanKn8eWivnYKCIKSzLmUwNKE6saTUrpw&oh=00_Af43DPMFI3C-E1t6HI7XqH43WNerhHgq7vxvPaiLjJbkPA&oe=6A18BCD7,https://www.facebook.com/photo.php?fbid=585672243604689&set=a.448214567350458&type=3,720,879,photo,photo,"#Bharat_Book_Of_Records
🇮🇳🏅🇮🇳🏅🇮🇳🏅🇮🇳🏅🇮🇳🏅🇮🇳🏅🇮🇳🏅🇮🇳🏅🇮🇳
#Record_Holder

Successful Participated in The International Women's day which was conducted on the 7th March 2023 inside the running train VANDE BHARAT EXPRESS Bangalore to Mysore and created a history for the first time in India by celebrating and honouring the Durga Devis of our Nation inside the running train which was appreciated  and accepted to be mentioned in the Prestigious book 
BHARAT BOOK OF RECORDS",https://www.facebook.com/1425872462917992/posts/585672276938019,"#Bharat_Book_Of_Records
🇮🇳🏅🇮🇳🏅🇮🇳🏅🇮🇳🏅🇮🇳🏅🇮🇳🏅🇮🇳🏅🇮🇳🏅🇮🇳
#Record_Holder

Successful Participated in The International Women's day which was conducted on the 7th March 2023 inside the running train VANDE BHARAT EXPRESS Bangalore to Mysore and created a history for the first time in India by celebrating and honouring the Durga Devis of our Nation inside the running train which was appreciated  and accepted to be mentioned in the Prestigious book 
BHARAT BOOK OF RECORDS",TRUE,FALSE,FALSE,FALSE,FALSE,2023-03-09T06:52:02+0000
107248091187807_585672023604711,https://scontent.fccu31-2.fna.fbcdn.net/v/t39.30808-6/478098655_1041950474643528_6857456355057764707_n.jpg?stp=dst-jpg_p720x720_tt6&_nc_cat=111&ccb=1-7&_nc_sid=833d8c&_nc_ohc=PbWrz4UYsicQ7kNvwFoqmO_&_nc_oc=Ados-fhQMqC89RFkjDxMG-am3LQ3cYzkOJCtoEYr3m387pmVDg4jo2tNVzTVCZYblkU&_nc_zt=23&_nc_ht=scontent.fccu31-2.fna&edm=AKIiGfEEAAAA&_nc_gid=jIDcoEo8ydDjwMH59YSwqg&_nc_tpa=Q5bMBQGkptuftJNBDyKkAMg0wVAYhAbi9Zq7w1GkMPIkioireOof3v-r8d-RdFqeAJYClF_ltnjqogwj-A&oh=00_Af66fX4HqkBStrLeNBB__5vo7bD2-0uKZX5shmAWTz702A&oe=6A18C6D9,https://scontent.fccu31-2.fna.fbcdn.net/v/t39.30808-6/478098655_1041950474643528_6857456355057764707_n.jpg?stp=dst-jpg_p720x720_tt6&_nc_cat=111&ccb=1-7&_nc_sid=833d8c&_nc_ohc=PbWrz4UYsicQ7kNvwFoqmO_&_nc_oc=Ados-fhQMqC89RFkjDxMG-am3LQ3cYzkOJCtoEYr3m387pmVDg4jo2tNVzTVCZYblkU&_nc_zt=23&_nc_ht=scontent.fccu31-2.fna&edm=AKIiGfEEAAAA&_nc_gid=jIDcoEo8ydDjwMH59YSwqg&_nc_tpa=Q5bMBQE4xwlkMjggjiZp2vpx-ES9NEDTEYlsBvPGTxCvQTlrBi1_J3cA9L_o8iPqRdiNYXh-jUsn_74KRg&oh=00_Af7a2rf-XhXeNrOrBbihC53KI9fiPSMnpF9j3HkwCBekiQ&oe=6A18C6D9,https://www.facebook.com/photo.php?fbid=585672000271380&set=a.448214567350458&type=3,720,906,photo,photo,"#Bharat_Book_Of_Records
🇮🇳🏅🇮🇳🏅🇮🇳🏅🇮🇳🏅🇮🇳🏅🇮🇳🏅🇮🇳🏅🇮🇳🏅🇮🇳
#Record_Holder

Successful Participated in The International Women's day which was conducted on the 7th March 2023 inside the running train VANDE BHARAT EXPRESS Bangalore to Mysore and created a history for the first time in India by celebrating and honouring the Durga Devis of our Nation inside the running train which was appreciated  and accepted to be mentioned in the Prestigious book 
BHARAT BOOK OF RECORDS",https://www.facebook.com/1425872462917992/posts/585672023604711,"#Bharat_Book_Of_Records
🇮🇳🏅🇮🇳🏅🇮🇳🏅🇮🇳🏅🇮🇳🏅🇮🇳🏅🇮🇳🏅🇮🇳🏅🇮🇳
#Record_Holder

Successful Participated in The International Women's day which was conducted on the 7th March 2023 inside the running train VANDE BHARAT EXPRESS Bangalore to Mysore and created a history for the first time in India by celebrating and honouring the Durga Devis of our Nation inside the running train which was appreciated  and accepted to be mentioned in the Prestigious book 
BHARAT BOOK OF RECORDS",TRUE,FALSE,FALSE,FALSE,FALSE,2023-03-09T06:51:32+0000
107248091187807_585671840271396,https://scontent.fccu31-2.fna.fbcdn.net/v/t39.30808-6/477183845_1041950354643540_1895936348546837407_n.jpg?stp=dst-jpg_p720x720_tt6&_nc_cat=111&ccb=1-7&_nc_sid=833d8c&_nc_ohc=t7EtfsbZ8eQQ7kNvwF7r6mh&_nc_oc=Adq7JFhQqyoosc_hrPePsIKRBvHTtk1qY3-JFFZDB38FmyOduBoMnI4RmT6hPLTy87U&_nc_zt=23&_nc_ht=scontent.fccu31-2.fna&edm=AKIiGfEEAAAA&_nc_gid=jIDcoEo8ydDjwMH59YSwqg&_nc_tpa=Q5bMBQHDJZIDTgxeR-rqLyfQO_Ytq0FE9JibxLuH31WeirS5eruCZ8Xvszv2euMPT89Idf8uDw1Cj2_f6g&oh=00_Af4G48YifJCMVhbcHW4HtGrMr_YKE9jaR8fNV_urZUS4Ig&oe=6A18C26C,https://scontent.fccu31-2.fna.fbcdn.net/v/t39.30808-6/477183845_1041950354643540_1895936348546837407_n.jpg?stp=dst-jpg_p720x720_tt6&_nc_cat=111&ccb=1-7&_nc_sid=833d8c&_nc_ohc=t7EtfsbZ8eQQ7kNvwF7r6mh&_nc_oc=Adq7JFhQqyoosc_hrPePsIKRBvHTtk1qY3-JFFZDB38FmyOduBoMnI4RmT6hPLTy87U&_nc_zt=23&_nc_ht=scontent.fccu31-2.fna&edm=AKIiGfEEAAAA&_nc_gid=jIDcoEo8ydDjwMH59YSwqg&_nc_tpa=Q5bMBQH9H49DuXNWQSS5h7sGdgpIAYxCWW0-_IEZ-3GhaCRBPNLgr5-6kIcLwczlUpkcPJWP6-4JOYFsWA&oh=00_Af7Irs8lwq5S61lYGHtXvnmUmL88gDUaHLUJYuVYGnuqUQ&oe=6A18C26C,https://www.facebook.com/photo.php?fbid=585671823604731&set=a.448214567350458&type=3,720,1012,photo,photo,"#Bharat_Book_Of_Records
🇮🇳🏅🇮🇳🏅🇮🇳🏅🇮🇳🏅🇮🇳🏅🇮🇳🏅🇮🇳🏅🇮🇳🏅🇮🇳
#Record_Holder

Successful Participated in The International Women's day which was conducted on the 7th March 2023 inside the running train VANDE BHARAT EXPRESS Bangalore to Mysore and created a history for the first time in India by celebrating and honouring the Durga Devis of our Nation inside the running train which was appreciated  and accepted to be mentioned in the Prestigious book 
BHARAT BOOK OF RECORDS",https://www.facebook.com/1425872462917992/posts/585671840271396,"#Bharat_Book_Of_Records
🇮🇳🏅🇮🇳🏅🇮🇳🏅🇮🇳🏅🇮🇳🏅🇮🇳🏅🇮🇳🏅🇮🇳🏅🇮🇳
#Record_Holder

Successful Participated in The International Women's day which was conducted on the 7th March 2023 inside the running train VANDE BHARAT EXPRESS Bangalore to Mysore and created a history for the first time in India by celebrating and honouring the Durga Devis of our Nation inside the running train which was appreciated  and accepted to be mentioned in the Prestigious book 
BHARAT BOOK OF RECORDS",TRUE,FALSE,FALSE,FALSE,FALSE,2023-03-09T06:51:05+0000
107248091187807_585671703604743,https://scontent.fccu31-2.fna.fbcdn.net/v/t39.30808-6/476637868_1041950714643504_8792673285420843098_n.jpg?stp=dst-jpg_s1080x2048_tt6&_nc_cat=108&ccb=1-7&_nc_sid=833d8c&_nc_ohc=omZll3rukwcQ7kNvwHomf9d&_nc_oc=Adqnrz7T22fD_V1gs1H7EHiZptDdvZXMRXt2ZYMH7yPY6Fl6-DjXtQrNpswh1E-9qnI&_nc_zt=23&_nc_ht=scontent.fccu31-2.fna&edm=AKIiGfEEAAAA&_nc_gid=jIDcoEo8ydDjwMH59YSwqg&_nc_tpa=Q5bMBQHuuT2pmrN8PDmY7UAatTPTxc9XeHKhEsrJHGtEQSqpDf6gkyH-O7kJ31oTu_IHqYLZn3CtWuFm7A&oh=00_Af7EcDMzCsFd9h1xcnf3F-1JMPalP__gshJDFggN-rLDHQ&oe=6A18EE79,https://scontent.fccu31-2.fna.fbcdn.net/v/t39.30808-6/476637868_1041950714643504_8792673285420843098_n.jpg?stp=dst-jpg_s1080x2048_tt6&_nc_cat=108&ccb=1-7&_nc_sid=833d8c&_nc_ohc=omZll3rukwcQ7kNvwHomf9d&_nc_oc=Adqnrz7T22fD_V1gs1H7EHiZptDdvZXMRXt2ZYMH7yPY6Fl6-DjXtQrNpswh1E-9qnI&_nc_zt=23&_nc_ht=scontent.fccu31-2.fna&edm=AKIiGfEEAAAA&_nc_gid=jIDcoEo8ydDjwMH59YSwqg&_nc_tpa=Q5bMBQGi88-qJXhlQ-jwtIxpufjiPSfgyTvZ-4DhQMsh1usUd1vwxsRifMb0rDStrobVIonFb6_Mg5OSgA&oh=00_Af4Onaf8uSyM0LTFuOmmWRJPLBN_YIAb9GouH1H6PUs-Kg&oe=6A18EE79,https://www.facebook.com/photo.php?fbid=585671690271411&set=a.448214567350458&type=3,720,1080,photo,photo,"#Bharat_Book_Of_Records
🇮🇳🏅🇮🇳🏅🇮🇳🏅🇮🇳🏅🇮🇳🏅🇮🇳🏅🇮🇳🏅🇮🇳🏅🇮🇳
#Record_Holder

Successful Participated in The International Women's day which was conducted on the 7th March 2023 inside the running train VANDE BHARAT EXPRESS Bangalore to Mysore and created a history for the first time in India by celebrating and honouring the Durga Devis of our Nation inside the running train which was appreciated  and accepted to be mentioned in the Prestigious book 
BHARAT BOOK OF RECORDS",https://www.facebook.com/1425872462917992/posts/585671703604743,"#Bharat_Book_Of_Records
🇮🇳🏅🇮🇳🏅🇮🇳🏅🇮🇳🏅🇮🇳🏅🇮🇳🏅🇮🇳🏅🇮🇳🏅🇮🇳
#Record_Holder

Successful Participated in The International Women's day which was conducted on the 7th March 2023 inside the running train VANDE BHARAT EXPRESS Bangalore to Mysore and created a history for the first time in India by celebrating and honouring the Durga Devis of our Nation inside the running train which was appreciated  and accepted to be mentioned in the Prestigious book 
BHARAT BOOK OF RECORDS",TRUE,FALSE,FALSE,FALSE,FALSE,2023-03-09T06:50:43+0000
107248091187807_585671540271426,https://scontent.fccu31-2.fna.fbcdn.net/v/t39.30808-6/478686263_1041950684643507_3994773072264389887_n.jpg?stp=dst-jpg_p720x720_tt6&_nc_cat=111&ccb=1-7&_nc_sid=833d8c&_nc_ohc=V46Pbq53A0kQ7kNvwF1QdJc&_nc_oc=Adr-WKMS2lnNO82sJ-oKCc-HQX24PI2kbMdV2ktzjXYtNNVffQACRbasDBrFNhra6hU&_nc_zt=23&_nc_ht=scontent.fccu31-2.fna&edm=AKIiGfEEAAAA&_nc_gid=jIDcoEo8ydDjwMH59YSwqg&_nc_tpa=Q5bMBQF7S9-QScM2GD2gGe7l9_zxV_-2Uh9GJl9ars0p-emg1qc7878LfJix1FJwsiUpJdXfO8OIBzQ1Zg&oh=00_Af7gmQ37d9zIlTfMIpi0_U-yEjE-gWMuytyPcgTAEK8O6w&oe=6A18CD53,https://scontent.fccu31-2.fna.fbcdn.net/v/t39.30808-6/478686263_1041950684643507_3994773072264389887_n.jpg?stp=dst-jpg_p720x720_tt6&_nc_cat=111&ccb=1-7&_nc_sid=833d8c&_nc_ohc=V46Pbq53A0kQ7kNvwF1QdJc&_nc_oc=Adr-WKMS2lnNO82sJ-oKCc-HQX24PI2kbMdV2ktzjXYtNNVffQACRbasDBrFNhra6hU&_nc_zt=23&_nc_ht=scontent.fccu31-2.fna&edm=AKIiGfEEAAAA&_nc_gid=jIDcoEo8ydDjwMH59YSwqg&_nc_tpa=Q5bMBQGLxxbANy0MpN2fztLvfHN2yaSEcKMPEU2O1FPeNE5SOTV7nuondNy7H-vfP9J4ohmc6c9UMoESag&oh=00_Af6_gkJACgZVs3rtIzom_hp_bVpPBLfMqkCAOhdwcZbapA&oe=6A18CD53,https://www.facebook.com/photo.php?fbid=585671510271429&set=a.448214567350458&type=3,720,942,photo,photo,"#Bharat_Book_Of_Records
🇮🇳🏅🇮🇳🏅🇮🇳🏅🇮🇳🏅🇮🇳🏅🇮🇳🏅🇮🇳🏅🇮🇳🏅🇮🇳
#Record_Holder

Successful Participated in The International Women's day which was conducted on the 7th March 2023 inside the running train VANDE BHARAT EXPRESS Bangalore to Mysore and created a history for the first time in India by celebrating and honouring the Durga Devis of our Nation inside the running train which was appreciated  and accepted to be mentioned in the Prestigious book 
BHARAT BOOK OF RECORDS",https://www.facebook.com/1425872462917992/posts/585671540271426,"#Bharat_Book_Of_Records
🇮🇳🏅🇮🇳🏅🇮🇳🏅🇮🇳🏅🇮🇳🏅🇮🇳🏅🇮🇳🏅🇮🇳🏅🇮🇳
#Record_Holder

Successful Participated in The International Women's day which was conducted on the 7th March 2023 inside the running train VANDE BHARAT EXPRESS Bangalore to Mysore and created a history for the first time in India by celebrating and honouring the Durga Devis of our Nation inside the running train which was appreciated  and accepted to be mentioned in the Prestigious book 
BHARAT BOOK OF RECORDS",TRUE,FALSE,FALSE,FALSE,FALSE,2023-03-09T06:50:25+0000
107248091187807_585671336938113,https://scontent.fccu3-1.fna.fbcdn.net/v/t39.30808-6/476634610_1041950711310171_5253810709872185340_n.jpg?stp=dst-jpg_s1080x2048_tt6&_nc_cat=101&ccb=1-7&_nc_sid=833d8c&_nc_ohc=x8ZI1L4xgwgQ7kNvwH-k1tf&_nc_oc=AdoLKko7xKngBnsYfdbOpY4t2I_oNCBwBELWD6q735QV3wu90pdMFXfb3ERCA6nI6zU&_nc_zt=23&_nc_ht=scontent.fccu3-1.fna&edm=AKIiGfEEAAAA&_nc_gid=jIDcoEo8ydDjwMH59YSwqg&_nc_tpa=Q5bMBQHPaj6Wb6ZAIiW8EVluaRPu7HSPV3T03h5NiblzRrvZo5bJcclavFWCsFKSmBYwpTPFwDbDCCrmAA&oh=00_Af7EWxpKs0ONvUcZjYsx5CtzCUzp5FSXKOgIoaMslT1crA&oe=6A18C6F8,https://scontent.fccu3-1.fna.fbcdn.net/v/t39.30808-6/476634610_1041950711310171_5253810709872185340_n.jpg?stp=dst-jpg_s1080x2048_tt6&_nc_cat=101&ccb=1-7&_nc_sid=833d8c&_nc_ohc=x8ZI1L4xgwgQ7kNvwH-k1tf&_nc_oc=AdoLKko7xKngBnsYfdbOpY4t2I_oNCBwBELWD6q735QV3wu90pdMFXfb3ERCA6nI6zU&_nc_zt=23&_nc_ht=scontent.fccu3-1.fna&edm=AKIiGfEEAAAA&_nc_gid=jIDcoEo8ydDjwMH59YSwqg&_nc_tpa=Q5bMBQEM5uYdXiLifozbOO4n-QEDeiq3azhFBJRcNwLW3RZvwrstZ5Dzt_KfYBpQX4HbEBgbHm45umRmsQ&oh=00_Af5xNPu5RXI72XD8O9SgE6S81nj2MpMCmGSQ2PUO_ju4KQ&oe=6A18C6F8,https://www.facebook.com/photo.php?fbid=585671320271448&set=a.448214567350458&type=3,720,1080,photo,photo,"#Bharat_Book_Of_Records
🇮🇳🏅🇮🇳🏅🇮🇳🏅🇮🇳🏅🇮🇳🏅🇮🇳🏅🇮🇳🏅🇮🇳🏅🇮🇳
#Record_Holder

Successful Participated in The International Women's day which was conducted on the 7th March 2023 inside the running train VANDE BHARAT EXPRESS Bangalore to Mysore and created a history for the first time in India by celebrating and honouring the Durga Devis of our Nation inside the running train which was appreciated  and accepted to be mentioned in the Prestigious book 
BHARAT BOOK OF RECORDS",https://www.facebook.com/1425872462917992/posts/585671336938113,"#Bharat_Book_Of_Records
🇮🇳🏅🇮🇳🏅🇮🇳🏅🇮🇳🏅🇮🇳🏅🇮🇳🏅🇮🇳🏅🇮🇳🏅🇮🇳
#Record_Holder

Successful Participated in The International Women's day which was conducted on the 7th March 2023 inside the running train VANDE BHARAT EXPRESS Bangalore to Mysore and created a history for the first time in India by celebrating and honouring the Durga Devis of our Nation inside the running train which was appreciated  and accepted to be mentioned in the Prestigious book 
BHARAT BOOK OF RECORDS",TRUE,FALSE,FALSE,FALSE,FALSE,2023-03-09T06:50:00+0000
107248091187807_561504962688084,https://scontent.fccu31-1.fna.fbcdn.net/v/t39.30808-6/476142439_1037312498440659_5603430457461470068_n.jpg?stp=dst-jpg_s960x960_tt6&_nc_cat=110&ccb=1-7&_nc_sid=833d8c&_nc_ohc=fUT6zD4RQJEQ7kNvwHeWmiG&_nc_oc=Adq5kX2biuymEE6XJ9Vw_KuUu64VvQr19TnQ-ymE2G-_d6IPSDqAH82IQkJmDk_3OOM&_nc_zt=23&_nc_ht=scontent.fccu31-1.fna&edm=AKIiGfEEAAAA&_nc_gid=jIDcoEo8ydDjwMH59YSwqg&_nc_tpa=Q5bMBQFjPqz7_tRHFXUcanQMvdyAOczNUIZeo0Sk95P-p83vGp1nrDRSnY6EdkhKHtjlZaml9QHToFsnKg&oh=00_Af6ZuKaKRQsqt8ddiCrSlzdJs62lttHGoJvNUblz02CQ7g&oe=6A18CE6F,https://scontent.fccu31-1.fna.fbcdn.net/v/t39.30808-6/476142439_1037312498440659_5603430457461470068_n.jpg?stp=dst-jpg_s960x960_tt6&_nc_cat=110&ccb=1-7&_nc_sid=833d8c&_nc_ohc=fUT6zD4RQJEQ7kNvwHeWmiG&_nc_oc=Adq5kX2biuymEE6XJ9Vw_KuUu64VvQr19TnQ-ymE2G-_d6IPSDqAH82IQkJmDk_3OOM&_nc_zt=23&_nc_ht=scontent.fccu31-1.fna&edm=AKIiGfEEAAAA&_nc_gid=jIDcoEo8ydDjwMH59YSwqg&_nc_tpa=Q5bMBQEW6KS0UMazJPbKggaSD4TYDfUU0mkwFe-eTeAPDVp6np7gRyPxAEvGYNLRFEOMcRklcgnMsZV0Vw&oh=00_Af4n8GqZhF1dTU63cLF527Dpj_diHOFvTphh7mi5vq6FIA&oe=6A18CE6F,https://www.facebook.com/photo.php?fbid=561504942688086&set=a.448214567350458&type=3,960,720,photo,photo,"#Bharat_Book_Of_Records
🇮🇳🏅🇮🇳🏅🇮🇳🏅🇮🇳🏅🇮🇳🏅🇮🇳🏅🇮🇳🏅🇮🇳🏅🇮🇳
#Record_Holder
Master Arjun
For demonstrating outstanding talent of Recalling 198 Countries and Capitals with Blindfold at the age of 10Years  on 23rd January  2023. Your talent has been verified approved and accepted to be a part of The prestigious book ""Bharat Book Of Records """,https://www.facebook.com/1425872462917992/posts/561504962688084,"#Bharat_Book_Of_Records
🇮🇳🏅🇮🇳🏅🇮🇳🏅🇮🇳🏅🇮🇳🏅🇮🇳🏅🇮🇳🏅🇮🇳🏅🇮🇳
#Record_Holder
Master Arjun
For demonstrating outstanding talent of Recalling 198 Countries and Capitals with Blindfold at the age of 10Years  on 23rd January  2023. Your talent has been verified approved and accepted to be a part of The prestigious book ""Bharat Book Of Records """,TRUE,FALSE,FALSE,FALSE,FALSE,2023-02-02T07:43:39+0000
107248091187807_561501516021762,https://scontent.fccu31-2.fna.fbcdn.net/v/t39.30808-6/476250421_1037312131774029_389070011838812344_n.jpg?stp=dst-jpg_p720x720_tt6&_nc_cat=108&ccb=1-7&_nc_sid=833d8c&_nc_ohc=sJDo3AS-B5oQ7kNvwEn-fto&_nc_oc=Adr010eDxbLCSi6CIrxSDt0j4hPGmrPnBxiV5oaCeRW3K3YVojqfeearh29I1kKdbnc&_nc_zt=23&_nc_ht=scontent.fccu31-2.fna&edm=AKIiGfEEAAAA&_nc_gid=jIDcoEo8ydDjwMH59YSwqg&_nc_tpa=Q5bMBQE6-yWjxrhO9TL6PPH-23MknQbyezgZC5ZqNPEOnLwcKFP2qnwXF5XiEpACHCv4g39O-g1ZmSTJBg&oh=00_Af5dMbvHrHOWlVV9pHBehU30DpEh_jxx5ubTIjS9kzLyBQ&oe=6A18C331,https://scontent.fccu31-2.fna.fbcdn.net/v/t39.30808-6/476250421_1037312131774029_389070011838812344_n.jpg?stp=dst-jpg_p720x720_tt6&_nc_cat=108&ccb=1-7&_nc_sid=833d8c&_nc_ohc=sJDo3AS-B5oQ7kNvwEn-fto&_nc_oc=Adr010eDxbLCSi6CIrxSDt0j4hPGmrPnBxiV5oaCeRW3K3YVojqfeearh29I1kKdbnc&_nc_zt=23&_nc_ht=scontent.fccu31-2.fna&edm=AKIiGfEEAAAA&_nc_gid=jIDcoEo8ydDjwMH59YSwqg&_nc_tpa=Q5bMBQHVOgsYr4xlMWNp42Hy1W40E6ucG9Eqw9ltef-Bbwm1jkKuzf0DSXYGcbnH1icDyc-E3DcdXJdmVA&oh=00_Af6SAuYZOC1DUzo_0oGLB7H1ih_g5kBoGilcraSggPISIQ&oe=6A18C331,https://www.facebook.com/photo.php?fbid=561501482688432&set=a.448214567350458&type=3,892,720,photo,photo,"#Bharat_Book_Of_Records
🇮🇳🏅🇮🇳🏅🇮🇳🏅🇮🇳🏅🇮🇳🏅🇮🇳🏅🇮🇳🏅🇮🇳🏅🇮🇳
#Record_Holder
Smt. T.Madhavi Chowdhary
Yoga Instructor & Memory Coach

For demonstrating 1008 Sun Salutations ( Surya Namaskar) in 10hrs on the occasion of  RATHASAPTHAMI 2023 organised by Paripurna Yoga Kendra at Bengaluru Karnataka.
Your talent has been verified approved and accepted to be a part of The prestigious book ""Bharat Book Of Records",https://www.facebook.com/1425872462917992/posts/561501516021762,"#Bharat_Book_Of_Records
🇮🇳🏅🇮🇳🏅🇮🇳🏅🇮🇳🏅🇮🇳🏅🇮🇳🏅🇮🇳🏅🇮🇳🏅🇮🇳
#Record_Holder
Smt. T.Madhavi Chowdhary
Yoga Instructor & Memory Coach

For demonstrating 1008 Sun Salutations ( Surya Namaskar) in 10hrs on the occasion of  RATHASAPTHAMI 2023 organised by Paripurna Yoga Kendra at Bengaluru Karnataka.
Your talent has been verified approved and accepted to be a part of The prestigious book ""Bharat Book Of Records",TRUE,FALSE,FALSE,FALSE,FALSE,2023-02-02T07:35:26+0000
107248091187807_536499961855251,https://scontent.fccu31-1.fna.fbcdn.net/v/t39.30808-6/475789587_1035328735305702_454798623302887596_n.jpg?stp=dst-jpg_p720x720_tt6&_nc_cat=107&ccb=1-7&_nc_sid=833d8c&_nc_ohc=TwgRnaF64-EQ7kNvwEK1dE2&_nc_oc=AdqVDIb1JJpEG3avrOXILbt96ptafAmCo9cNOBODyebQQtdu-XmrGbVtsqmrJUq50TI&_nc_zt=23&_nc_ht=scontent.fccu31-1.fna&edm=AKIiGfEEAAAA&_nc_gid=jIDcoEo8ydDjwMH59YSwqg&_nc_tpa=Q5bMBQFiSbA3T6lVvQmSFJksIQ9ugnABxfBETbBjPJuGuSqT5oWOsVod9UKVaPOCu_HW_gWMHj9hkT4T4Q&oh=00_Af6jeR0lTki3DemnjiUOTocElYI_ZwTAWqxZYhCDzNLgSQ&oe=6A18BF7C,https://scontent.fccu31-1.fna.fbcdn.net/v/t39.30808-6/475789587_1035328735305702_454798623302887596_n.jpg?stp=dst-jpg_p720x720_tt6&_nc_cat=107&ccb=1-7&_nc_sid=833d8c&_nc_ohc=TwgRnaF64-EQ7kNvwEK1dE2&_nc_oc=AdqVDIb1JJpEG3avrOXILbt96ptafAmCo9cNOBODyebQQtdu-XmrGbVtsqmrJUq50TI&_nc_zt=23&_nc_ht=scontent.fccu31-1.fna&edm=AKIiGfEEAAAA&_nc_gid=jIDcoEo8ydDjwMH59YSwqg&_nc_tpa=Q5bMBQELA7JEnEbSrG6whX7C-tyejsWp-OfhlsQmL-h0BkQcvHOz_nmtZBK9ybs7r_kRIkznUqDbYG_WVw&oh=00_Af4jjgnEq9nnuM2wEPldu0z5q5jsJMV94HkjAniXE6cgeg&oe=6A18BF7C,https://www.facebook.com/photo.php?fbid=536499928521921&set=a.448214567350458&type=3,923,720,photo,photo,"#Bharat_Book_Of_Records
🇮🇳🏅🇮🇳🏅🇮🇳🏅🇮🇳🏅🇮🇳🏅🇮🇳🏅🇮🇳🏅🇮🇳🏅🇮🇳
#Record_Holder
SAMPATHI VARNIKA
For demonstrating outstanding talent of Recalling Vedic Alphabets with Blindfold at the age of 7 on 30th November 2022. Your talent has been verified approved and accepted to be a part of The prestigious book 
""Bharat Book Of Records """,https://www.facebook.com/1425872462917992/posts/536499961855251,"#Bharat_Book_Of_Records
🇮🇳🏅🇮🇳🏅🇮🇳🏅🇮🇳🏅🇮🇳🏅🇮🇳🏅🇮🇳🏅🇮🇳🏅🇮🇳
#Record_Holder
SAMPATHI VARNIKA
For demonstrating outstanding talent of Recalling Vedic Alphabets with Blindfold at the age of 7 on 30th November 2022. Your talent has been verified approved and accepted to be a part of The prestigious book 
""Bharat Book Of Records """,TRUE,FALSE,FALSE,FALSE,FALSE,2022-12-27T14:50:44+0000
107248091187807_536492441856003,https://scontent.fccu3-1.fna.fbcdn.net/v/t15.5256-10/318306256_185672444051743_6711648934401630455_n.jpg?_nc_cat=106&ccb=1-7&_nc_sid=54741f&_nc_ohc=blIgsfrx1A4Q7kNvwGe2nl_&_nc_oc=AdqFxG4qjsDJzjYXTI8xGov6IW7DRi4jMvBTri6NtDeF_RrjRbvPoLqWJYpl8WMCxq4&_nc_zt=23&_nc_ht=scontent.fccu3-1.fna&edm=AKIiGfEEAAAA&_nc_gid=jIDcoEo8ydDjwMH59YSwqg&_nc_tpa=Q5bMBQFKX8jrExIco8XSRyGXfYvw_C1yGeEClINiibJt_qujioQSS4kb1Cs775Uowusbfal6fPnPam3VxA&oh=00_Af6LYc0HUwlsjQwwV-60FCBkQOqWXkGiBJrsJG4seUDMLQ&oe=6A18EBDA,https://scontent.fccu3-1.fna.fbcdn.net/v/t15.5256-10/318306256_185672444051743_6711648934401630455_n.jpg?stp=dst-jpg_s720x720_tt6&_nc_cat=106&ccb=1-7&_nc_sid=54741f&_nc_ohc=blIgsfrx1A4Q7kNvwGe2nl_&_nc_oc=AdqFxG4qjsDJzjYXTI8xGov6IW7DRi4jMvBTri6NtDeF_RrjRbvPoLqWJYpl8WMCxq4&_nc_zt=23&_nc_ht=scontent.fccu3-1.fna&edm=AKIiGfEEAAAA&_nc_gid=jIDcoEo8ydDjwMH59YSwqg&_nc_tpa=Q5bMBQGbnl8VBfUUiG__H7ITLAiznpzFruXttxVO7tEtQ9GiY14bUFklMFN4WTiRbWJll1tTxbgGA17eQA&oh=00_Af4TYIlUcW44yHSeHy3SjvFfJNvPp3J-id8kAlBhjeEyWw&oe=6A18EBDA,https://www.facebook.com/1425872462917992/videos/1999679933560237,720,405,video,video_inline,,https://www.facebook.com/1425872462917992/videos/1999679933560237,"#Bharat_Book_Of_Records
🇮🇳🏅🇮🇳🏅🇮🇳🏅🇮🇳🏅🇮🇳🏅🇮🇳🏅🇮🇳🏅🇮🇳🏅🇮🇳🏅
#Record_Holder
SAMPATHI VARNIKA
For demonstrating outstanding talent of Recalling Vedic Alphabets with Blindfold at the age of 7 on 30th November 2022. Your talent has been verified approved and accepted to be a part of The prestigious book 
""Bharat Book Of Records """,TRUE,FALSE,FALSE,FALSE,FALSE,2022-12-27T14:40:14+0000
107248091187807_479758780862703,https://external.fccu3-1.fna.fbcdn.net/emg1/v/t13/2177097112291607646?url=https%3A%2F%2Flh6.googleusercontent.com%2FCuQR9S-YKRUGzN77TkXRYts-dq3NyGAebJyfhZ_XcRHuUcg7ZocSOa_SytcyZJRxnFFms6Vz8DI%3Dw1200-h630-p&fb_obo=1&utld=googleusercontent.com&edm=AKIiGfEEAAAA&_nc_gid=jIDcoEo8ydDjwMH59YSwqg&_nc_oc=AdoN5781dnm9n_8xlk83Q3ET_TOtPFVg4GDUdHf-DOnss6x-ccm7Uavo9F_aFpUaW-8&ccb=13-1&stp=dst-emg0_fr_q75_tt6&ur=50234c&_nc_sid=64c8fc&oh=06_Q3-_AXz5CUfsZo6MYKWpLRz-n4CIAZ-ktbZZzZF9yVmV01EY&oe=6A14C87F,https://external.fccu3-1.fna.fbcdn.net/emg1/v/t13/2177097112291607646?url=https%3A%2F%2Flh6.googleusercontent.com%2FCuQR9S-YKRUGzN77TkXRYts-dq3NyGAebJyfhZ_XcRHuUcg7ZocSOa_SytcyZJRxnFFms6Vz8DI%3Dw1200-h630-p&fb_obo=1&utld=googleusercontent.com&stp=c0.5000x0.5000f_dst-emg0_p200x200_q75_tt6&edm=AKIiGfEEAAAA&_nc_gid=jIDcoEo8ydDjwMH59YSwqg&_nc_oc=AdoN5781dnm9n_8xlk83Q3ET_TOtPFVg4GDUdHf-DOnss6x-ccm7Uavo9F_aFpUaW-8&ccb=13-1&oh=06_Q3-_AfKQxDW5CoxFwacsodL4k2S_NKFMEd-CLKgUoGFcXByM&oe=6A14C87F&_nc_sid=ef6713,https://l.facebook.com/l.php?u=https%3A%2F%2Fdocs.google.com%2Fforms%2Fd%2Fe%2F1FAIpQLSea86T_9kL7rYOu3I4IOZfK7XADyv69ic2RxZpw0j_l3gdAqQ%2Fviewform%3Fusp%3Dsf_link&h=AUAPx-c6KSKEVRBat7VK4Me8qEgF4RgfGVZGRvW-G6D4rzXZbxWr3aL5JJflpMg5U9bsMN9fJ0mBfM_UqavoJFixSEUqc8jN52FpOYkhunQSsIypfC8zTV5gDflJk9SW&s=1,200,200,link,share,Bharat Book of Records Application Form,https://www.facebook.com/1425872462917992/posts/479758780862703,"🇮🇳🇮🇳🇮🇳🇮🇳🇮🇳🇮🇳🇮🇳🇮🇳🇮🇳🇮🇳🇮🇳🇮🇳🇮🇳🇮🇳🇮🇳🇮🇳🇮🇳
We Bharat Book of Records, wanted to give a platform for your students who got unique talents and capabilities to be in our Book of Records which will be a pride moment for our organization too

Bharat Book of Records has been the undisputed curator and the custodian of Bharat Records. For us, it is simply not about making a record; but pushing the human boundaries and overcoming individual limitations.

Our editorial team works tirelessly to verify, process, and authenticate your achievements; in an unbiased manner to select the deserving record. 

Bharat Book of Records organizes a ‘Record Holders Exchange Programme’ every year, wherein Bharat Book of Record holders get an opportunity to interact with other  record holders. This activity coincides with the launch of the new edition of the Bharat Book of Records

Every year, Bharat Book of Records holders get nominated Pride of Nation Award and are facilitated; at the event of the Independence Day

Note: Need any further assistance to apply, kindly call us on +91-9845732329 or follow the link below 
👇👇👇👇👇👇👇👇
https://docs.google.com/forms/d/e/1FAIpQLSea86T_9kL7rYOu3I4IOZfK7XADyv69ic2RxZpw0j_l3gdAqQ/viewform?usp=sf_link

🇮🇳🇮🇳🇮🇳🇮🇳🇮🇳🇮🇳🇮🇳🇮🇳🇮🇳🇮🇳🇮🇳🇮🇳🇮🇳🇮🇳🇮🇳🇮🇳🇮🇳

Bharat Book Of Records
Karnataka India",TRUE,FALSE,FALSE,FALSE,FALSE,2022-10-13T17:15:01+0000
107248091187807_452055953632986,https://scontent.fccu31-2.fna.fbcdn.net/v/t39.30808-6/475311746_1031305682374674_3660542833868180514_n.jpg?_nc_cat=109&ccb=1-7&_nc_sid=833d8c&_nc_ohc=Qa49MovQRTUQ7kNvwFvPh1N&_nc_oc=AdoejDpEvpz9k1LyKwxL5lZO49FCX0j8GX_ty_tcdWjOlaPZvurpDYfb9VAqqj5Le5w&_nc_zt=23&_nc_ht=scontent.fccu31-2.fna&edm=AKIiGfEEAAAA&_nc_gid=d60DKvzX419Q67rlEf-J9w&_nc_tpa=Q5bMBQHKfflScs4to74lNMRM2i0R6dYMQ6SpCw7x2aIc-av5sDrtG7b2wZufRrzjeGOKBpr5edkmhcGL2Q&oh=00_Af6hOOJRFQbtXuYSZ6Ewyu1Q75jzwDdr66qitie2yDQr8g&oe=6A18E383,https://scontent.fccu31-2.fna.fbcdn.net/v/t39.30808-6/475311746_1031305682374674_3660542833868180514_n.jpg?_nc_cat=109&ccb=1-7&_nc_sid=833d8c&_nc_ohc=Qa49MovQRTUQ7kNvwFvPh1N&_nc_oc=AdoejDpEvpz9k1LyKwxL5lZO49FCX0j8GX_ty_tcdWjOlaPZvurpDYfb9VAqqj5Le5w&_nc_zt=23&_nc_ht=scontent.fccu31-2.fna&edm=AKIiGfEEAAAA&_nc_gid=d60DKvzX419Q67rlEf-J9w&_nc_tpa=Q5bMBQGqSnlH44LdIUR8y8576n-rysB6IBJkygTC55bb_fACkB-prEgpGehLvLiPMwdoZ3SE77Wtk4NBsw&oh=00_Af60ewf_vFHieLDjig7GBCvg1J7vxgJIjiGWUVR68ATysg&oe=6A18E383,https://www.facebook.com/photo.php?fbid=452055926966322&set=a.448214567350458&type=3,1280,577,photo,photo,"#BHARAT_BOOK_OF_RECORDS
 🇮🇳🏅🇮🇳🏅🇮🇳🏅🇮🇳🏅🇮🇳🏅🇮🇳🏅🇮🇳🏅🇮🇳🏅
Dancing for Vande Mataram song along with 1000'sof  dancers on the occasion of 75th Independance day to create a new record at Freedom Park Bengaluru for BHARAT BOOK OF RECORDS",https://www.facebook.com/1425872462917992/posts/452055953632986,"#BHARAT_BOOK_OF_RECORDS
 🇮🇳🏅🇮🇳🏅🇮🇳🏅🇮🇳🏅🇮🇳🏅🇮🇳🏅🇮🇳🏅🇮🇳🏅
Dancing for Vande Mataram song along with 1000'sof  dancers on the occasion of 75th Independance day to create a new record at Freedom Park Bengaluru for BHARAT BOOK OF RECORDS",TRUE,FALSE,FALSE,FALSE,FALSE,2022-09-07T16:49:58+0000
107248091187807_452055253633056,https://scontent.fccu31-1.fna.fbcdn.net/v/t39.30808-6/475163561_1031305745708001_3451801371320336597_n.jpg?stp=dst-jpg_s960x960_tt6&_nc_cat=105&ccb=1-7&_nc_sid=833d8c&_nc_ohc=MJh6E0R87uEQ7kNvwHxlbtv&_nc_oc=Adrm2q97E9HrwdhF7jBqI6jU1JjpvOz71Oav9dGVF6AMLChC6y2N5DvFaOD657G_f1c&_nc_zt=23&_nc_ht=scontent.fccu31-1.fna&edm=AKIiGfEEAAAA&_nc_gid=d60DKvzX419Q67rlEf-J9w&_nc_tpa=Q5bMBQFuWWjyjrxgniIoeFgVtSJbDu_grA7enxbGxz1b7t6NCIhA-3Km8RbaYAVwVOIGFmbsTBMpEhCvYw&oh=00_Af6j3YWG9acVo8h8LZfFN_78FjU1pbfia_F7_UtusZSaMQ&oe=6A18D050,https://scontent.fccu31-1.fna.fbcdn.net/v/t39.30808-6/475163561_1031305745708001_3451801371320336597_n.jpg?stp=dst-jpg_s960x960_tt6&_nc_cat=105&ccb=1-7&_nc_sid=833d8c&_nc_ohc=MJh6E0R87uEQ7kNvwHxlbtv&_nc_oc=Adrm2q97E9HrwdhF7jBqI6jU1JjpvOz71Oav9dGVF6AMLChC6y2N5DvFaOD657G_f1c&_nc_zt=23&_nc_ht=scontent.fccu31-1.fna&edm=AKIiGfEEAAAA&_nc_gid=d60DKvzX419Q67rlEf-J9w&_nc_tpa=Q5bMBQGhkbOplS-pbky_BD3CXtujmwIfkzFYyv7VcFG9wtBVIEp15PjnEXsW9-Josc48tukkNYs3y94K1A&oh=00_Af6U61EffaJuSHE2Zbilg_d525ql-6mE_wwmJnWW0bZekQ&oe=6A18D050,https://www.facebook.com/photo.php?fbid=452055233633058&set=a.448214567350458&type=3,960,720,photo,photo,"#BHARAT_BOOK_OF_RECORDS
 🇮🇳🏅🇮🇳🏅🇮🇳🏅🇮🇳🏅🇮🇳🏅🇮🇳🏅🇮🇳🏅🇮🇳🏅
Dancing for Vande Mataram song along with 1000'sof  dancers on the occasion of 75th Independance day to create a new record at Freedom Park Bengaluru for BHARAT BOOK OF RECORDS",https://www.facebook.com/1425872462917992/posts/452055253633056,"#BHARAT_BOOK_OF_RECORDS
 🇮🇳🏅🇮🇳🏅🇮🇳🏅🇮🇳🏅🇮🇳🏅🇮🇳🏅🇮🇳🏅🇮🇳🏅
Dancing for Vande Mataram song along with 1000'sof  dancers on the occasion of 75th Independance day to create a new record at Freedom Park Bengaluru for BHARAT BOOK OF RECORDS",TRUE,FALSE,FALSE,FALSE,FALSE,2022-09-07T16:48:34+0000
107248091187807_452054673633114,https://scontent.fccu31-1.fna.fbcdn.net/v/t39.30808-6/475413089_1031306052374637_7675983796891526640_n.jpg?_nc_cat=100&ccb=1-7&_nc_sid=833d8c&_nc_ohc=MsSjnZa9dXoQ7kNvwGrXdSu&_nc_oc=AdokItp-nA03zD_TIJK8eDRgSIKg1BTR7g5DewPMDdahLNJS7dUnJi3yW0aLNOXqYMY&_nc_zt=23&_nc_ht=scontent.fccu31-1.fna&edm=AKIiGfEEAAAA&_nc_gid=d60DKvzX419Q67rlEf-J9w&_nc_tpa=Q5bMBQGjA8nT0NoEra-ztvt90BYsLjIgpwQ-DdzXECCT-3U-QdtA-QhVl7NcBfSLIpufnkQzBE1RjYQgwA&oh=00_Af7PirpeQGnrumes-he4QPGtHt48EXTQYDuAPE1wM_gVrA&oe=6A18E6E4,https://scontent.fccu31-1.fna.fbcdn.net/v/t39.30808-6/475413089_1031306052374637_7675983796891526640_n.jpg?_nc_cat=100&ccb=1-7&_nc_sid=833d8c&_nc_ohc=MsSjnZa9dXoQ7kNvwGrXdSu&_nc_oc=AdokItp-nA03zD_TIJK8eDRgSIKg1BTR7g5DewPMDdahLNJS7dUnJi3yW0aLNOXqYMY&_nc_zt=23&_nc_ht=scontent.fccu31-1.fna&edm=AKIiGfEEAAAA&_nc_gid=d60DKvzX419Q67rlEf-J9w&_nc_tpa=Q5bMBQFKcwSjR1NLaBLxQYRpGqQBQSJ3TAEEgGmbLNgRqXeT_7cCxp5qBTdzIdtqxOfUsl8A0fjx3ebodg&oh=00_Af4UW_a44foY3l7wisqyTRldQYfaNAFa4gIEx6RzHsrxpQ&oe=6A18E6E4,https://www.facebook.com/photo.php?fbid=452054656966449&set=a.448214567350458&type=3,1034,576,photo,photo,"#BHARAT_BOOK_OF_RECORDS
 🇮🇳🏅🇮🇳🏅🇮🇳🏅🇮🇳🏅🇮🇳🏅🇮🇳🏅🇮🇳🏅🇮🇳🏅",https://www.facebook.com/1425872462917992/posts/452054673633114,"#BHARAT_BOOK_OF_RECORDS
 🇮🇳🏅🇮🇳🏅🇮🇳🏅🇮🇳🏅🇮🇳🏅🇮🇳🏅🇮🇳🏅🇮🇳🏅",TRUE,FALSE,FALSE,FALSE,FALSE,2022-09-07T16:47:30+0000
107248091187807_452053993633182,https://scontent.fccu31-2.fna.fbcdn.net/v/t39.30808-6/475678709_1031306002374642_2683066808132059732_n.jpg?stp=dst-jpg_p720x720_tt6&_nc_cat=109&ccb=1-7&_nc_sid=833d8c&_nc_ohc=h_mHOACYGQAQ7kNvwGpQ5W6&_nc_oc=AdomdO0vHyLTTbo9XSZoGvz2C8Div-SPEuiAalUWhcJ4XbGQ2shGizPVfV1F4lL1UyY&_nc_zt=23&_nc_ht=scontent.fccu31-2.fna&edm=AKIiGfEEAAAA&_nc_gid=d60DKvzX419Q67rlEf-J9w&_nc_tpa=Q5bMBQEvbm9EBWtwlvNnvN6A5V4kTSz0zSy1u9nNwfESpFUgmz7WURj48IaTEvXwf54xwZshxoPtrKmB7Q&oh=00_Af6PAfj5c-wgwCrEcuFOYS7HlvQcGLwOvHd03JjOw_WA-A&oe=6A18BEEF,https://scontent.fccu31-2.fna.fbcdn.net/v/t39.30808-6/475678709_1031306002374642_2683066808132059732_n.jpg?stp=dst-jpg_p720x720_tt6&_nc_cat=109&ccb=1-7&_nc_sid=833d8c&_nc_ohc=h_mHOACYGQAQ7kNvwGpQ5W6&_nc_oc=AdomdO0vHyLTTbo9XSZoGvz2C8Div-SPEuiAalUWhcJ4XbGQ2shGizPVfV1F4lL1UyY&_nc_zt=23&_nc_ht=scontent.fccu31-2.fna&edm=AKIiGfEEAAAA&_nc_gid=d60DKvzX419Q67rlEf-J9w&_nc_tpa=Q5bMBQE_5-_gzc_NfB84hA8wRwMkjZqoXW4qEhmQWdSx0t_zjqnL4i5g1DUZaFDCWzCiR7wakXnipvkNcQ&oh=00_Af7SD0PpSKbOFAsypubxlp9F5xYcbib3WXjIn6OngvXJwg&oe=6A18BEEF,https://www.facebook.com/photo.php?fbid=452053966966518&set=a.448214567350458&type=3,1309,720,photo,photo,"#BHARAT_BOOK_OF_RECORDS
 🇮🇳🏅🇮🇳🏅🇮🇳🏅🇮🇳🏅🇮🇳🏅🇮🇳🏅🇮🇳🏅🇮🇳🏅",https://www.facebook.com/1425872462917992/posts/452053993633182,"#BHARAT_BOOK_OF_RECORDS
 🇮🇳🏅🇮🇳🏅🇮🇳🏅🇮🇳🏅🇮🇳🏅🇮🇳🏅🇮🇳🏅🇮🇳🏅",TRUE,FALSE,FALSE,FALSE,FALSE,2022-09-07T16:46:11+0000
107248091187807_452053340299914,https://scontent.fccu31-2.fna.fbcdn.net/v/t39.30808-6/475760287_1031305902374652_987056352321840530_n.jpg?stp=dst-jpg_p720x720_tt6&_nc_cat=109&ccb=1-7&_nc_sid=833d8c&_nc_ohc=SMuMVhKQAFIQ7kNvwGLOwjl&_nc_oc=AdoYwDZ9V-syg8Gb7XQNbint1MkXt5vUuQSbuaZp98q99ooHZifKnMRqyF3tJe5uQto&_nc_zt=23&_nc_ht=scontent.fccu31-2.fna&edm=AKIiGfEEAAAA&_nc_gid=d60DKvzX419Q67rlEf-J9w&_nc_tpa=Q5bMBQHb2gocD5QsjZpq9Gxlho8ariXPOxojqOGOyTh6QhPEv8w6vi3nB5YhUFWU-QFLBQneaShUz353UQ&oh=00_Af5_RdIhRoLoYRyoGBPb43hmIpgd3ik4C2fwpglsTGuf2g&oe=6A18F2BF,https://scontent.fccu31-2.fna.fbcdn.net/v/t39.30808-6/475760287_1031305902374652_987056352321840530_n.jpg?stp=dst-jpg_p720x720_tt6&_nc_cat=109&ccb=1-7&_nc_sid=833d8c&_nc_ohc=SMuMVhKQAFIQ7kNvwGLOwjl&_nc_oc=AdoYwDZ9V-syg8Gb7XQNbint1MkXt5vUuQSbuaZp98q99ooHZifKnMRqyF3tJe5uQto&_nc_zt=23&_nc_ht=scontent.fccu31-2.fna&edm=AKIiGfEEAAAA&_nc_gid=d60DKvzX419Q67rlEf-J9w&_nc_tpa=Q5bMBQG2Mv8OPwBd6m3afyRQLO_3OYzHqBOc57upaQt-yBcDarZz_bq0y0bZ3Gu_V1s1DjWcmedAKcB1Tg&oh=00_Af6OPG8BGprQcyFwgfG5ws-ca_rLa58pCeLVWG5L7J0pyQ&oe=6A18F2BF,https://www.facebook.com/photo.php?fbid=452053316966583&set=a.448214567350458&type=3,785,720,photo,photo,"#BHARAT_BOOK_OF_RECORDS
 🇮🇳🏅🇮🇳🏅🇮🇳🏅🇮🇳🏅🇮🇳🏅🇮🇳🏅🇮🇳🏅🇮🇳🏅",https://www.facebook.com/1425872462917992/posts/452053340299914,"#BHARAT_BOOK_OF_RECORDS
 🇮🇳🏅🇮🇳🏅🇮🇳🏅🇮🇳🏅🇮🇳🏅🇮🇳🏅🇮🇳🏅🇮🇳🏅",TRUE,FALSE,FALSE,FALSE,FALSE,2022-09-07T16:45:07+0000
107248091187807_452052233633358,https://scontent.fccu3-1.fna.fbcdn.net/v/t39.30808-6/475139278_1031305795707996_8994346222050849225_n.jpg?stp=dst-jpg_s1080x2048_tt6&_nc_cat=106&ccb=1-7&_nc_sid=833d8c&_nc_ohc=vrFD_RRHIWgQ7kNvwHfh_S5&_nc_oc=Adr0JcsqPp_E2FWroQdn29HQKVjNP4FDjJeEa2vZqZ0oMO3jMH5oRoehhyedEKMrPxo&_nc_zt=23&_nc_ht=scontent.fccu3-1.fna&edm=AKIiGfEEAAAA&_nc_gid=d60DKvzX419Q67rlEf-J9w&_nc_tpa=Q5bMBQEzBwdi-TlyHuxzGvR6BDJND7s57Ra_4f6AdIGvY8fwNbcJ1eTdWn4G3MLPF9Rm0NA5n81YddGrwg&oh=00_Af6P1fB6jXTrCnOJRVhP5RXf62eJlCzSWQDOmqXpymml2w&oe=6A18D658,https://scontent.fccu3-1.fna.fbcdn.net/v/t39.30808-6/475139278_1031305795707996_8994346222050849225_n.jpg?stp=dst-jpg_s1080x2048_tt6&_nc_cat=106&ccb=1-7&_nc_sid=833d8c&_nc_ohc=vrFD_RRHIWgQ7kNvwHfh_S5&_nc_oc=Adr0JcsqPp_E2FWroQdn29HQKVjNP4FDjJeEa2vZqZ0oMO3jMH5oRoehhyedEKMrPxo&_nc_zt=23&_nc_ht=scontent.fccu3-1.fna&edm=AKIiGfEEAAAA&_nc_gid=d60DKvzX419Q67rlEf-J9w&_nc_tpa=Q5bMBQHWC8eVdbJU6hlC2aSCEXw92LczjM1eh3zkwql3UG-33Rn041A7ZwMEtMVDWMXEDOMSLqPhl9MRMg&oh=00_Af4Tzh3YevGIlgeEvX9TtYehhwdR1W1WFCHB1fNcnwci5A&oe=6A18D658,https://www.facebook.com/photo.php?fbid=452052213633360&set=a.448214567350458&type=3,720,1080,photo,photo,"#BHARAT_BOOK_OF_RECORDS
 🇮🇳🏅🇮🇳🏅🇮🇳🏅🇮🇳🏅🇮🇳🏅🇮🇳🏅🇮🇳🏅🇮🇳🏅
Dancing for Vande Mataram song along with 1000'sof  dancers on the occasion of 75th Independance day to create a new record at Freedom Park Bengaluru for BHARAT BOOK OF RECORDS",https://www.facebook.com/1425872462917992/posts/452052233633358,"#BHARAT_BOOK_OF_RECORDS
 🇮🇳🏅🇮🇳🏅🇮🇳🏅🇮🇳🏅🇮🇳🏅🇮🇳🏅🇮🇳🏅🇮🇳🏅
Dancing for Vande Mataram song along with 1000'sof  dancers on the occasion of 75th Independance day to create a new record at Freedom Park Bengaluru for BHARAT BOOK OF RECORDS",TRUE,FALSE,FALSE,FALSE,FALSE,2022-09-07T16:43:57+0000
107248091187807_452051463633435,https://scontent.fccu31-1.fna.fbcdn.net/v/t39.30808-6/475282740_1031306012374641_4986230671523552885_n.jpg?_nc_cat=105&ccb=1-7&_nc_sid=833d8c&_nc_ohc=3Yj4PnDEC48Q7kNvwH_yatH&_nc_oc=AdrHebeL9VUkPhG8bfGve7OQnQNKsdBwAXuzlG_fu0GEGj3vwu0Y6PEWkVEPLvQ3ToA&_nc_zt=23&_nc_ht=scontent.fccu31-1.fna&edm=AKIiGfEEAAAA&_nc_gid=d60DKvzX419Q67rlEf-J9w&_nc_tpa=Q5bMBQGZ2OoYoRmVtzy1uT1LM6fjbluHhXXmvSimBy4ULuhCx3WPOjOcLVqqH0Wvwxsfw64mIBaZdtGRjg&oh=00_Af7NonqzMOi5zwJONBot8QQcOwKWr8WsGu6qZpIHJxwdNQ&oe=6A18C5FE,https://scontent.fccu31-1.fna.fbcdn.net/v/t39.30808-6/475282740_1031306012374641_4986230671523552885_n.jpg?_nc_cat=105&ccb=1-7&_nc_sid=833d8c&_nc_ohc=3Yj4PnDEC48Q7kNvwH_yatH&_nc_oc=AdrHebeL9VUkPhG8bfGve7OQnQNKsdBwAXuzlG_fu0GEGj3vwu0Y6PEWkVEPLvQ3ToA&_nc_zt=23&_nc_ht=scontent.fccu31-1.fna&edm=AKIiGfEEAAAA&_nc_gid=d60DKvzX419Q67rlEf-J9w&_nc_tpa=Q5bMBQFCGdtbbR0Zo9VIdCvItI6HzgVHcbeqIPUvFSDNZlMoGDhT0oHjWI9ZVbjgYrCN6-_lgrpk1SgcJA&oh=00_Af4lnxT_lWW8UWJ5dYkXleR4LYdGp4RKdp1_n2-sc0g1ZQ&oe=6A18C5FE,https://www.facebook.com/photo.php?fbid=452051430300105&set=a.448214567350458&type=3,313,607,photo,photo,"#BHARAT_BOOK_OF_RECORDS
 🇮🇳🏅🇮🇳🏅🇮🇳🏅🇮🇳🏅🇮🇳🏅🇮🇳🏅🇮🇳🏅🇮🇳🏅",https://www.facebook.com/1425872462917992/posts/452051463633435,"#BHARAT_BOOK_OF_RECORDS
 🇮🇳🏅🇮🇳🏅🇮🇳🏅🇮🇳🏅🇮🇳🏅🇮🇳🏅🇮🇳🏅🇮🇳🏅",TRUE,FALSE,FALSE,FALSE,FALSE,2022-09-07T16:42:47+0000
107248091187807_452050546966860,https://scontent.fccu31-2.fna.fbcdn.net/v/t39.30808-6/475140107_1031305955707980_3341676511382976074_n.jpg?stp=dst-jpg_p720x720_tt6&_nc_cat=103&ccb=1-7&_nc_sid=833d8c&_nc_ohc=qGalA1tSeP4Q7kNvwFLTZXA&_nc_oc=AdrbSdYUgDGqOhlbejEjmb7e5mdY2ducaoDO42xbrl-BTMU4RM2K_HKl-NXqerVlTTQ&_nc_zt=23&_nc_ht=scontent.fccu31-2.fna&edm=AKIiGfEEAAAA&_nc_gid=d60DKvzX419Q67rlEf-J9w&_nc_tpa=Q5bMBQEzcri0yxA6PJeuFBlT1x3nc2Eyx3cyc59hFzC59TAsW6jZFB6b_X-zIPV-oeDGUqWKxF_oHykAxw&oh=00_Af4SEz16RgnmcHTyvT565PwI-ftc462QC1xYPw8nmgFfnw&oe=6A18BE71,https://scontent.fccu31-2.fna.fbcdn.net/v/t39.30808-6/475140107_1031305955707980_3341676511382976074_n.jpg?stp=dst-jpg_p720x720_tt6&_nc_cat=103&ccb=1-7&_nc_sid=833d8c&_nc_ohc=qGalA1tSeP4Q7kNvwFLTZXA&_nc_oc=AdrbSdYUgDGqOhlbejEjmb7e5mdY2ducaoDO42xbrl-BTMU4RM2K_HKl-NXqerVlTTQ&_nc_zt=23&_nc_ht=scontent.fccu31-2.fna&edm=AKIiGfEEAAAA&_nc_gid=d60DKvzX419Q67rlEf-J9w&_nc_tpa=Q5bMBQHghQeT0WYo85QHhX0H2NEGDq60e9tAQVf9kEKlf_oR-N6_tNwoSK08NhmlytVIsRNEQF-EMdSNSQ&oh=00_Af4mtGQEurqksc_sUyn0KAwSd1vsnzF4yAAst7j3LAd-CA&oe=6A18BE71,https://www.facebook.com/photo.php?fbid=452050530300195&set=a.448214567350458&type=3,720,1160,photo,photo,"#BHARAT_BOOK_OF_RECORDS
 🇮🇳🏅🇮🇳🏅🇮🇳🏅🇮🇳🏅🇮🇳🏅🇮🇳🏅🇮🇳🏅🇮🇳🏅",https://www.facebook.com/1425872462917992/posts/452050546966860,"#BHARAT_BOOK_OF_RECORDS
 🇮🇳🏅🇮🇳🏅🇮🇳🏅🇮🇳🏅🇮🇳🏅🇮🇳🏅🇮🇳🏅🇮🇳🏅",TRUE,FALSE,FALSE,FALSE,FALSE,2022-09-07T16:41:01+0000
107248091187807_452049473633634,https://scontent.fccu31-1.fna.fbcdn.net/v/t39.30808-6/475783788_1031305709041338_4538402444559880778_n.jpg?_nc_cat=107&ccb=1-7&_nc_sid=833d8c&_nc_ohc=JSlbV7DnRJ0Q7kNvwG8eOD0&_nc_oc=AdoxTX4tx1y3sgASi9iq_HuGosovtv06Zz7OU1xdIBPVdkB8ZA7BXKBDE7kc-5gZqsw&_nc_zt=23&_nc_ht=scontent.fccu31-1.fna&edm=AKIiGfEEAAAA&_nc_gid=d60DKvzX419Q67rlEf-J9w&_nc_tpa=Q5bMBQHRMldTFTYUuWEmopFZ0LehFuYdO2xFwNpT-Wrt4dbQCRG_15VJeRlil3KcTuvOlYA_604PtMWVAw&oh=00_Af41zeB2NjAWq0oxxBsXT5kKJJsO3ucFGo6hytKeyAMQUQ&oe=6A18BCAF,https://scontent.fccu31-1.fna.fbcdn.net/v/t39.30808-6/475783788_1031305709041338_4538402444559880778_n.jpg?_nc_cat=107&ccb=1-7&_nc_sid=833d8c&_nc_ohc=JSlbV7DnRJ0Q7kNvwG8eOD0&_nc_oc=AdoxTX4tx1y3sgASi9iq_HuGosovtv06Zz7OU1xdIBPVdkB8ZA7BXKBDE7kc-5gZqsw&_nc_zt=23&_nc_ht=scontent.fccu31-1.fna&edm=AKIiGfEEAAAA&_nc_gid=d60DKvzX419Q67rlEf-J9w&_nc_tpa=Q5bMBQHoMhu8jx1Q4KGGB6GsD-t2kvX3uvpe8_Sv8O53lP34g-Q0JNuhZMlT_3Ab5NpPKtYS1GTnYM9PZQ&oh=00_Af5PRhtWKE2M-6kYfvJMGqi6YU1T16Oma5M-DqQnYdTc-Q&oe=6A18BCAF,https://www.facebook.com/photo.php?fbid=452049456966969&set=a.448214567350458&type=3,713,1280,photo,photo,"#BHARAT_BOOK_OF_RECORDS
 🇮🇳🏅🇮🇳🏅🇮🇳🏅🇮🇳🏅🇮🇳🏅🇮🇳🏅🇮🇳🏅🇮🇳🏅
Dancing for Vande Mataram song along with 1000'sof  dancers on the occasion of 75th Independance day to create a new record at Freedom Park Bengaluru for BHARAT BOOK OF RECORDS",https://www.facebook.com/1425872462917992/posts/452049473633634,"#BHARAT_BOOK_OF_RECORDS
 🇮🇳🏅🇮🇳🏅🇮🇳🏅🇮🇳🏅🇮🇳🏅🇮🇳🏅🇮🇳🏅🇮🇳🏅
Dancing for Vande Mataram song along with 1000'sof  dancers on the occasion of 75th Independance day to create a new record at Freedom Park Bengaluru for BHARAT BOOK OF RECORDS",TRUE,FALSE,FALSE,FALSE,FALSE,2022-09-07T16:39:08+0000
107248091187807_452047416967173,https://scontent.fccu3-1.fna.fbcdn.net/v/t39.30808-6/475395934_1031306119041297_63629457939498133_n.jpg?stp=dst-jpg_p720x720_tt6&_nc_cat=104&ccb=1-7&_nc_sid=833d8c&_nc_ohc=-2pBs2gNUHkQ7kNvwHdscf_&_nc_oc=Adr0xZzgoBqc4vHb22Vb49HHUtJuQZKmF3Axei9ekP4Tj-N6TXmV56MB-2glk6TP7mY&_nc_zt=23&_nc_ht=scontent.fccu3-1.fna&edm=AKIiGfEEAAAA&_nc_gid=d60DKvzX419Q67rlEf-J9w&_nc_tpa=Q5bMBQGaA2FasxHuKe-Aaey_agF5MMRi8SzP8RrWxMpwYaZu2qhaseC61J4zQJYQXLgeXIb33fdYysvsKg&oh=00_Af7Ig6cUv3Xijjj35_jQ3OkdVSILDQ4AFCBvEpsvibB5XA&oe=6A18CB5A,https://scontent.fccu3-1.fna.fbcdn.net/v/t39.30808-6/475395934_1031306119041297_63629457939498133_n.jpg?stp=dst-jpg_p720x720_tt6&_nc_cat=104&ccb=1-7&_nc_sid=833d8c&_nc_ohc=-2pBs2gNUHkQ7kNvwHdscf_&_nc_oc=Adr0xZzgoBqc4vHb22Vb49HHUtJuQZKmF3Axei9ekP4Tj-N6TXmV56MB-2glk6TP7mY&_nc_zt=23&_nc_ht=scontent.fccu3-1.fna&edm=AKIiGfEEAAAA&_nc_gid=d60DKvzX419Q67rlEf-J9w&_nc_tpa=Q5bMBQEceFDS1UC6hSjaqYy0Pn3kMxjhaqdGqz-td_Afksxp-50sw2THd2TCrqBfVnwgyJzwbyzWYtrGNA&oh=00_Af7aiQgdKcxE-FnJzwyQJA5V5IQ742CCLJ_zzaJ2Zt3AcA&oe=6A18CB5A,https://www.facebook.com/photo.php?fbid=452047393633842&set=a.448214567350458&type=3,1219,720,photo,photo,"#BHARAT_BOOK_OF_RECORDS
 🇮🇳🏅🇮🇳🏅🇮🇳🏅🇮🇳🏅🇮🇳🏅🇮🇳🏅🇮🇳🏅🇮🇳🏅",https://www.facebook.com/1425872462917992/posts/452047416967173,"#BHARAT_BOOK_OF_RECORDS
 🇮🇳🏅🇮🇳🏅🇮🇳🏅🇮🇳🏅🇮🇳🏅🇮🇳🏅🇮🇳🏅🇮🇳🏅",TRUE,FALSE,FALSE,FALSE,FALSE,2022-09-07T16:34:26+0000
107248091187807_452047050300543,https://scontent.fccu3-1.fna.fbcdn.net/v/t39.30808-6/475451268_1031305822374660_3453482443948583030_n.jpg?stp=dst-jpg_p720x720_tt6&_nc_cat=102&ccb=1-7&_nc_sid=833d8c&_nc_ohc=GeYFpQK_uOoQ7kNvwHfw6JQ&_nc_oc=Adoa2mxKi2_WDRSs43L79kuyXdQHtUg097X-BImIcDIh1TD-0uejLhcF8gNEWbd3_B4&_nc_zt=23&_nc_ht=scontent.fccu3-1.fna&edm=AKIiGfEEAAAA&_nc_gid=d60DKvzX419Q67rlEf-J9w&_nc_tpa=Q5bMBQFCUaoan_MJ4koRJlR19MTykY5KajBz0E25Lmfir5TDSacZ18MorQJZ7WbK0pWPazoOq70EtYcYPA&oh=00_Af47_WZV_0UUzLi1rLLgNNMFtIcw9YqTF-VuKhIWe4w4qA&oe=6A18D17F,https://scontent.fccu3-1.fna.fbcdn.net/v/t39.30808-6/475451268_1031305822374660_3453482443948583030_n.jpg?stp=dst-jpg_p720x720_tt6&_nc_cat=102&ccb=1-7&_nc_sid=833d8c&_nc_ohc=GeYFpQK_uOoQ7kNvwHfw6JQ&_nc_oc=Adoa2mxKi2_WDRSs43L79kuyXdQHtUg097X-BImIcDIh1TD-0uejLhcF8gNEWbd3_B4&_nc_zt=23&_nc_ht=scontent.fccu3-1.fna&edm=AKIiGfEEAAAA&_nc_gid=d60DKvzX419Q67rlEf-J9w&_nc_tpa=Q5bMBQGRj6R133Wfn2Tkes84IUOAuoP3Lmg1nVlGsBcqH_z6M7uf0-I0eN3ewTQW2jdVeYEzrDYeNODQGQ&oh=00_Af4asL1WaqANqqOGOVaLHI79nvgu9YGuOHnYRb918nzh-w&oe=6A18D17F,https://www.facebook.com/photo.php?fbid=452047023633879&set=a.448214567350458&type=3,1214,720,photo,photo,"#BHARAT_BOOK_OF_RECORDS
 🇮🇳🏅🇮🇳🏅🇮🇳🏅🇮🇳🏅🇮🇳🏅🇮🇳🏅🇮🇳🏅🇮🇳🏅",https://www.facebook.com/1425872462917992/posts/452047050300543,"#BHARAT_BOOK_OF_RECORDS
 🇮🇳🏅🇮🇳🏅🇮🇳🏅🇮🇳🏅🇮🇳🏅🇮🇳🏅🇮🇳🏅🇮🇳🏅",TRUE,FALSE,FALSE,FALSE,FALSE,2022-09-07T16:33:40+0000
107248091187807_452046756967239,https://scontent.fccu31-1.fna.fbcdn.net/v/t39.30808-6/475138289_1031305725708003_4339298458736429133_n.jpg?stp=dst-jpg_p720x720_tt6&_nc_cat=105&ccb=1-7&_nc_sid=833d8c&_nc_ohc=66qwsM1eV2gQ7kNvwF7-9kj&_nc_oc=AdrEjRDgn8d61VBvjv6_ig5i1xpVosYyjeIzvt_5T1Ue64022phe_JQSn73-Mg9aImc&_nc_zt=23&_nc_ht=scontent.fccu31-1.fna&edm=AKIiGfEEAAAA&_nc_gid=d60DKvzX419Q67rlEf-J9w&_nc_tpa=Q5bMBQG8vBgnMCYjB91t5evA6kPh4yOxY3aqMC9eJC-JGYiVH9R7THOj4RjpyUKxIlQyh6pDy5dayjMS2g&oh=00_Af6jAyhSwwwf_VlFjPGO7JliItNpkuoMldIevlFx6N6qIQ&oe=6A18E914,https://scontent.fccu31-1.fna.fbcdn.net/v/t39.30808-6/475138289_1031305725708003_4339298458736429133_n.jpg?stp=dst-jpg_p720x720_tt6&_nc_cat=105&ccb=1-7&_nc_sid=833d8c&_nc_ohc=66qwsM1eV2gQ7kNvwF7-9kj&_nc_oc=AdrEjRDgn8d61VBvjv6_ig5i1xpVosYyjeIzvt_5T1Ue64022phe_JQSn73-Mg9aImc&_nc_zt=23&_nc_ht=scontent.fccu31-1.fna&edm=AKIiGfEEAAAA&_nc_gid=d60DKvzX419Q67rlEf-J9w&_nc_tpa=Q5bMBQFwmp9ORsW6cbvbE8MzQpQRclilcY6dWe8hOxKlTxEwD2KBG4KHBa130Th6UKHJGORAecsrZWWb2g&oh=00_Af41vyPjqViz-RMYGI_RgGIQ0B-L-RJD-rnFfYxX92h5_g&oe=6A18E914,https://www.facebook.com/photo.php?fbid=452046730300575&set=a.448214567350458&type=3,963,720,photo,photo,"#BHARAT_BOOK_OF_RECORDS
 🇮🇳🏅🇮🇳🏅🇮🇳🏅🇮🇳🏅🇮🇳🏅🇮🇳🏅🇮🇳🏅🇮🇳🏅",https://www.facebook.com/1425872462917992/posts/452046756967239,"#BHARAT_BOOK_OF_RECORDS
 🇮🇳🏅🇮🇳🏅🇮🇳🏅🇮🇳🏅🇮🇳🏅🇮🇳🏅🇮🇳🏅🇮🇳🏅",TRUE,FALSE,FALSE,FALSE,FALSE,2022-09-07T16:33:02+0000
107248091187807_452046286967286,https://scontent.fccu31-2.fna.fbcdn.net/v/t39.30808-6/475139000_1031305945707981_5299583632616673222_n.jpg?stp=dst-jpg_p720x720_tt6&_nc_cat=108&ccb=1-7&_nc_sid=833d8c&_nc_ohc=uwAzdGPUKtYQ7kNvwGXldAp&_nc_oc=AdozBvW2O2QaeG_oq-gKA3psxcpiHHVWPvdTWMiaqM9Ae9VsqxGkXfZ5hvetmrvy1t4&_nc_zt=23&_nc_ht=scontent.fccu31-2.fna&edm=AKIiGfEEAAAA&_nc_gid=d60DKvzX419Q67rlEf-J9w&_nc_tpa=Q5bMBQFLRdMuaRSadY1XQfNS7y83kRVbWQyuUtCJvOqnRihaZAOC1DlHDQOi5K2K-kaIX5uaSBROsUX_jA&oh=00_Af4SLxjqWN1SgX2iSbNPZxotAGVPvNQwq6USSTLF4bTg-w&oe=6A18C49F,https://scontent.fccu31-2.fna.fbcdn.net/v/t39.30808-6/475139000_1031305945707981_5299583632616673222_n.jpg?stp=dst-jpg_p720x720_tt6&_nc_cat=108&ccb=1-7&_nc_sid=833d8c&_nc_ohc=uwAzdGPUKtYQ7kNvwGXldAp&_nc_oc=AdozBvW2O2QaeG_oq-gKA3psxcpiHHVWPvdTWMiaqM9Ae9VsqxGkXfZ5hvetmrvy1t4&_nc_zt=23&_nc_ht=scontent.fccu31-2.fna&edm=AKIiGfEEAAAA&_nc_gid=d60DKvzX419Q67rlEf-J9w&_nc_tpa=Q5bMBQHUqhJ3Qw5oaE6B-z2ChSkQePENrVud5fPRuI8IaRxXCwlXgAgLg7rgKl9vSGurMBILqDye79Rr6g&oh=00_Af6HnuUgKAGkyRz4cV2QMfHR1c0Gy5H0qrV7dtK0F5eMXw&oe=6A18C49F,https://www.facebook.com/photo.php?fbid=452046260300622&set=a.448214567350458&type=3,963,720,photo,photo,"#BHARAT_BOOK_OF_RECORDS
 🇮🇳🏅🇮🇳🏅🇮🇳🏅🇮🇳🏅🇮🇳🏅🇮🇳🏅🇮🇳🏅🇮🇳🏅
Dancing for Vande Mataram song along with 1000'sof  dancers on the occasion of 75th Independance day to create a new record at Freedom Park Bengaluru for BHARAT BOOK OF RECORDS",https://www.facebook.com/1425872462917992/posts/452046286967286,"#BHARAT_BOOK_OF_RECORDS
 🇮🇳🏅🇮🇳🏅🇮🇳🏅🇮🇳🏅🇮🇳🏅🇮🇳🏅🇮🇳🏅🇮🇳🏅
Dancing for Vande Mataram song along with 1000'sof  dancers on the occasion of 75th Independance day to create a new record at Freedom Park Bengaluru for BHARAT BOOK OF RECORDS",TRUE,FALSE,FALSE,FALSE,FALSE,2022-09-07T16:32:30+0000
107248091187807_452045973633984,https://scontent.fccu31-1.fna.fbcdn.net/v/t39.30808-6/475339250_1031305935707982_3367493100134410693_n.jpg?stp=dst-jpg_p720x720_tt6&_nc_cat=105&ccb=1-7&_nc_sid=833d8c&_nc_ohc=1HrhqKpzsoYQ7kNvwF63AGv&_nc_oc=AdokbgWP9vKsQdXVTWkpfxmHkiu6o-sb7z2vTbvpveWGzg-zff31_rYZ5zNXffY9LN4&_nc_zt=23&_nc_ht=scontent.fccu31-1.fna&edm=AKIiGfEEAAAA&_nc_gid=d60DKvzX419Q67rlEf-J9w&_nc_tpa=Q5bMBQEgzjVL4AINGBKJ5XkwnzeNLs250C3z238S8_2yK1bS6pUIh_VLbB1-gDup-2Y8_E8syTSERRctOw&oh=00_Af6YpFLm4orzm5Rj8gwV4q1gU4WQGimdgRzW9hPdBMx8jg&oe=6A18ED7F,https://scontent.fccu31-1.fna.fbcdn.net/v/t39.30808-6/475339250_1031305935707982_3367493100134410693_n.jpg?stp=dst-jpg_p720x720_tt6&_nc_cat=105&ccb=1-7&_nc_sid=833d8c&_nc_ohc=1HrhqKpzsoYQ7kNvwF63AGv&_nc_oc=AdokbgWP9vKsQdXVTWkpfxmHkiu6o-sb7z2vTbvpveWGzg-zff31_rYZ5zNXffY9LN4&_nc_zt=23&_nc_ht=scontent.fccu31-1.fna&edm=AKIiGfEEAAAA&_nc_gid=d60DKvzX419Q67rlEf-J9w&_nc_tpa=Q5bMBQHlqFRvtOuUNeUFEvMh0MycXQgbyjIuwZt1s8ehHPeHbd6xpBrdD0EzrQUGs1QLWopswr16UifG4g&oh=00_Af4s0H1R08xl-1oqEHXTi5KRb09j1xotUB7gpPZ4iC36lA&oe=6A18ED7F,https://www.facebook.com/photo.php?fbid=452045940300654&set=a.448214567350458&type=3,963,720,photo,photo,"#BHARAT_BOOK_OF_RECORDS
 🇮🇳🏅🇮🇳🏅🇮🇳🏅🇮🇳🏅🇮🇳🏅🇮🇳🏅🇮🇳🏅🇮🇳🏅
Dancing for Vande Mataram song along with 1000'sof  dancers on the occasion of 75th Independance day to create a new record at Freedom Park Bengaluru for BHARAT BOOK OF RECORDS",https://www.facebook.com/1425872462917992/posts/452045973633984,"#BHARAT_BOOK_OF_RECORDS
 🇮🇳🏅🇮🇳🏅🇮🇳🏅🇮🇳🏅🇮🇳🏅🇮🇳🏅🇮🇳🏅🇮🇳🏅
Dancing for Vande Mataram song along with 1000'sof  dancers on the occasion of 75th Independance day to create a new record at Freedom Park Bengaluru for BHARAT BOOK OF RECORDS",TRUE,FALSE,FALSE,FALSE,FALSE,2022-09-07T16:31:54+0000
107248091187807_452044476967467,https://scontent.fccu3-1.fna.fbcdn.net/v/t39.30808-6/475135964_1031306129041296_5092513663490333852_n.jpg?stp=dst-jpg_p720x720_tt6&_nc_cat=101&ccb=1-7&_nc_sid=833d8c&_nc_ohc=pcVTI4gPR9MQ7kNvwFzoqyE&_nc_oc=Ado2n9RYvcO_RLiz2mZxb_HZD2luNm5L_dDePWT6Q5YUJXIY0Al6yMyCJoRBo81250M&_nc_zt=23&_nc_ht=scontent.fccu3-1.fna&edm=AKIiGfEEAAAA&_nc_gid=d60DKvzX419Q67rlEf-J9w&_nc_tpa=Q5bMBQHotji6-kCCRRck7ihZN6k1SPUYHDLDleEhu813hT3SuDeI_Ehw_BZGDU0EWfqIy8SwB2IUpKm8gA&oh=00_Af4EoKLHNW_jsd6SFDzXANvwlUiI1cqbnG7gh1sgT5N5OQ&oe=6A18BE6E,https://scontent.fccu3-1.fna.fbcdn.net/v/t39.30808-6/475135964_1031306129041296_5092513663490333852_n.jpg?stp=dst-jpg_p720x720_tt6&_nc_cat=101&ccb=1-7&_nc_sid=833d8c&_nc_ohc=pcVTI4gPR9MQ7kNvwFzoqyE&_nc_oc=Ado2n9RYvcO_RLiz2mZxb_HZD2luNm5L_dDePWT6Q5YUJXIY0Al6yMyCJoRBo81250M&_nc_zt=23&_nc_ht=scontent.fccu3-1.fna&edm=AKIiGfEEAAAA&_nc_gid=d60DKvzX419Q67rlEf-J9w&_nc_tpa=Q5bMBQGnUQ3Es7Ey1fTWUJDye69jNgBpJ6Jbo0nX5EkDweEBvELYCxyA-b6QWBpcGkQj5Afs7x1kt2YjrQ&oh=00_Af4RYQPzLGy-Xo2no_P9-VDxgk3YDIWAYFfdCbdsQn5-rQ&oe=6A18BE6E,https://www.facebook.com/photo.php?fbid=452044456967469&set=a.448214567350458&type=3,963,720,photo,photo,"#BHARAT_BOOK_OF_RECORDS
 🇮🇳🏅🇮🇳🏅🇮🇳🏅🇮🇳🏅🇮🇳🏅🇮🇳🏅🇮🇳🏅🇮🇳🏅
Dancing for Vande Mataram song along with 1000'sof  dancers on the occasion of 75th Independance day to create a new record at Freedom Park Bengaluru for BHARAT BOOK OF RECORDS",https://www.facebook.com/1425872462917992/posts/452044476967467,"#BHARAT_BOOK_OF_RECORDS
 🇮🇳🏅🇮🇳🏅🇮🇳🏅🇮🇳🏅🇮🇳🏅🇮🇳🏅🇮🇳🏅🇮🇳🏅
Dancing for Vande Mataram song along with 1000'sof  dancers on the occasion of 75th Independance day to create a new record at Freedom Park Bengaluru for BHARAT BOOK OF RECORDS",TRUE,FALSE,FALSE,FALSE,FALSE,2022-09-07T16:30:01+0000
107248091187807_452044243634157,https://scontent.fccu31-1.fna.fbcdn.net/v/t39.30808-6/475138190_1031305749041334_2043956911177169020_n.jpg?stp=dst-jpg_p720x720_tt6&_nc_cat=105&ccb=1-7&_nc_sid=833d8c&_nc_ohc=7Qcgl3i52rUQ7kNvwFyJB33&_nc_oc=AdrGd1ZBohwhxZ66Ym6DnOgL2b5Ev3WbBXF5_T6IgSqVFX9FQHk3ErRM0CYSUU3TkKE&_nc_zt=23&_nc_ht=scontent.fccu31-1.fna&edm=AKIiGfEEAAAA&_nc_gid=d60DKvzX419Q67rlEf-J9w&_nc_tpa=Q5bMBQFjLIGl2vyEAGGVem8ilcbrWzUm4zALnOG-vQnn43gp_-7-Mha8e-r5Yp60L24H0TYloinQN5DwFA&oh=00_Af74-0or01_HcFEPoaOIPIks9rLc1gfGINw9cWDXSjHKrQ&oe=6A18CB22,https://scontent.fccu31-1.fna.fbcdn.net/v/t39.30808-6/475138190_1031305749041334_2043956911177169020_n.jpg?stp=dst-jpg_p720x720_tt6&_nc_cat=105&ccb=1-7&_nc_sid=833d8c&_nc_ohc=7Qcgl3i52rUQ7kNvwFyJB33&_nc_oc=AdrGd1ZBohwhxZ66Ym6DnOgL2b5Ev3WbBXF5_T6IgSqVFX9FQHk3ErRM0CYSUU3TkKE&_nc_zt=23&_nc_ht=scontent.fccu31-1.fna&edm=AKIiGfEEAAAA&_nc_gid=d60DKvzX419Q67rlEf-J9w&_nc_tpa=Q5bMBQEBvEs9pd-OAiJcMk-PIuyunNE_q8P2ud_76c5kkUM8KQpVq3FymnV2DpNMR1-lCj-hEkdBvfgDUQ&oh=00_Af7XZgjY_ott5Lvv3Sdd-wjdJluQgtS1os_vrz3ZoFGdCg&oe=6A18CB22,https://www.facebook.com/photo.php?fbid=452044216967493&set=a.448214567350458&type=3,963,720,photo,photo,"#BHARAT_BOOK_OF_RECORDS
 🇮🇳🏅🇮🇳🏅🇮🇳🏅🇮🇳🏅🇮🇳🏅🇮🇳🏅🇮🇳🏅🇮🇳🏅
Dancing for Vande Mataram song along with 1000'sof  dancers on the occasion of 75th Independance day to create a new record at Freedom Park Bengaluru for BHARAT BOOK OF RECORDS",https://www.facebook.com/1425872462917992/posts/452044243634157,"#BHARAT_BOOK_OF_RECORDS
 🇮🇳🏅🇮🇳🏅🇮🇳🏅🇮🇳🏅🇮🇳🏅🇮🇳🏅🇮🇳🏅🇮🇳🏅
Dancing for Vande Mataram song along with 1000'sof  dancers on the occasion of 75th Independance day to create a new record at Freedom Park Bengaluru for BHARAT BOOK OF RECORDS",TRUE,FALSE,FALSE,FALSE,FALSE,2022-09-07T16:29:37+0000
107248091187807_452043823634199,https://scontent.fccu31-1.fna.fbcdn.net/v/t39.30808-6/475174962_1031306115707964_10734230122791081_n.jpg?stp=dst-jpg_p720x720_tt6&_nc_cat=110&ccb=1-7&_nc_sid=833d8c&_nc_ohc=UNgWO96PvsEQ7kNvwHdJVR4&_nc_oc=AdqnE5YE6xdSqEm8qgV-tEp3MiEyQ9jlX2RGIBTHLP244fJrqh7_3FXYAs3YYVBjN5M&_nc_zt=23&_nc_ht=scontent.fccu31-1.fna&edm=AKIiGfEEAAAA&_nc_gid=d60DKvzX419Q67rlEf-J9w&_nc_tpa=Q5bMBQGFGmxyY6cjmVPBv1wMERRMITn-mb-f-JU4vqgflMRk55zIVipxJQpuyuoEWdUorPmaYq2Qiyg2Og&oh=00_Af4o2hUf6wNG3nFGclumQqr1dU8LtsFZHQQGvF8DIS_YPw&oe=6A18C351,https://scontent.fccu31-1.fna.fbcdn.net/v/t39.30808-6/475174962_1031306115707964_10734230122791081_n.jpg?stp=dst-jpg_p720x720_tt6&_nc_cat=110&ccb=1-7&_nc_sid=833d8c&_nc_ohc=UNgWO96PvsEQ7kNvwHdJVR4&_nc_oc=AdqnE5YE6xdSqEm8qgV-tEp3MiEyQ9jlX2RGIBTHLP244fJrqh7_3FXYAs3YYVBjN5M&_nc_zt=23&_nc_ht=scontent.fccu31-1.fna&edm=AKIiGfEEAAAA&_nc_gid=d60DKvzX419Q67rlEf-J9w&_nc_tpa=Q5bMBQEWceNa1p2LUnmipkVb-l4-vWP4V53Jo-tQAdwwGZyM8NdXeMoRIWk8DXqvJPixXfDXyeNVys2aQQ&oh=00_Af5vM24fH7HtNhGZUKCQ_7HoF0deUTKS_VBvzGy617YwfA&oe=6A18C351,https://www.facebook.com/photo.php?fbid=452043803634201&set=a.448214567350458&type=3,963,720,photo,photo,"#BHARAT_BOOK_OF_RECORDS
 🇮🇳🏅🇮🇳🏅🇮🇳🏅🇮🇳🏅🇮🇳🏅🇮🇳🏅🇮🇳🏅🇮🇳🏅
Dancing for Vande Mataram song along with 1000'sof  dancers on the occasion of 75th Independance day to create a new record at Freedom Park Bengaluru for BHARAT BOOK OF RECORDS",https://www.facebook.com/1425872462917992/posts/452043823634199,"#BHARAT_BOOK_OF_RECORDS
 🇮🇳🏅🇮🇳🏅🇮🇳🏅🇮🇳🏅🇮🇳🏅🇮🇳🏅🇮🇳🏅🇮🇳🏅
Dancing for Vande Mataram song along with 1000'sof  dancers on the occasion of 75th Independance day to create a new record at Freedom Park Bengaluru for BHARAT BOOK OF RECORDS",TRUE,FALSE,FALSE,FALSE,FALSE,2022-09-07T16:28:51+0000
107248091187807_452043436967571,https://scontent.fccu31-2.fna.fbcdn.net/v/t39.30808-6/475241151_1031306105707965_580801321720865683_n.jpg?stp=dst-jpg_p720x720_tt6&_nc_cat=111&ccb=1-7&_nc_sid=833d8c&_nc_ohc=T2HxYdv4GegQ7kNvwE7e4xi&_nc_oc=Ado9LuPSumP-IjVAJuyahvLT4MjwTeFNyw-LeYJEoV1tceeTgcTloQW7_RuzTFJTq5E&_nc_zt=23&_nc_ht=scontent.fccu31-2.fna&edm=AKIiGfEEAAAA&_nc_gid=d60DKvzX419Q67rlEf-J9w&_nc_tpa=Q5bMBQHq1pfMIB46btKuoWjt6g2tYt7NGDozVgLHDG55wEChSDSYuC6EYpZmhwyStuOm1mQtFao18B2KvA&oh=00_Af6wMWUg1MT80Dk816iDAcbJWFdAY5js9KmSMGBStUb9MQ&oe=6A18D69B,https://scontent.fccu31-2.fna.fbcdn.net/v/t39.30808-6/475241151_1031306105707965_580801321720865683_n.jpg?stp=dst-jpg_p720x720_tt6&_nc_cat=111&ccb=1-7&_nc_sid=833d8c&_nc_ohc=T2HxYdv4GegQ7kNvwE7e4xi&_nc_oc=Ado9LuPSumP-IjVAJuyahvLT4MjwTeFNyw-LeYJEoV1tceeTgcTloQW7_RuzTFJTq5E&_nc_zt=23&_nc_ht=scontent.fccu31-2.fna&edm=AKIiGfEEAAAA&_nc_gid=d60DKvzX419Q67rlEf-J9w&_nc_tpa=Q5bMBQFYn1DKiygQJjhLauoQudnYf2JkU3Q7NzpOmFkmq-OtMavIjQ5nRU4__RmauYitVPS17qwF5425aw&oh=00_Af4zzlbOGL0yzeXP9yN_0h-HaRSjQkY6Uz1lTSg1NDVOBw&oe=6A18D69B,https://www.facebook.com/photo.php?fbid=452043420300906&set=a.448214567350458&type=3,963,720,photo,photo,"#BHARAT_BOOK_OF_RECORDS
 🇮🇳🏅🇮🇳🏅🇮🇳🏅🇮🇳🏅🇮🇳🏅🇮🇳🏅🇮🇳🏅🇮🇳🏅
Dancing for Vande Mataram song along with 1000'sof  dancers on the occasion of 75th Independance day to create a new record at Freedom Park Bengaluru for BHARAT BOOK OF RECORDS",https://www.facebook.com/1425872462917992/posts/452043436967571,"#BHARAT_BOOK_OF_RECORDS
 🇮🇳🏅🇮🇳🏅🇮🇳🏅🇮🇳🏅🇮🇳🏅🇮🇳🏅🇮🇳🏅🇮🇳🏅
Dancing for Vande Mataram song along with 1000'sof  dancers on the occasion of 75th Independance day to create a new record at Freedom Park Bengaluru for BHARAT BOOK OF RECORDS",TRUE,FALSE,FALSE,FALSE,FALSE,2022-09-07T16:28:07+0000
107248091187807_452043110300937,https://scontent.fccu31-1.fna.fbcdn.net/v/t39.30808-6/475157807_1031305975707978_5347085193752312379_n.jpg?stp=dst-jpg_p720x720_tt6&_nc_cat=110&ccb=1-7&_nc_sid=833d8c&_nc_ohc=WyNHFGPhppcQ7kNvwETXDDk&_nc_oc=Adrb5ujyta5V8jhHtgtnLey40ST-JVg89CCtL8BvmV3TXta_iCa0e3zVYYN8y44LpDw&_nc_zt=23&_nc_ht=scontent.fccu31-1.fna&edm=AKIiGfEEAAAA&_nc_gid=d60DKvzX419Q67rlEf-J9w&_nc_tpa=Q5bMBQEh8ziCOGWNqFCzmV7mnHRgPQzXE4zoVO92DvkaaLXSnW3KsXpTldH70fBW7cURiZ-KeCyFQOwrSg&oh=00_Af4cn2xOAhqa0C6lf-9oe5FXz48TJt7LIK18UkL358MFmw&oe=6A18C6F5,https://scontent.fccu31-1.fna.fbcdn.net/v/t39.30808-6/475157807_1031305975707978_5347085193752312379_n.jpg?stp=dst-jpg_p720x720_tt6&_nc_cat=110&ccb=1-7&_nc_sid=833d8c&_nc_ohc=WyNHFGPhppcQ7kNvwETXDDk&_nc_oc=Adrb5ujyta5V8jhHtgtnLey40ST-JVg89CCtL8BvmV3TXta_iCa0e3zVYYN8y44LpDw&_nc_zt=23&_nc_ht=scontent.fccu31-1.fna&edm=AKIiGfEEAAAA&_nc_gid=d60DKvzX419Q67rlEf-J9w&_nc_tpa=Q5bMBQGjcjXA-Pty5AD1ZTDgKJBy0lwoVvrUeL5pib-wc7iY97o2RUfSNKhobnFmM8vI2tzIOLx_JyGxAQ&oh=00_Af68aJebeS5lul1DupMWtN3JKI28aC-HkzvPlFB4Ch0PZQ&oe=6A18C6F5,https://www.facebook.com/photo.php?fbid=452043080300940&set=a.448214567350458&type=3,963,720,photo,photo,"#BHARAT_BOOK_OF_RECORDS
 🇮🇳🏅🇮🇳🏅🇮🇳🏅🇮🇳🏅🇮🇳🏅🇮🇳🏅🇮🇳🏅🇮🇳🏅
Dancing for Vande Mataram song along with 1000'sof  dancers on the occasion of 75th Independance day to create a new record at Freedom Park Bengaluru for BHARAT BOOK OF RECORDS",https://www.facebook.com/1425872462917992/posts/452043110300937,"#BHARAT_BOOK_OF_RECORDS
 🇮🇳🏅🇮🇳🏅🇮🇳🏅🇮🇳🏅🇮🇳🏅🇮🇳🏅🇮🇳🏅🇮🇳🏅
Dancing for Vande Mataram song along with 1000'sof  dancers on the occasion of 75th Independance day to create a new record at Freedom Park Bengaluru for BHARAT BOOK OF RECORDS",TRUE,FALSE,FALSE,FALSE,FALSE,2022-09-07T16:27:34+0000
107248091187807_452042846967630,https://scontent.fccu31-2.fna.fbcdn.net/v/t39.30808-6/475249577_1031306032374639_5255266376094292135_n.jpg?_nc_cat=109&ccb=1-7&_nc_sid=833d8c&_nc_ohc=G4GL5_yTw6UQ7kNvwFjfhjy&_nc_oc=AdqqE0JNTiPmCJHz3-8jsjVUVPWZ6ZZFNuTXLoTEks1kcpojVAiTDWTDxPmZCl1QubM&_nc_zt=23&_nc_ht=scontent.fccu31-2.fna&edm=AKIiGfEEAAAA&_nc_gid=d60DKvzX419Q67rlEf-J9w&_nc_tpa=Q5bMBQFPAicW1CaCnzAyThCRA75dmHJhAO82yRDM79V5I8G2K1QjKPdHwGerwmsCXQg3PMVY5DOBnIejWQ&oh=00_Af4TwTa9XXPDD4dWHMc4DykScYYI5KE5jVLDzIFHT3ytMA&oe=6A18C55E,https://scontent.fccu31-2.fna.fbcdn.net/v/t39.30808-6/475249577_1031306032374639_5255266376094292135_n.jpg?_nc_cat=109&ccb=1-7&_nc_sid=833d8c&_nc_ohc=G4GL5_yTw6UQ7kNvwFjfhjy&_nc_oc=AdqqE0JNTiPmCJHz3-8jsjVUVPWZ6ZZFNuTXLoTEks1kcpojVAiTDWTDxPmZCl1QubM&_nc_zt=23&_nc_ht=scontent.fccu31-2.fna&edm=AKIiGfEEAAAA&_nc_gid=d60DKvzX419Q67rlEf-J9w&_nc_tpa=Q5bMBQHXSuL8CdcUYtCLxY2UnqmGiD9XQ1fl2lZKmY0mOAlygr6NsqpQK-Q4t8ZRKIy64XsKK9gPCM2qUw&oh=00_Af6swjy9s5CSfBq9FTf60VylcN8HJlOtsRl3J_m1vFEmUA&oe=6A18C55E,https://www.facebook.com/photo.php?fbid=452042820300966&set=a.448214567350458&type=3,1024,576,photo,photo,"#BHARAT_BOOK_OF_RECORDS
 🇮🇳🏅🇮🇳🏅🇮🇳🏅🇮🇳🏅🇮🇳🏅🇮🇳🏅🇮🇳🏅🇮🇳🏅",https://www.facebook.com/1425872462917992/posts/452042846967630,"#BHARAT_BOOK_OF_RECORDS
 🇮🇳🏅🇮🇳🏅🇮🇳🏅🇮🇳🏅🇮🇳🏅🇮🇳🏅🇮🇳🏅🇮🇳🏅",TRUE,FALSE,FALSE,FALSE,FALSE,2022-09-07T16:27:07+0000
107248091187807_452042466967668,https://scontent.fccu31-2.fna.fbcdn.net/v/t39.30808-6/475137198_1031305949041314_5608390634184083948_n.jpg?_nc_cat=108&ccb=1-7&_nc_sid=833d8c&_nc_ohc=tGSRGounAMAQ7kNvwGHULXA&_nc_oc=AdoNaPbAZHNB39VgfP7sHUo-kXEYkOmah9JZpRr1jDwkkIMr3lPMspLTur53fjKOEY0&_nc_zt=23&_nc_ht=scontent.fccu31-2.fna&edm=AKIiGfEEAAAA&_nc_gid=d60DKvzX419Q67rlEf-J9w&_nc_tpa=Q5bMBQHkzGflXbknelPCAx7h8qFIpw609YJNzX2zOZffZBqcLEj1KnQjIMb2D-7o6knbjLg2VTx405oZvg&oh=00_Af5-AbzIglfvMt_5tVCUZ5QwqIz41brfHvE8C4kiJwB14A&oe=6A18DA2F,https://scontent.fccu31-2.fna.fbcdn.net/v/t39.30808-6/475137198_1031305949041314_5608390634184083948_n.jpg?_nc_cat=108&ccb=1-7&_nc_sid=833d8c&_nc_ohc=tGSRGounAMAQ7kNvwGHULXA&_nc_oc=AdoNaPbAZHNB39VgfP7sHUo-kXEYkOmah9JZpRr1jDwkkIMr3lPMspLTur53fjKOEY0&_nc_zt=23&_nc_ht=scontent.fccu31-2.fna&edm=AKIiGfEEAAAA&_nc_gid=d60DKvzX419Q67rlEf-J9w&_nc_tpa=Q5bMBQF5km2oVHVuAnIIOapr-c2bb5a10u5XK7-K0r_UfUP0uwdCn99zfBNGwW0vCTmE9NdmWFZqO8HF2g&oh=00_Af5CFC0EM-eVXsLujJDalruhWp3zjyFg-JQb856zAOqUOw&oe=6A18DA2F,https://www.facebook.com/photo.php?fbid=452042450301003&set=a.448214567350458&type=3,1024,576,photo,photo,"#BHARAT_BOOK_OF_RECORDS
 🇮🇳🏅🇮🇳🏅🇮🇳🏅🇮🇳🏅🇮🇳🏅🇮🇳🏅🇮🇳🏅🇮🇳🏅
Dancing for Vande Mataram song along with 1000'sof  dancers on the occasion of 75th Independance day to create a new record at Freedom Park Bengaluru for BHARAT BOOK OF RECORDS",https://www.facebook.com/1425872462917992/posts/452042466967668,"#BHARAT_BOOK_OF_RECORDS
 🇮🇳🏅🇮🇳🏅🇮🇳🏅🇮🇳🏅🇮🇳🏅🇮🇳🏅🇮🇳🏅🇮🇳🏅
Dancing for Vande Mataram song along with 1000'sof  dancers on the occasion of 75th Independance day to create a new record at Freedom Park Bengaluru for BHARAT BOOK OF RECORDS",TRUE,FALSE,FALSE,FALSE,FALSE,2022-09-07T16:26:22+0000
107248091187807_452042070301041,https://scontent.fccu31-2.fna.fbcdn.net/v/t39.30808-6/475374298_1031306022374640_6787083908657849426_n.jpg?_nc_cat=108&ccb=1-7&_nc_sid=833d8c&_nc_ohc=k2Zof-wO7JAQ7kNvwHhOxre&_nc_oc=Adpc4cYTxNBMvqUkr_0OnMvilVZAfTYC12zgL7E5ots6gTSjW9eskcwtBA7221_8i7s&_nc_zt=23&_nc_ht=scontent.fccu31-2.fna&edm=AKIiGfEEAAAA&_nc_gid=d60DKvzX419Q67rlEf-J9w&_nc_tpa=Q5bMBQE7_rWN7tFajYiXXK9UszhoKIAzulVgEx2tNoWOGLzLxhlG6lGgfsV47Ei-QA88g1xhVI8WIzyAwg&oh=00_Af4lgEPjQ858QNJtweFb9diuz5cEhbo4PdsbY1IKiYfoGQ&oe=6A18C15E,https://scontent.fccu31-2.fna.fbcdn.net/v/t39.30808-6/475374298_1031306022374640_6787083908657849426_n.jpg?_nc_cat=108&ccb=1-7&_nc_sid=833d8c&_nc_ohc=k2Zof-wO7JAQ7kNvwHhOxre&_nc_oc=Adpc4cYTxNBMvqUkr_0OnMvilVZAfTYC12zgL7E5ots6gTSjW9eskcwtBA7221_8i7s&_nc_zt=23&_nc_ht=scontent.fccu31-2.fna&edm=AKIiGfEEAAAA&_nc_gid=d60DKvzX419Q67rlEf-J9w&_nc_tpa=Q5bMBQEJf_5Xcmq37R-1k0HD-Irmow_rvgPMBJeLZLLaxkW4i3azWfcwiBFoEbYM_xaWoh62v4G1b8ThgQ&oh=00_Af4HGvU7thk4Q5IZiROHOLMhqoRvkekwKOJnlj0Z4VRVLQ&oe=6A18C15E,https://www.facebook.com/photo.php?fbid=452042050301043&set=a.448214567350458&type=3,1024,576,photo,photo,"#BHARAT_BOOK_OF_RECORDS
 🇮🇳🏅🇮🇳🏅🇮🇳🏅🇮🇳🏅🇮🇳🏅🇮🇳🏅🇮🇳🏅🇮🇳🏅
Dancing for Vande Mataram song along with 1000'sof  dancers on the occasion of 75th Independance day to create a new record at Freedom Park Bengaluru for BHARAT BOOK OF RECORDS",https://www.facebook.com/1425872462917992/posts/452042070301041,"#BHARAT_BOOK_OF_RECORDS
 🇮🇳🏅🇮🇳🏅🇮🇳🏅🇮🇳🏅🇮🇳🏅🇮🇳🏅🇮🇳🏅🇮🇳🏅
Dancing for Vande Mataram song along with 1000'sof  dancers on the occasion of 75th Independance day to create a new record at Freedom Park Bengaluru for BHARAT BOOK OF RECORDS",TRUE,FALSE,FALSE,FALSE,FALSE,2022-09-07T16:25:39+0000
107248091187807_452041623634419,https://scontent.fccu31-1.fna.fbcdn.net/v/t39.30808-6/475138486_1031306152374627_8341634603783902602_n.jpg?_nc_cat=105&ccb=1-7&_nc_sid=833d8c&_nc_ohc=pwlkltf-eFQQ7kNvwHf_c5P&_nc_oc=AdoMOHncck54l6NWKTeOJExuxZb5PRmv1pHFlk6BSpq-cRpo_G6XhBHifz5VpPgJFN0&_nc_zt=23&_nc_ht=scontent.fccu31-1.fna&edm=AKIiGfEEAAAA&_nc_gid=d60DKvzX419Q67rlEf-J9w&_nc_tpa=Q5bMBQFIjfU8pR-5RbdMOsVO91i1kf2vWudVY-ieEGlpt2Lcqgcq2NcSjbuvtpkDxN2RP-1Yhbr2s3HybA&oh=00_Af73uFRlt9CMZdoPQchOpcpqW8RLidA1CE5teHX9q543JA&oe=6A18DD02,https://scontent.fccu31-1.fna.fbcdn.net/v/t39.30808-6/475138486_1031306152374627_8341634603783902602_n.jpg?_nc_cat=105&ccb=1-7&_nc_sid=833d8c&_nc_ohc=pwlkltf-eFQQ7kNvwHf_c5P&_nc_oc=AdoMOHncck54l6NWKTeOJExuxZb5PRmv1pHFlk6BSpq-cRpo_G6XhBHifz5VpPgJFN0&_nc_zt=23&_nc_ht=scontent.fccu31-1.fna&edm=AKIiGfEEAAAA&_nc_gid=d60DKvzX419Q67rlEf-J9w&_nc_tpa=Q5bMBQFmckHV76hcqwabKcn3NGkrWTbL7HwEqckK64wbxIlJMUy5y54iL_Kmdt3fyONBK0CoeOH0jXZz_g&oh=00_Af7lsSFOIl4VwThRDZKYQ0alRf8GeLP6g1VnYunDiupQXQ&oe=6A18DD02,https://www.facebook.com/photo.php?fbid=452041603634421&set=a.448214567350458&type=3,1024,576,photo,photo,"#BHARAT_BOOK_OF_RECORDS
 🇮🇳🏅🇮🇳🏅🇮🇳🏅🇮🇳🏅🇮🇳🏅🇮🇳🏅🇮🇳🏅🇮🇳🏅
Dancing for Vande Mataram song along with 1000'sof  dancers on the occasion of 75th Independance day to create a new record at Freedom Park Bengaluru for BHARAT BOOK OF RECORDS",https://www.facebook.com/1425872462917992/posts/452041623634419,"#BHARAT_BOOK_OF_RECORDS
 🇮🇳🏅🇮🇳🏅🇮🇳🏅🇮🇳🏅🇮🇳🏅🇮🇳🏅🇮🇳🏅🇮🇳🏅
Dancing for Vande Mataram song along with 1000'sof  dancers on the occasion of 75th Independance day to create a new record at Freedom Park Bengaluru for BHARAT BOOK OF RECORDS",TRUE,FALSE,FALSE,FALSE,FALSE,2022-09-07T16:24:43+0000
107248091187807_452039566967958,https://scontent.fccu3-1.fna.fbcdn.net/v/t39.30808-6/475397697_1031305802374662_5607964641771177363_n.jpg?_nc_cat=102&ccb=1-7&_nc_sid=833d8c&_nc_ohc=InTyscWdPWkQ7kNvwGsGFX0&_nc_oc=Adre4FI_GaSBXmhu6-zvlUzJuGRXakC3_xQg58FEMLNvyW8BLI2HHGrYGDN5rWRWO4A&_nc_zt=23&_nc_ht=scontent.fccu3-1.fna&edm=AKIiGfEEAAAA&_nc_gid=d60DKvzX419Q67rlEf-J9w&_nc_tpa=Q5bMBQGJv8Y3VcUktjye0_whezYudK5tUOYkb7ELdwWpVo1Hj2iQplV9GaiwBK6RRpAP2VrDzbHPfqr0EA&oh=00_Af4LlVzoRNLbLh5mmCiQ7bGE7701Tgz-tkhUQ762V0Hu0Q&oe=6A18F207,https://scontent.fccu3-1.fna.fbcdn.net/v/t39.30808-6/475397697_1031305802374662_5607964641771177363_n.jpg?_nc_cat=102&ccb=1-7&_nc_sid=833d8c&_nc_ohc=InTyscWdPWkQ7kNvwGsGFX0&_nc_oc=Adre4FI_GaSBXmhu6-zvlUzJuGRXakC3_xQg58FEMLNvyW8BLI2HHGrYGDN5rWRWO4A&_nc_zt=23&_nc_ht=scontent.fccu3-1.fna&edm=AKIiGfEEAAAA&_nc_gid=d60DKvzX419Q67rlEf-J9w&_nc_tpa=Q5bMBQHzOM2DFfu6o0pOxZQkRYVrovCQpuO1tGAzbd21vO-71gkNAiwNWDe2ZAsj3peCIbFm2PWOIBzXAA&oh=00_Af7utG90qkEhSA_Lq5z3ADUlorQ33Gp0nN_hfE9LwHmHPg&oe=6A18F207,https://www.facebook.com/photo.php?fbid=452039543634627&set=a.448214567350458&type=3,1024,576,photo,photo,"#BHARAT_BOOK_OF_RECORDS
 🇮🇳🏅🇮🇳🏅🇮🇳🏅🇮🇳🏅🇮🇳🏅🇮🇳🏅🇮🇳🏅🇮🇳🏅
Dancing for Vande Mataram song along with 1000'sof  dancers on the occasion of 75th Independance day to create a new record at Freedom Park Bengaluru for BHARAT BOOK OF RECORDS",https://www.facebook.com/1425872462917992/posts/452039566967958,"#BHARAT_BOOK_OF_RECORDS
 🇮🇳🏅🇮🇳🏅🇮🇳🏅🇮🇳🏅🇮🇳🏅🇮🇳🏅🇮🇳🏅🇮🇳🏅
Dancing for Vande Mataram song along with 1000'sof  dancers on the occasion of 75th Independance day to create a new record at Freedom Park Bengaluru for BHARAT BOOK OF RECORDS",TRUE,FALSE,FALSE,FALSE,FALSE,2022-09-07T16:20:37+0000
107248091187807_452038916968023,https://scontent.fccu31-1.fna.fbcdn.net/v/t39.30808-6/475154772_1031305889041320_4046049102402093543_n.jpg?_nc_cat=105&ccb=1-7&_nc_sid=833d8c&_nc_ohc=v9ramZlLKhkQ7kNvwEpb4XP&_nc_oc=AdrIp_QfQNLL3VtEeQRGuJTWZUUX9vJUbpVVBDL8EiMMIKdJAYgWfwAWFtLzIwIMkqc&_nc_zt=23&_nc_ht=scontent.fccu31-1.fna&edm=AKIiGfEEAAAA&_nc_gid=d60DKvzX419Q67rlEf-J9w&_nc_tpa=Q5bMBQFbPdacNQ9mnKm0juD4pk2BoFMoBYKAmeGA7s4bsqG6hEyrEJW3JNcGXcKqXsEQ1HCS3jAOOCjGiQ&oh=00_Af4NLesiSHXThTOpDshtUdeBZ9d3A-ROqUF0zRi3EmiWFQ&oe=6A18D56E,https://scontent.fccu31-1.fna.fbcdn.net/v/t39.30808-6/475154772_1031305889041320_4046049102402093543_n.jpg?_nc_cat=105&ccb=1-7&_nc_sid=833d8c&_nc_ohc=v9ramZlLKhkQ7kNvwEpb4XP&_nc_oc=AdrIp_QfQNLL3VtEeQRGuJTWZUUX9vJUbpVVBDL8EiMMIKdJAYgWfwAWFtLzIwIMkqc&_nc_zt=23&_nc_ht=scontent.fccu31-1.fna&edm=AKIiGfEEAAAA&_nc_gid=d60DKvzX419Q67rlEf-J9w&_nc_tpa=Q5bMBQF4z8O3iwvmGWd1lNwgwHQPRa-mjo4Hfpx1AQRL_nKVDCSMEE1m_RBTKXRWH5SNKwj2stDxvVyRlQ&oh=00_Af6iPoYQvJ5tA9TPXYvV4HbNeGjbm75PZeucUVJJ1FNJ_w&oe=6A18D56E,https://www.facebook.com/photo.php?fbid=452038903634691&set=a.448214567350458&type=3,1024,576,photo,photo,"#BHARAT_BOOK_OF_RECORDS
 🇮🇳🏅🇮🇳🏅🇮🇳🏅🇮🇳🏅🇮🇳🏅🇮🇳🏅🇮🇳🏅🇮🇳🏅
Dancing for Vande Mataram song along with 1000'sof  dancers on the occasion of 75th Independance day to create a new record at Freedom Park Bengaluru for BHARAT BOOK OF RECORDS",https://www.facebook.com/1425872462917992/posts/452038916968023,"#BHARAT_BOOK_OF_RECORDS
 🇮🇳🏅🇮🇳🏅🇮🇳🏅🇮🇳🏅🇮🇳🏅🇮🇳🏅🇮🇳🏅🇮🇳🏅
Dancing for Vande Mataram song along with 1000'sof  dancers on the occasion of 75th Independance day to create a new record at Freedom Park Bengaluru for BHARAT BOOK OF RECORDS",TRUE,FALSE,FALSE,FALSE,FALSE,2022-09-07T16:19:27+0000
107248091187807_452038140301434,https://scontent.fccu31-1.fna.fbcdn.net/v/t39.30808-6/475361138_1031306035707972_8448392423984840121_n.jpg?_nc_cat=100&ccb=1-7&_nc_sid=833d8c&_nc_ohc=YcShsOfHXb4Q7kNvwEyTMsB&_nc_oc=Adq60VaQgr_GGWsWFrlA8FzqRvTBb3APYggmB_Hn06TRIiRWZJ5WrPju8JBhVIPo1lE&_nc_zt=23&_nc_ht=scontent.fccu31-1.fna&edm=AKIiGfEEAAAA&_nc_gid=d60DKvzX419Q67rlEf-J9w&_nc_tpa=Q5bMBQH2CjjEfcba8jhfvTXkC17ji36r1ch8qWAyUDEvRnWQleT9uTQivjyMVkRas4JXgPpzRrnPXaFIaQ&oh=00_Af6fXbcJ-NG-3ZRn8qr3BztXi5WCBuqngWoB3Z4dy70q2w&oe=6A18CDCA,https://scontent.fccu31-1.fna.fbcdn.net/v/t39.30808-6/475361138_1031306035707972_8448392423984840121_n.jpg?_nc_cat=100&ccb=1-7&_nc_sid=833d8c&_nc_ohc=YcShsOfHXb4Q7kNvwEyTMsB&_nc_oc=Adq60VaQgr_GGWsWFrlA8FzqRvTBb3APYggmB_Hn06TRIiRWZJ5WrPju8JBhVIPo1lE&_nc_zt=23&_nc_ht=scontent.fccu31-1.fna&edm=AKIiGfEEAAAA&_nc_gid=d60DKvzX419Q67rlEf-J9w&_nc_tpa=Q5bMBQELYbSeZKDzqpXsrWECBq4Q6un4YHCfRazRuD8FtcI83eBPLIfzjeTPtb3GAaK-vn6zuh-eADYX7w&oh=00_Af4rcHU159qF1IkwyHDhM5iBLzC74CbU5y6KCoRCOVuVPw&oe=6A18CDCA,https://www.facebook.com/photo.php?fbid=452038120301436&set=a.448214567350458&type=3,1024,576,photo,photo,"#BHARAT_BOOK_OF_RECORDS
 🇮🇳🏅🇮🇳🏅🇮🇳🏅🇮🇳🏅🇮🇳🏅🇮🇳🏅🇮🇳🏅🇮🇳🏅
Dancing for Vande Mataram song along with 1000'sof  dancers on the occasion of 75th Independance day to create a new record at Freedom Park Bengaluru for BHARAT BOOK OF RECORDS",https://www.facebook.com/1425872462917992/posts/452038140301434,"#BHARAT_BOOK_OF_RECORDS
 🇮🇳🏅🇮🇳🏅🇮🇳🏅🇮🇳🏅🇮🇳🏅🇮🇳🏅🇮🇳🏅🇮🇳🏅
Dancing for Vande Mataram song along with 1000'sof  dancers on the occasion of 75th Independance day to create a new record at Freedom Park Bengaluru for BHARAT BOOK OF RECORDS",TRUE,FALSE,FALSE,FALSE,FALSE,2022-09-07T16:18:16+0000
107248091187807_452037503634831,https://scontent.fccu31-2.fna.fbcdn.net/v/t39.30808-6/475138486_1031305942374648_6735550566912688850_n.jpg?_nc_cat=103&ccb=1-7&_nc_sid=833d8c&_nc_ohc=60SpG3kQvjEQ7kNvwGZl9F3&_nc_oc=AdrirIxtPtJwcsECUqw1sQoAsd39fcgemT47r1wKON0RbOMdxtPXjdLg5uCVQPgoSkU&_nc_zt=23&_nc_ht=scontent.fccu31-2.fna&edm=AKIiGfEEAAAA&_nc_gid=d60DKvzX419Q67rlEf-J9w&_nc_tpa=Q5bMBQHw6uhelMZsKskZbGp3z3JCwhkyzzBdV_EgZkXO7nEjZ49ZUMgqjL6lO823Di4K6P92b5ITxu3kMA&oh=00_Af6ORfa6qkO_wAiFpv77bC0UKAqvgQCYTsnxHWmXmC9iMw&oe=6A18D955,https://scontent.fccu31-2.fna.fbcdn.net/v/t39.30808-6/475138486_1031305942374648_6735550566912688850_n.jpg?_nc_cat=103&ccb=1-7&_nc_sid=833d8c&_nc_ohc=60SpG3kQvjEQ7kNvwGZl9F3&_nc_oc=AdrirIxtPtJwcsECUqw1sQoAsd39fcgemT47r1wKON0RbOMdxtPXjdLg5uCVQPgoSkU&_nc_zt=23&_nc_ht=scontent.fccu31-2.fna&edm=AKIiGfEEAAAA&_nc_gid=d60DKvzX419Q67rlEf-J9w&_nc_tpa=Q5bMBQF5r7Vneita0_iiIvFlvgMVnJVFwd3FmzkbtEHOhZ0OmIYi3nuYW60MeIO9cIYbMdBI2UTqqX9hWA&oh=00_Af6GLWZqtxrcp4Yn_ZU3wDvtseO2kREC1GAkERoEkNeA9A&oe=6A18D955,https://www.facebook.com/photo.php?fbid=452037486968166&set=a.448214567350458&type=3,1024,576,photo,photo,"#BHARAT_BOOK_OF_RECORDS
 🇮🇳🏅🇮🇳🏅🇮🇳🏅🇮🇳🏅🇮🇳🏅🇮🇳🏅🇮🇳🏅🇮🇳🏅
Dancing for Vande Mataram song along with 1000'sof  dancers on the occasion of 75th Independance day to create a new record at Freedom Park Bengaluru for BHARAT BOOK OF RECORDS",https://www.facebook.com/1425872462917992/posts/452037503634831,"#BHARAT_BOOK_OF_RECORDS
 🇮🇳🏅🇮🇳🏅🇮🇳🏅🇮🇳🏅🇮🇳🏅🇮🇳🏅🇮🇳🏅🇮🇳🏅
Dancing for Vande Mataram song along with 1000'sof  dancers on the occasion of 75th Independance day to create a new record at Freedom Park Bengaluru for BHARAT BOOK OF RECORDS",TRUE,FALSE,FALSE,FALSE,FALSE,2022-09-07T16:16:57+0000
107248091187807_452037113634870,https://scontent.fccu31-1.fna.fbcdn.net/v/t39.30808-6/475156593_1031306019041307_5356104944756123675_n.jpg?_nc_cat=110&ccb=1-7&_nc_sid=833d8c&_nc_ohc=2cPSvpgAZjUQ7kNvwEfAti-&_nc_oc=AdqC_1mwXB0uMCuud-Jg3R-gQozpW5t2mxDS1jbdpllnh4DWwJcURMlHvPi3rmVs2W0&_nc_zt=23&_nc_ht=scontent.fccu31-1.fna&edm=AKIiGfEEAAAA&_nc_gid=d60DKvzX419Q67rlEf-J9w&_nc_tpa=Q5bMBQG_DEn6b86mXHkLErDYWJCO2H_WodsbtlddZrdLgc99ghTyXvU1SJFoeJpGyIMuTOPuAe3dbrhK9g&oh=00_Af4FCDc8xu8Yo9dlS4X8Uj9GhtAExjR0RIjumb-xhuX-ow&oe=6A18DB77,https://scontent.fccu31-1.fna.fbcdn.net/v/t39.30808-6/475156593_1031306019041307_5356104944756123675_n.jpg?_nc_cat=110&ccb=1-7&_nc_sid=833d8c&_nc_ohc=2cPSvpgAZjUQ7kNvwEfAti-&_nc_oc=AdqC_1mwXB0uMCuud-Jg3R-gQozpW5t2mxDS1jbdpllnh4DWwJcURMlHvPi3rmVs2W0&_nc_zt=23&_nc_ht=scontent.fccu31-1.fna&edm=AKIiGfEEAAAA&_nc_gid=d60DKvzX419Q67rlEf-J9w&_nc_tpa=Q5bMBQHxFWeaMK98cxKVLPHv629iTo-R-NuPvTJy4D0_aFGJsDBVg9HLsDOHce1aHflXgcmwSqO1dD0UDA&oh=00_Af473HQmujKHziLkPB0AMR0-2Qns5H4qoL7y4sYeHlBfgw&oe=6A18DB77,https://www.facebook.com/photo.php?fbid=452037083634873&set=a.448214567350458&type=3,1024,576,photo,photo,"#BHARAT_BOOK_OF_RECORDS
 🇮🇳🏅🇮🇳🏅🇮🇳🏅🇮🇳🏅🇮🇳🏅🇮🇳🏅🇮🇳🏅🇮🇳🏅
Dancing for Vande Mataram song along with 1000'sof  dancers on the occasion of 75th Independance day to create a new record at Freedom Park Bengaluru for BHARAT BOOK OF RECORDS",https://www.facebook.com/1425872462917992/posts/452037113634870,"#BHARAT_BOOK_OF_RECORDS
 🇮🇳🏅🇮🇳🏅🇮🇳🏅🇮🇳🏅🇮🇳🏅🇮🇳🏅🇮🇳🏅🇮🇳🏅
Dancing for Vande Mataram song along with 1000'sof  dancers on the occasion of 75th Independance day to create a new record at Freedom Park Bengaluru for BHARAT BOOK OF RECORDS",TRUE,FALSE,FALSE,FALSE,FALSE,2022-09-07T16:16:11+0000
107248091187807_452036846968230,https://scontent.fccu31-1.fna.fbcdn.net/v/t39.30808-6/475136582_1031305809041328_7719083735345687709_n.jpg?_nc_cat=100&ccb=1-7&_nc_sid=833d8c&_nc_ohc=QrLeeA_wL5EQ7kNvwFGwJuL&_nc_oc=AdpJykz5lb981cmDrKhmJ2GyYo5NgEyxaT7gtzQ9R4UisWgCptIJtJftF9t4izHVoBg&_nc_zt=23&_nc_ht=scontent.fccu31-1.fna&edm=AKIiGfEEAAAA&_nc_gid=d60DKvzX419Q67rlEf-J9w&_nc_tpa=Q5bMBQGzH3VuY8XlAK06iVUSueEg61cqOAW_QQH59KSzilmdslzyTSLLpH3XZfiIIT0cko40ptgx6OnjsA&oh=00_Af6261u7eIZXmYI1Hy2hujNnt28fNt2mfXvb1RFPvUAaYQ&oe=6A18D58B,https://scontent.fccu31-1.fna.fbcdn.net/v/t39.30808-6/475136582_1031305809041328_7719083735345687709_n.jpg?_nc_cat=100&ccb=1-7&_nc_sid=833d8c&_nc_ohc=QrLeeA_wL5EQ7kNvwFGwJuL&_nc_oc=AdpJykz5lb981cmDrKhmJ2GyYo5NgEyxaT7gtzQ9R4UisWgCptIJtJftF9t4izHVoBg&_nc_zt=23&_nc_ht=scontent.fccu31-1.fna&edm=AKIiGfEEAAAA&_nc_gid=d60DKvzX419Q67rlEf-J9w&_nc_tpa=Q5bMBQGLNNxRRRdnhZFjOLZYwVfahUgcT5jXG8eKBqei8ntvb5yXziTW7TlPN_R0EXcbzRSGRL6o5w52fQ&oh=00_Af5srzEh7w949pC7rP_P7xFXJV2qFZA4TCTFHum85_5PLA&oe=6A18D58B,https://www.facebook.com/photo.php?fbid=452036823634899&set=a.448214567350458&type=3,1024,576,photo,photo,"#BHARAT_BOOK_OF_RECORDS
 🇮🇳🏅🇮🇳🏅🇮🇳🏅🇮🇳🏅🇮🇳🏅🇮🇳🏅🇮🇳🏅🇮🇳🏅
Dancing for Vande Mataram song along with 1000'sof  dancers on the occasion of 75th Independance day to create a new record at Freedom Park Bengaluru for BHARAT BOOK OF RECORDS",https://www.facebook.com/1425872462917992/posts/452036846968230,"#BHARAT_BOOK_OF_RECORDS
 🇮🇳🏅🇮🇳🏅🇮🇳🏅🇮🇳🏅🇮🇳🏅🇮🇳🏅🇮🇳🏅🇮🇳🏅
Dancing for Vande Mataram song along with 1000'sof  dancers on the occasion of 75th Independance day to create a new record at Freedom Park Bengaluru for BHARAT BOOK OF RECORDS",TRUE,FALSE,FALSE,FALSE,FALSE,2022-09-07T16:15:39+0000
107248091187807_452036563634925,https://scontent.fccu3-1.fna.fbcdn.net/v/t39.30808-6/475139140_1031306102374632_4892944676753422284_n.jpg?_nc_cat=101&ccb=1-7&_nc_sid=833d8c&_nc_ohc=MC2QTmi_z4IQ7kNvwEYsa6_&_nc_oc=AdoMgnBsijbO7nAZz3ielhN1T3khwqmrT5DDS_bu6J08st0cjxvnSxq2oV74-B6GP9w&_nc_zt=23&_nc_ht=scontent.fccu3-1.fna&edm=AKIiGfEEAAAA&_nc_gid=d60DKvzX419Q67rlEf-J9w&_nc_tpa=Q5bMBQGoInVf4-EUHA3ht0luuKwNZnxiI0R2VNC5wRe3x7dgnPEYJ4AN_xgaP4_z2bmAP07-j1rs29x8UQ&oh=00_Af5-ZuuGKoEbsXbX0riRqQP4_QPiLZheTuyncF9Be6ltiQ&oe=6A18E03A,https://scontent.fccu3-1.fna.fbcdn.net/v/t39.30808-6/475139140_1031306102374632_4892944676753422284_n.jpg?_nc_cat=101&ccb=1-7&_nc_sid=833d8c&_nc_ohc=MC2QTmi_z4IQ7kNvwEYsa6_&_nc_oc=AdoMgnBsijbO7nAZz3ielhN1T3khwqmrT5DDS_bu6J08st0cjxvnSxq2oV74-B6GP9w&_nc_zt=23&_nc_ht=scontent.fccu3-1.fna&edm=AKIiGfEEAAAA&_nc_gid=d60DKvzX419Q67rlEf-J9w&_nc_tpa=Q5bMBQF30UBtwyRR2UYfVxojbLGPjOIbT5qubHaFqWY6RaRCqhHltQ_b90WhmCbMdFn7ngQbXGTKlFdbPw&oh=00_Af6g5JRxdp6ctvvQHGH2Wz4TA2XxL8RI-RPcXG6sgUcx6A&oe=6A18E03A,https://www.facebook.com/photo.php?fbid=452036546968260&set=a.448214567350458&type=3,1024,576,photo,photo,"#BHARAT_BOOK_OF_RECORDS
 🇮🇳🏅🇮🇳🏅🇮🇳🏅🇮🇳🏅🇮🇳🏅🇮🇳🏅🇮🇳🏅🇮🇳🏅
Dancing for Vande Mataram song along with 1000'sof  dancers on the occasion of 75th Independance day to create a new record at Freedom Park Bengaluru for BHARAT BOOK OF RECORDS",https://www.facebook.com/1425872462917992/posts/452036563634925,"#BHARAT_BOOK_OF_RECORDS
 🇮🇳🏅🇮🇳🏅🇮🇳🏅🇮🇳🏅🇮🇳🏅🇮🇳🏅🇮🇳🏅🇮🇳🏅
Dancing for Vande Mataram song along with 1000'sof  dancers on the occasion of 75th Independance day to create a new record at Freedom Park Bengaluru for BHARAT BOOK OF RECORDS",TRUE,FALSE,FALSE,FALSE,FALSE,2022-09-07T16:15:10+0000
107248091187807_452036230301625,https://scontent.fccu31-2.fna.fbcdn.net/v/t39.30808-6/474927863_1031305789041330_8166344323315239621_n.jpg?stp=dst-jpg_s960x960_tt6&_nc_cat=108&ccb=1-7&_nc_sid=833d8c&_nc_ohc=kbtDAtMJGGMQ7kNvwEFtgj4&_nc_oc=Adqrn_AVvMehBa8Cu-Dz9SnTFFcs3plDnA52qX3i3UzeeBGZb5j4vaSJwElVzaRaU5o&_nc_zt=23&_nc_ht=scontent.fccu31-2.fna&edm=AKIiGfEEAAAA&_nc_gid=d60DKvzX419Q67rlEf-J9w&_nc_tpa=Q5bMBQEut2ZQzzXwmv9YaZzbAnGyRMGJ8u-e9vovKvdH3kOx0rDa5ODdRIhBkEi-OKIPDuiv607hZ-XlYw&oh=00_Af7SPNxr_5vDgcg1CC-FLoHcTBOnIKIIfdsEuZunQz4HIA&oe=6A18D811,https://scontent.fccu31-2.fna.fbcdn.net/v/t39.30808-6/474927863_1031305789041330_8166344323315239621_n.jpg?stp=dst-jpg_s960x960_tt6&_nc_cat=108&ccb=1-7&_nc_sid=833d8c&_nc_ohc=kbtDAtMJGGMQ7kNvwEFtgj4&_nc_oc=Adqrn_AVvMehBa8Cu-Dz9SnTFFcs3plDnA52qX3i3UzeeBGZb5j4vaSJwElVzaRaU5o&_nc_zt=23&_nc_ht=scontent.fccu31-2.fna&edm=AKIiGfEEAAAA&_nc_gid=d60DKvzX419Q67rlEf-J9w&_nc_tpa=Q5bMBQFEhI528x57wfaPoPygKHmLB5JHGHP_pFbnBq4TynnMWvHhg6s6pj-RSpWB-CbBvJQv84hSSyTnoA&oh=00_Af6sKzo_5GpMeuKJ9Zvzg-V8CqQ0_Tv0iQYsUTQLyoE8dQ&oe=6A18D811,https://www.facebook.com/photo.php?fbid=452036210301627&set=a.448214567350458&type=3,960,720,photo,photo,"#BHARAT_BOOK_OF_RECORDS
 🇮🇳🏅🇮🇳🏅🇮🇳🏅🇮🇳🏅🇮🇳🏅🇮🇳🏅🇮🇳🏅🇮🇳🏅
Dancing for Vande Mataram song along with 1000'sof  dancers on the occasion of 75th Independance day to create a new record at Freedom Park Bengaluru for BHARAT BOOK OF RECORDS",https://www.facebook.com/1425872462917992/posts/452036230301625,"#BHARAT_BOOK_OF_RECORDS
 🇮🇳🏅🇮🇳🏅🇮🇳🏅🇮🇳🏅🇮🇳🏅🇮🇳🏅🇮🇳🏅🇮🇳🏅
Dancing for Vande Mataram song along with 1000'sof  dancers on the occasion of 75th Independance day to create a new record at Freedom Park Bengaluru for BHARAT BOOK OF RECORDS",TRUE,FALSE,FALSE,FALSE,FALSE,2022-09-07T16:14:36+0000
107248091187807_452035880301660,https://scontent.fccu3-1.fna.fbcdn.net/v/t39.30808-6/475171238_1031305775707998_8027749622141909989_n.jpg?stp=dst-jpg_s960x960_tt6&_nc_cat=101&ccb=1-7&_nc_sid=833d8c&_nc_ohc=IfdjswZZu98Q7kNvwFK9Yx6&_nc_oc=AdpsGCbrNoUJd9j8oFJCvlqhgSc3R7Obe0_3ubPqZjYq_ne8fitTQ0800rNIQA0jWRk&_nc_zt=23&_nc_ht=scontent.fccu3-1.fna&edm=AKIiGfEEAAAA&_nc_gid=d60DKvzX419Q67rlEf-J9w&_nc_tpa=Q5bMBQGaCzcpF8wWK5H_wgkadO92MLeOolCd7gyjsBsGIrBPaA4tYA-QiNkH63t4sB8121uoCth894vRVg&oh=00_Af6ykQinxKDeXyMY37B_o5T4t8K9_FZXmIIWrwC5Hq4nUA&oe=6A18C811,https://scontent.fccu3-1.fna.fbcdn.net/v/t39.30808-6/475171238_1031305775707998_8027749622141909989_n.jpg?stp=dst-jpg_s960x960_tt6&_nc_cat=101&ccb=1-7&_nc_sid=833d8c&_nc_ohc=IfdjswZZu98Q7kNvwFK9Yx6&_nc_oc=AdpsGCbrNoUJd9j8oFJCvlqhgSc3R7Obe0_3ubPqZjYq_ne8fitTQ0800rNIQA0jWRk&_nc_zt=23&_nc_ht=scontent.fccu3-1.fna&edm=AKIiGfEEAAAA&_nc_gid=d60DKvzX419Q67rlEf-J9w&_nc_tpa=Q5bMBQGnxZ-spfXsk6bMpnueO2ZyuP4b95FcHHk6BT95CGb2OgkZti7tqS9Uj6y5oYF72qXYXMkESQ_iog&oh=00_Af7NO5Zf2bDe2L2Zr8VRuH5WOVs_AWzNOVDMBaleONThqA&oe=6A18C811,https://www.facebook.com/photo.php?fbid=452035853634996&set=a.448214567350458&type=3,960,720,photo,photo,"#BHARAT_BOOK_OF_RECORDS
 🇮🇳🏅🇮🇳🏅🇮🇳🏅🇮🇳🏅🇮🇳🏅🇮🇳🏅🇮🇳🏅🇮🇳🏅
Dancing for Vande Mataram song along with 1000'sof  dancers on the occasion of 75th Independance day to create a new record at Freedom Park Bengaluru for BHARAT BOOK OF RECORDS",https://www.facebook.com/1425872462917992/posts/452035880301660,"#BHARAT_BOOK_OF_RECORDS
 🇮🇳🏅🇮🇳🏅🇮🇳🏅🇮🇳🏅🇮🇳🏅🇮🇳🏅🇮🇳🏅🇮🇳🏅
Dancing for Vande Mataram song along with 1000'sof  dancers on the occasion of 75th Independance day to create a new record at Freedom Park Bengaluru for BHARAT BOOK OF RECORDS",TRUE,FALSE,FALSE,FALSE,FALSE,2022-09-07T16:14:06+0000
107248091187807_452035423635039,https://scontent.fccu3-1.fna.fbcdn.net/v/t39.30808-6/475085640_1031305752374667_4843898830703947263_n.jpg?stp=dst-jpg_s960x960_tt6&_nc_cat=102&ccb=1-7&_nc_sid=833d8c&_nc_ohc=0F-F46rNX4IQ7kNvwGUyZbj&_nc_oc=AdpB0x9inbDB0SEn81bVvFzp2QMDrwWTSecBE6LqNokbwg8UhOR-EHO5p_tXR45Frns&_nc_zt=23&_nc_ht=scontent.fccu3-1.fna&edm=AKIiGfEEAAAA&_nc_gid=d60DKvzX419Q67rlEf-J9w&_nc_tpa=Q5bMBQGHoigN-NiiDyCbEuU59VD0v8gXbMQazk-2h7Qq1_9L0VhjM0J6WBz6MKctxbfa6N_kNazMQPqAQg&oh=00_Af7hW2h-hnpNJpsxfZ6JEUXZsAXE09eKAnJMkgSb96wnyg&oe=6A18F18A,https://scontent.fccu3-1.fna.fbcdn.net/v/t39.30808-6/475085640_1031305752374667_4843898830703947263_n.jpg?stp=dst-jpg_s960x960_tt6&_nc_cat=102&ccb=1-7&_nc_sid=833d8c&_nc_ohc=0F-F46rNX4IQ7kNvwGUyZbj&_nc_oc=AdpB0x9inbDB0SEn81bVvFzp2QMDrwWTSecBE6LqNokbwg8UhOR-EHO5p_tXR45Frns&_nc_zt=23&_nc_ht=scontent.fccu3-1.fna&edm=AKIiGfEEAAAA&_nc_gid=d60DKvzX419Q67rlEf-J9w&_nc_tpa=Q5bMBQGxbKMns2bMoCWwuBfuZf7-BJU3hYZCBtbJ1kC0C2nhWioCv7Yy8FdxgYjhO9ZCZYFB7YGPmieVtA&oh=00_Af6yEUd5OoYVSEbOJ1IpT_LPsEY_LCh8dlL-cuFgr9Xerw&oe=6A18F18A,https://www.facebook.com/photo.php?fbid=452035390301709&set=a.448214567350458&type=3,960,720,photo,photo,"#BHARAT_BOOK_OF_RECORDS
 🇮🇳🏅🇮🇳🏅🇮🇳🏅🇮🇳🏅🇮🇳🏅🇮🇳🏅🇮🇳🏅🇮🇳🏅
Dancing for Vande Mataram song along with 1000'sof  dancers on the occasion of 75th Independance day to create a new record at Freedom Park Bengaluru for BHARAT BOOK OF RECORDS",https://www.facebook.com/1425872462917992/posts/452035423635039,"#BHARAT_BOOK_OF_RECORDS
 🇮🇳🏅🇮🇳🏅🇮🇳🏅🇮🇳🏅🇮🇳🏅🇮🇳🏅🇮🇳🏅🇮🇳🏅
Dancing for Vande Mataram song along with 1000'sof  dancers on the occasion of 75th Independance day to create a new record at Freedom Park Bengaluru for BHARAT BOOK OF RECORDS",TRUE,FALSE,FALSE,FALSE,FALSE,2022-09-07T16:13:43+0000
107248091187807_452034756968439,https://scontent.fccu3-1.fna.fbcdn.net/v/t39.30808-6/475138190_1031305759041333_7796258221481761515_n.jpg?stp=dst-jpg_s960x960_tt6&_nc_cat=102&ccb=1-7&_nc_sid=833d8c&_nc_ohc=FxjTsHUDwbEQ7kNvwFU23ET&_nc_oc=Adryc_moA0qNemBDy3GZ_zmICGGinnRNJnYLPL7hBRjB1VXKKcwa8FjYCJNVOMs6XJ4&_nc_zt=23&_nc_ht=scontent.fccu3-1.fna&edm=AKIiGfEEAAAA&_nc_gid=d60DKvzX419Q67rlEf-J9w&_nc_tpa=Q5bMBQFOodUpj6lyU9eczKd4hfM9cpxWx_afswLFHF3UUIXimmOhpQd6XXptZBBijhXCtgTTROcNx_0hMg&oh=00_Af5R-Ghk6BazYM4AMtDKk43TUDBk_UI3UEr-F1aXpNJwxA&oe=6A18DF25,https://scontent.fccu3-1.fna.fbcdn.net/v/t39.30808-6/475138190_1031305759041333_7796258221481761515_n.jpg?stp=dst-jpg_s960x960_tt6&_nc_cat=102&ccb=1-7&_nc_sid=833d8c&_nc_ohc=FxjTsHUDwbEQ7kNvwFU23ET&_nc_oc=Adryc_moA0qNemBDy3GZ_zmICGGinnRNJnYLPL7hBRjB1VXKKcwa8FjYCJNVOMs6XJ4&_nc_zt=23&_nc_ht=scontent.fccu3-1.fna&edm=AKIiGfEEAAAA&_nc_gid=d60DKvzX419Q67rlEf-J9w&_nc_tpa=Q5bMBQFgxakclKrdGPZvXfZr4zMmmNpsMHXbJeMXACEImMWv1WXHGGjDm4AiuI0CafclV-ZTcQmVNB_5zA&oh=00_Af514yGDl5j8jIneQHKt3UvUr4VoO-pvML6hFNBJxCCIsQ&oe=6A18DF25,https://www.facebook.com/photo.php?fbid=452034743635107&set=a.448214567350458&type=3,960,720,photo,photo,"#BHARAT_BOOK_OF_RECORDS
 🇮🇳🏅🇮🇳🏅🇮🇳🏅🇮🇳🏅🇮🇳🏅🇮🇳🏅🇮🇳🏅🇮🇳🏅
Dancing for Vande Mataram song along with 1000'sof  dancers on the occasion of 75th Independance day to create a new record at Freedom Park Bengaluru for BHARAT BOOK OF RECORDS",https://www.facebook.com/1425872462917992/posts/452034756968439,"#BHARAT_BOOK_OF_RECORDS
 🇮🇳🏅🇮🇳🏅🇮🇳🏅🇮🇳🏅🇮🇳🏅🇮🇳🏅🇮🇳🏅🇮🇳🏅
Dancing for Vande Mataram song along with 1000'sof  dancers on the occasion of 75th Independance day to create a new record at Freedom Park Bengaluru for BHARAT BOOK OF RECORDS",TRUE,FALSE,FALSE,FALSE,FALSE,2022-09-07T16:13:12+0000
107248091187807_452034143635167,https://scontent.fccu31-2.fna.fbcdn.net/v/t39.30808-6/475323353_1031305879041321_4090916687487966765_n.jpg?stp=dst-jpg_s960x960_tt6&_nc_cat=109&ccb=1-7&_nc_sid=833d8c&_nc_ohc=yPB9R1Ebk_AQ7kNvwFneztL&_nc_oc=Adrihm3AtnQ8MebJ7ur0FI8qAHMrF2r5Ocz3c23ht9F_uu94GRpE5spYAUgukGtcmPY&_nc_zt=23&_nc_ht=scontent.fccu31-2.fna&edm=AKIiGfEEAAAA&_nc_gid=d60DKvzX419Q67rlEf-J9w&_nc_tpa=Q5bMBQF3_7JIGPyPu6ktuBYK4FPKdRW8IQDBR4Tnk3tHGu2oHzBItiS7N9fvtZAi-viDUvTeEPb0W7JgBw&oh=00_Af4LP4O0OV4U4oZI5mvZr3n7jZee2IICcvVXauZH-bmrRw&oe=6A18E564,https://scontent.fccu31-2.fna.fbcdn.net/v/t39.30808-6/475323353_1031305879041321_4090916687487966765_n.jpg?stp=dst-jpg_s960x960_tt6&_nc_cat=109&ccb=1-7&_nc_sid=833d8c&_nc_ohc=yPB9R1Ebk_AQ7kNvwFneztL&_nc_oc=Adrihm3AtnQ8MebJ7ur0FI8qAHMrF2r5Ocz3c23ht9F_uu94GRpE5spYAUgukGtcmPY&_nc_zt=23&_nc_ht=scontent.fccu31-2.fna&edm=AKIiGfEEAAAA&_nc_gid=d60DKvzX419Q67rlEf-J9w&_nc_tpa=Q5bMBQGj6JQfs7S0y5LoUzOQP1E8OHmc29uLf9pk3grUNEtLoDc9n0XaXUeimY987ktOFWBMtDoexttfKA&oh=00_Af57CN-PoBopFEN5A9v7eSWl_kQFhfQICuApyq-0b6bJfg&oe=6A18E564,https://www.facebook.com/photo.php?fbid=452034123635169&set=a.448214567350458&type=3,960,720,photo,photo,"#BHARAT_BOOK_OF_RECORDS
 🇮🇳🏅🇮🇳🏅🇮🇳🏅🇮🇳🏅🇮🇳🏅🇮🇳🏅🇮🇳🏅🇮🇳🏅
Dancing for Vande Mataram song along with 1000'sof  dancers on the occasion of 75th Independance day to create a new record at Freedom Park Bengaluru for BHARAT BOOK OF RECORDS",https://www.facebook.com/1425872462917992/posts/452034143635167,"#BHARAT_BOOK_OF_RECORDS
 🇮🇳🏅🇮🇳🏅🇮🇳🏅🇮🇳🏅🇮🇳🏅🇮🇳🏅🇮🇳🏅🇮🇳🏅
Dancing for Vande Mataram song along with 1000'sof  dancers on the occasion of 75th Independance day to create a new record at Freedom Park Bengaluru for BHARAT BOOK OF RECORDS",TRUE,FALSE,FALSE,FALSE,FALSE,2022-09-07T16:12:19+0000
107248091187807_452033616968553,https://scontent.fccu31-2.fna.fbcdn.net/v/t39.30808-6/475381017_1031306049041304_3432617065921129032_n.jpg?stp=dst-jpg_s960x960_tt6&_nc_cat=103&ccb=1-7&_nc_sid=833d8c&_nc_ohc=btzBIoTJNoQQ7kNvwHF6gdb&_nc_oc=AdpwvLflPQILYCSumeds-MMdh85phO2eIPEywGQRRZ2gDub1rsX98GbtfoAuGdYTC2o&_nc_zt=23&_nc_ht=scontent.fccu31-2.fna&edm=AKIiGfEEAAAA&_nc_gid=d60DKvzX419Q67rlEf-J9w&_nc_tpa=Q5bMBQHWtohXBA7p38ud79d2gPn1s28e3ELPhcxnyVV7nk3LSyArQsizQTNzzjp7rc7MmNYW1fgIHvAKjA&oh=00_Af5nfZwMVqstCkaU3AvXyzqXREvDl4LOUVZW5-4dy5B1NQ&oe=6A18BEC8,https://scontent.fccu31-2.fna.fbcdn.net/v/t39.30808-6/475381017_1031306049041304_3432617065921129032_n.jpg?stp=dst-jpg_s960x960_tt6&_nc_cat=103&ccb=1-7&_nc_sid=833d8c&_nc_ohc=btzBIoTJNoQQ7kNvwHF6gdb&_nc_oc=AdpwvLflPQILYCSumeds-MMdh85phO2eIPEywGQRRZ2gDub1rsX98GbtfoAuGdYTC2o&_nc_zt=23&_nc_ht=scontent.fccu31-2.fna&edm=AKIiGfEEAAAA&_nc_gid=d60DKvzX419Q67rlEf-J9w&_nc_tpa=Q5bMBQHzsh4bcE-wp1HPwGmF9ZCJh1ltnf_JR7J6Tc0Kt4g0khNSyxoGWUFkbjvirmL-jqYzOyI5kuVSWQ&oh=00_Af4VDnxYaI5OHi1UOnmvhgRJwZbdWGIItLriKGcYIYumNg&oe=6A18BEC8,https://www.facebook.com/photo.php?fbid=452033600301888&set=a.448214567350458&type=3,960,720,photo,photo,"#BHARAT_BOOK_OF_RECORDS
 🇮🇳🏅🇮🇳🏅🇮🇳🏅🇮🇳🏅🇮🇳🏅🇮🇳🏅🇮🇳🏅🇮🇳🏅
Dancing for Vande Mataram song along with 1000'sof  dancers on the occasion of 75th Independance day to create a new record at Freedom Park Bengaluru for BHARAT BOOK OF RECORDS",https://www.facebook.com/1425872462917992/posts/452033616968553,"#BHARAT_BOOK_OF_RECORDS
 🇮🇳🏅🇮🇳🏅🇮🇳🏅🇮🇳🏅🇮🇳🏅🇮🇳🏅🇮🇳🏅🇮🇳🏅
Dancing for Vande Mataram song along with 1000'sof  dancers on the occasion of 75th Independance day to create a new record at Freedom Park Bengaluru for BHARAT BOOK OF RECORDS",TRUE,FALSE,FALSE,FALSE,FALSE,2022-09-07T16:11:40+0000
107248091187807_452033210301927,https://scontent.fccu3-1.fna.fbcdn.net/v/t39.30808-6/475155871_1031306015707974_8037236345438213968_n.jpg?stp=dst-jpg_s960x960_tt6&_nc_cat=101&ccb=1-7&_nc_sid=833d8c&_nc_ohc=lGhM19E-it0Q7kNvwGoJ_g-&_nc_oc=AdopobvHXGXOe_fjicqPEYOsngZEuuf6S6E4TZQbP3z0S5oD4GV7uP2K8uWsJN6GuWM&_nc_zt=23&_nc_ht=scontent.fccu3-1.fna&edm=AKIiGfEEAAAA&_nc_gid=d60DKvzX419Q67rlEf-J9w&_nc_tpa=Q5bMBQGZ_qlqa_8HdqBMHn1UWbcyrvH_Eb1fueuv8IqtKhNFNyONDCpS3okXCQ8aM34ju6rqydFQG74hRA&oh=00_Af6AFl7O5p9Ay5_4e7jMvCNrljaOo6I2Ks2Q1sRVrLTZ0A&oe=6A18C58E,https://scontent.fccu3-1.fna.fbcdn.net/v/t39.30808-6/475155871_1031306015707974_8037236345438213968_n.jpg?stp=dst-jpg_s960x960_tt6&_nc_cat=101&ccb=1-7&_nc_sid=833d8c&_nc_ohc=lGhM19E-it0Q7kNvwGoJ_g-&_nc_oc=AdopobvHXGXOe_fjicqPEYOsngZEuuf6S6E4TZQbP3z0S5oD4GV7uP2K8uWsJN6GuWM&_nc_zt=23&_nc_ht=scontent.fccu3-1.fna&edm=AKIiGfEEAAAA&_nc_gid=d60DKvzX419Q67rlEf-J9w&_nc_tpa=Q5bMBQGTm5mRXcqS3axmLiKZu-bccppRhKqJb9SoxJEJhHemj22wZEBGmW1FRwvfbP8SPCExi_4jOqRE1g&oh=00_Af7wJWmSKvvXqHY0WQGuj1WmC_e_1vV2GtLc-7EOkK2pqw&oe=6A18C58E,https://www.facebook.com/photo.php?fbid=452033180301930&set=a.448214567350458&type=3,960,720,photo,photo,"#BHARAT_BOOK_OF_RECORDS
 🇮🇳🏅🇮🇳🏅🇮🇳🏅🇮🇳🏅🇮🇳🏅🇮🇳🏅🇮🇳🏅🇮🇳🏅
Dancing for Vande Mataram song along with 1000'sof  dancers on the occasion of 75th Independance day to create a new record at Freedom Park Bengaluru for BHARAT BOOK OF RECORDS",https://www.facebook.com/1425872462917992/posts/452033210301927,"#BHARAT_BOOK_OF_RECORDS
 🇮🇳🏅🇮🇳🏅🇮🇳🏅🇮🇳🏅🇮🇳🏅🇮🇳🏅🇮🇳🏅🇮🇳🏅
Dancing for Vande Mataram song along with 1000'sof  dancers on the occasion of 75th Independance day to create a new record at Freedom Park Bengaluru for BHARAT BOOK OF RECORDS",TRUE,FALSE,FALSE,FALSE,FALSE,2022-09-07T16:11:00+0000
107248091187807_452032560301992,https://scontent.fccu31-2.fna.fbcdn.net/v/t39.30808-6/475308781_1031305952374647_7874651062049733208_n.jpg?stp=dst-jpg_s960x960_tt6&_nc_cat=103&ccb=1-7&_nc_sid=833d8c&_nc_ohc=3ijgZkCdDYgQ7kNvwFRnFmT&_nc_oc=Adq-QZV5-N70c7gJTruv07qv4m8iJO-xkt5F2Px_dg0LmS4gt0y4dWJgtDF3gDMqlsk&_nc_zt=23&_nc_ht=scontent.fccu31-2.fna&edm=AKIiGfEEAAAA&_nc_gid=d60DKvzX419Q67rlEf-J9w&_nc_tpa=Q5bMBQFEtfhj2NgB5hithbgWj-jUEp2S5zBeTV2j_LHakg-MJT6N1KE8O2zGb9B1oVvjVk51Cear-YaoWg&oh=00_Af4ai9mEaVroyW2znOKOjxQDBJAZbRRh2izqmQbrllK_Zg&oe=6A18C11A,https://scontent.fccu31-2.fna.fbcdn.net/v/t39.30808-6/475308781_1031305952374647_7874651062049733208_n.jpg?stp=dst-jpg_s960x960_tt6&_nc_cat=103&ccb=1-7&_nc_sid=833d8c&_nc_ohc=3ijgZkCdDYgQ7kNvwFRnFmT&_nc_oc=Adq-QZV5-N70c7gJTruv07qv4m8iJO-xkt5F2Px_dg0LmS4gt0y4dWJgtDF3gDMqlsk&_nc_zt=23&_nc_ht=scontent.fccu31-2.fna&edm=AKIiGfEEAAAA&_nc_gid=d60DKvzX419Q67rlEf-J9w&_nc_tpa=Q5bMBQGM83SAlniZrFLu4q1YxjXZoqgRDXqlRKE5z8oUekltcHFJMHXp7kkVBNw3pbHw9yRnkn2TsvLWqw&oh=00_Af4Lxi3VmMShls6GAe_IXCZrYDuu4Pdyg-JBUenKNtLQdw&oe=6A18C11A,https://www.facebook.com/photo.php?fbid=452032540301994&set=a.448214567350458&type=3,960,720,photo,photo,"#BHARAT_BOOK_OF_RECORDS
 🇮🇳🏅🇮🇳🏅🇮🇳🏅🇮🇳🏅🇮🇳🏅🇮🇳🏅🇮🇳🏅🇮🇳🏅
Dancing for Vande Mataram song along with 1000'sof  dancers on the occasion of 75th Independance day to create a new record at Freedom Park Bengaluru for BHARAT BOOK OF RECORDS",https://www.facebook.com/1425872462917992/posts/452032560301992,"#BHARAT_BOOK_OF_RECORDS
 🇮🇳🏅🇮🇳🏅🇮🇳🏅🇮🇳🏅🇮🇳🏅🇮🇳🏅🇮🇳🏅🇮🇳🏅
Dancing for Vande Mataram song along with 1000'sof  dancers on the occasion of 75th Independance day to create a new record at Freedom Park Bengaluru for BHARAT BOOK OF RECORDS",TRUE,FALSE,FALSE,FALSE,FALSE,2022-09-07T16:09:52+0000
107248091187807_452032360302012,https://scontent.fccu31-2.fna.fbcdn.net/v/t39.30808-6/475137023_1031305719041337_1980262284593386242_n.jpg?stp=dst-jpg_s960x960_tt6&_nc_cat=108&ccb=1-7&_nc_sid=833d8c&_nc_ohc=vBwvYGybLaYQ7kNvwH3VS0A&_nc_oc=AdoyXhO62UGbLMKhznjsbiMvjVpbr0jjrvai77JYNpWM3hb6STfeq6bQbj1H_-Zk2_U&_nc_zt=23&_nc_ht=scontent.fccu31-2.fna&edm=AKIiGfEEAAAA&_nc_gid=d60DKvzX419Q67rlEf-J9w&_nc_tpa=Q5bMBQEgJKTH2QQvxMkJSzlUaVtf-EKPpmcaKmXThGchc_57-ZrOVEkfJzeUjffPd2Cs6APuoHOzn3lB-w&oh=00_Af5C-P4wQ3r9Pf3eu-oKl5Y3u2zRcWq8T389d0Lxv-Rrag&oe=6A18D476,https://scontent.fccu31-2.fna.fbcdn.net/v/t39.30808-6/475137023_1031305719041337_1980262284593386242_n.jpg?stp=dst-jpg_s960x960_tt6&_nc_cat=108&ccb=1-7&_nc_sid=833d8c&_nc_ohc=vBwvYGybLaYQ7kNvwH3VS0A&_nc_oc=AdoyXhO62UGbLMKhznjsbiMvjVpbr0jjrvai77JYNpWM3hb6STfeq6bQbj1H_-Zk2_U&_nc_zt=23&_nc_ht=scontent.fccu31-2.fna&edm=AKIiGfEEAAAA&_nc_gid=d60DKvzX419Q67rlEf-J9w&_nc_tpa=Q5bMBQE3j7PZ1GrMms5WTduh6lpFf2kWeJQP7um4Xfyfxu7ceGTC4mrVkexCxKX2hroUgtTNHkm-zG0o6A&oh=00_Af5diUmr4T7Y6g7rEzjnuZ6LAUgSeG856aVgG7XkPitVQA&oe=6A18D476,https://www.facebook.com/photo.php?fbid=452032333635348&set=a.448214567350458&type=3,960,720,photo,photo,"#BHARAT_BOOK_OF_RECORDS
 🇮🇳🏅🇮🇳🏅🇮🇳🏅🇮🇳🏅🇮🇳🏅🇮🇳🏅🇮🇳🏅🇮🇳🏅
Dancing for Vande Mataram song along with 1000'sof  dancers on the occasion of 75th Independance day to create a new record at Freedom Park Bengaluru for BHARAT BOOK OF RECORDS",https://www.facebook.com/1425872462917992/posts/452032360302012,"#BHARAT_BOOK_OF_RECORDS
 🇮🇳🏅🇮🇳🏅🇮🇳🏅🇮🇳🏅🇮🇳🏅🇮🇳🏅🇮🇳🏅🇮🇳🏅
Dancing for Vande Mataram song along with 1000'sof  dancers on the occasion of 75th Independance day to create a new record at Freedom Park Bengaluru for BHARAT BOOK OF RECORDS",TRUE,FALSE,FALSE,FALSE,FALSE,2022-09-07T16:09:34+0000
107248091187807_452031903635391,https://scontent.fccu31-2.fna.fbcdn.net/v/t39.30808-6/475136617_1031305885707987_8219452136677691596_n.jpg?stp=dst-jpg_s960x960_tt6&_nc_cat=103&ccb=1-7&_nc_sid=833d8c&_nc_ohc=IlxnF7ChXPkQ7kNvwEusoJC&_nc_oc=AdpKqfM73xkTHAmBn8MZBZ4AkWmymnXHD4s6wvKo_D1vPcJFHUyg7G409z8WuB-nx54&_nc_zt=23&_nc_ht=scontent.fccu31-2.fna&edm=AKIiGfEEAAAA&_nc_gid=d60DKvzX419Q67rlEf-J9w&_nc_tpa=Q5bMBQHxBb_arUJoFRTSQ3T2PMe7GkLizoIAaz32b7A0ciLrwREux8mKB5idobLaY2SkXohn1QQlYbNfRg&oh=00_Af6octwYRfgECDcsvPWllyLVCeCaBwQIeDpIg_mNl0FbQA&oe=6A18E20A,https://scontent.fccu31-2.fna.fbcdn.net/v/t39.30808-6/475136617_1031305885707987_8219452136677691596_n.jpg?stp=dst-jpg_s960x960_tt6&_nc_cat=103&ccb=1-7&_nc_sid=833d8c&_nc_ohc=IlxnF7ChXPkQ7kNvwEusoJC&_nc_oc=AdpKqfM73xkTHAmBn8MZBZ4AkWmymnXHD4s6wvKo_D1vPcJFHUyg7G409z8WuB-nx54&_nc_zt=23&_nc_ht=scontent.fccu31-2.fna&edm=AKIiGfEEAAAA&_nc_gid=d60DKvzX419Q67rlEf-J9w&_nc_tpa=Q5bMBQHThcsuZf7vsbAipEWoO6Stxg91xykoip5UE9XiyBbC_FmIKmB1vPSmQNWwAA9VE8qj04PXWf8Gag&oh=00_Af63V_35ONZXZll2kf5RxJ5yi1hUzmwAPewlMxO0KxI-UA&oe=6A18E20A,https://www.facebook.com/photo.php?fbid=452031886968726&set=a.448214567350458&type=3,960,720,photo,photo,"#BHARAT_BOOK_OF_RECORDS
 🇮🇳🏅🇮🇳🏅🇮🇳🏅🇮🇳🏅🇮🇳🏅🇮🇳🏅🇮🇳🏅🇮🇳🏅
Dancing for Vande Mataram song along with 1000'sof  dancers on the occasion of 75th Independance day to create a new record at Freedom Park Bengaluru for BHARAT BOOK OF RECORDS",https://www.facebook.com/1425872462917992/posts/452031903635391,"#BHARAT_BOOK_OF_RECORDS
 🇮🇳🏅🇮🇳🏅🇮🇳🏅🇮🇳🏅🇮🇳🏅🇮🇳🏅🇮🇳🏅🇮🇳🏅
Dancing for Vande Mataram song along with 1000'sof  dancers on the occasion of 75th Independance day to create a new record at Freedom Park Bengaluru for BHARAT BOOK OF RECORDS",TRUE,FALSE,FALSE,FALSE,FALSE,2022-09-07T16:09:07+0000
107248091187807_452031700302078,https://scontent.fccu31-2.fna.fbcdn.net/v/t39.30808-6/475655449_1031305735708002_4198043380987522484_n.jpg?stp=dst-jpg_s960x960_tt6&_nc_cat=108&ccb=1-7&_nc_sid=833d8c&_nc_ohc=m6Aso-k9P-IQ7kNvwEnAfdv&_nc_oc=Adq0TBd60QqWbAuQUvY9i8ZYRhzJUisIWwewDRYzxdj-jINfaMudLmMPQJcmU5OyHdE&_nc_zt=23&_nc_ht=scontent.fccu31-2.fna&edm=AKIiGfEEAAAA&_nc_gid=d60DKvzX419Q67rlEf-J9w&_nc_tpa=Q5bMBQFMGvVJ3Hr3gsVU5EbeYg65qeETUegmXPrgKdR90FYATvcWdExvyVVZc3F_YtQSwWQVz2LeXZyVuw&oh=00_Af5qSZg3sMDKXfaUOGnvE39HF6YHqLo7qUacXVlXW0uslA&oe=6A18F126,https://scontent.fccu31-2.fna.fbcdn.net/v/t39.30808-6/475655449_1031305735708002_4198043380987522484_n.jpg?stp=dst-jpg_s960x960_tt6&_nc_cat=108&ccb=1-7&_nc_sid=833d8c&_nc_ohc=m6Aso-k9P-IQ7kNvwEnAfdv&_nc_oc=Adq0TBd60QqWbAuQUvY9i8ZYRhzJUisIWwewDRYzxdj-jINfaMudLmMPQJcmU5OyHdE&_nc_zt=23&_nc_ht=scontent.fccu31-2.fna&edm=AKIiGfEEAAAA&_nc_gid=d60DKvzX419Q67rlEf-J9w&_nc_tpa=Q5bMBQExPUzKsjdVse5-NF0sr8mrazup7FUHu6CA1qUP3crM0kCoYKumzXRosL4d-KGns4Cpgg9-i_uk-Q&oh=00_Af7CsaO2c0BYkWwDb2w0yzxDoPfuN9S8a44_fhVwFY5IAg&oe=6A18F126,https://www.facebook.com/photo.php?fbid=452031676968747&set=a.448214567350458&type=3,960,720,photo,photo,"#BHARAT_BOOK_OF_RECORDS
 🇮🇳🏅🇮🇳🏅🇮🇳🏅🇮🇳🏅🇮🇳🏅🇮🇳🏅🇮🇳🏅🇮🇳🏅
Dancing for Vande Mataram song along with 1000'sof  dancers on the occasion of 75th Independance day to create a new record at Freedom Park Bengaluru for BHARAT BOOK OF RECORDS",https://www.facebook.com/1425872462917992/posts/452031700302078,"#BHARAT_BOOK_OF_RECORDS
 🇮🇳🏅🇮🇳🏅🇮🇳🏅🇮🇳🏅🇮🇳🏅🇮🇳🏅🇮🇳🏅🇮🇳🏅
Dancing for Vande Mataram song along with 1000'sof  dancers on the occasion of 75th Independance day to create a new record at Freedom Park Bengaluru for BHARAT BOOK OF RECORDS",TRUE,FALSE,FALSE,FALSE,FALSE,2022-09-07T16:08:49+0000
107248091187807_452031466968768,https://scontent.fccu31-2.fna.fbcdn.net/v/t39.30808-6/475379873_1031306055707970_5999664858649086953_n.jpg?stp=dst-jpg_s960x960_tt6&_nc_cat=109&ccb=1-7&_nc_sid=833d8c&_nc_ohc=-wXW_Ly7BP0Q7kNvwGiiInM&_nc_oc=AdpzskH_q-fthZjQKxJV_fL0PGd-9WsV6G7SsdBtA2Mz3AMfz4TGa8zTcYGHdxw-TFo&_nc_zt=23&_nc_ht=scontent.fccu31-2.fna&edm=AKIiGfEEAAAA&_nc_gid=d60DKvzX419Q67rlEf-J9w&_nc_tpa=Q5bMBQHYaCSwg_r8s7mYUqJAhq3w4_xZfvbQbCsyLuQOkUxl-XqIMdZaR5o-mdxKIOmHJTYKKKRiKiVvgA&oh=00_Af6YwzaiNVq2z_8RBhXQHfbm_26BtpN40soOpFGatAHOcA&oe=6A18D213,https://scontent.fccu31-2.fna.fbcdn.net/v/t39.30808-6/475379873_1031306055707970_5999664858649086953_n.jpg?stp=dst-jpg_s960x960_tt6&_nc_cat=109&ccb=1-7&_nc_sid=833d8c&_nc_ohc=-wXW_Ly7BP0Q7kNvwGiiInM&_nc_oc=AdpzskH_q-fthZjQKxJV_fL0PGd-9WsV6G7SsdBtA2Mz3AMfz4TGa8zTcYGHdxw-TFo&_nc_zt=23&_nc_ht=scontent.fccu31-2.fna&edm=AKIiGfEEAAAA&_nc_gid=d60DKvzX419Q67rlEf-J9w&_nc_tpa=Q5bMBQFMgcqypvTmU5NcNVZTfSYD0_lNdg0dk_bxyLCFi82EPv-Qc9hbYPZDab_q-qnIKyYdNRrLe-X5zQ&oh=00_Af5r59Fv4kIEBQMcQy84kmqj0qcfHM7mIpDEovsV3VS2lQ&oe=6A18D213,https://www.facebook.com/photo.php?fbid=452031453635436&set=a.448214567350458&type=3,960,720,photo,photo,"#BHARAT_BOOK_OF_RECORDS
 🇮🇳🏅🇮🇳🏅🇮🇳🏅🇮🇳🏅🇮🇳🏅🇮🇳🏅🇮🇳🏅🇮🇳🏅
Dancing for Vande Mataram song along with 1000'sof  dancers on the occasion of 75th Independance day to create a new record at Freedom Park Bengaluru for BHARAT BOOK OF RECORDS",https://www.facebook.com/1425872462917992/posts/452031466968768,"#BHARAT_BOOK_OF_RECORDS
 🇮🇳🏅🇮🇳🏅🇮🇳🏅🇮🇳🏅🇮🇳🏅🇮🇳🏅🇮🇳🏅🇮🇳🏅
Dancing for Vande Mataram song along with 1000'sof  dancers on the occasion of 75th Independance day to create a new record at Freedom Park Bengaluru for BHARAT BOOK OF RECORDS",TRUE,FALSE,FALSE,FALSE,FALSE,2022-09-07T16:08:29+0000
107248091187807_452031233635458,https://scontent.fccu3-1.fna.fbcdn.net/v/t39.30808-6/475139632_1031306042374638_2927330738783561828_n.jpg?stp=dst-jpg_s960x960_tt6&_nc_cat=101&ccb=1-7&_nc_sid=833d8c&_nc_ohc=eHmwqPmkrC8Q7kNvwE0VMN4&_nc_oc=AdolFAkh9rIdURvvAy8uj2n8qxtDTRtuEBvoPkQhu8Jv6Zv2M1mkO_9y9gA8sJlqtaY&_nc_zt=23&_nc_ht=scontent.fccu3-1.fna&edm=AKIiGfEEAAAA&_nc_gid=d60DKvzX419Q67rlEf-J9w&_nc_tpa=Q5bMBQE3nFFNluh2OhMoZ22e2ye9ClqJqMGvf6TWfprMqAtQP2oljWQqWfPhPA70ufiedFneZcrZrohy4w&oh=00_Af6wiZq_MxHZjuXBNBQs4Jt2BJH7IA065cp32ywL7xX99A&oe=6A18CD8A,https://scontent.fccu3-1.fna.fbcdn.net/v/t39.30808-6/475139632_1031306042374638_2927330738783561828_n.jpg?stp=dst-jpg_s960x960_tt6&_nc_cat=101&ccb=1-7&_nc_sid=833d8c&_nc_ohc=eHmwqPmkrC8Q7kNvwE0VMN4&_nc_oc=AdolFAkh9rIdURvvAy8uj2n8qxtDTRtuEBvoPkQhu8Jv6Zv2M1mkO_9y9gA8sJlqtaY&_nc_zt=23&_nc_ht=scontent.fccu3-1.fna&edm=AKIiGfEEAAAA&_nc_gid=d60DKvzX419Q67rlEf-J9w&_nc_tpa=Q5bMBQFF56sDVWAQcYZ2Ky_JyNozPKRBZnHfWaJqpngq7si6zPVTuXpYQ91pqbDyAXmEMt66FDpFpJG7RQ&oh=00_Af4h0cp1gm9tGPuXkXNdbibOffiox20qz78oGakdjR6SVg&oe=6A18CD8A,https://www.facebook.com/photo.php?fbid=452031203635461&set=a.448214567350458&type=3,960,720,photo,photo,"#BHARAT_BOOK_OF_RECORDS
 🇮🇳🏅🇮🇳🏅🇮🇳🏅🇮🇳🏅🇮🇳🏅🇮🇳🏅🇮🇳🏅🇮🇳🏅
Dancing for Vande Mataram song along with 1000'sof  dancers on the occasion of 75th Independance day to create a new record at Freedom Park Bengaluru for BHARAT BOOK OF RECORDS",https://www.facebook.com/1425872462917992/posts/452031233635458,"#BHARAT_BOOK_OF_RECORDS
 🇮🇳🏅🇮🇳🏅🇮🇳🏅🇮🇳🏅🇮🇳🏅🇮🇳🏅🇮🇳🏅🇮🇳🏅
Dancing for Vande Mataram song along with 1000'sof  dancers on the occasion of 75th Independance day to create a new record at Freedom Park Bengaluru for BHARAT BOOK OF RECORDS",TRUE,FALSE,FALSE,FALSE,FALSE,2022-09-07T16:08:10+0000
107248091187807_452031073635474,https://scontent.fccu3-1.fna.fbcdn.net/v/t39.30808-6/475154026_1031305992374643_5588475817310263055_n.jpg?stp=dst-jpg_s960x960_tt6&_nc_cat=102&ccb=1-7&_nc_sid=833d8c&_nc_ohc=1GDhwC_tN3IQ7kNvwE-UzsK&_nc_oc=AdqVDXYaSWQ_Fu9n5DXyz5cECVHJoWQbjeaagDBlLLi-USUFzztwtd6wBCIC-jaZqfA&_nc_zt=23&_nc_ht=scontent.fccu3-1.fna&edm=AKIiGfEEAAAA&_nc_gid=d60DKvzX419Q67rlEf-J9w&_nc_tpa=Q5bMBQEYTsMofbaKvEQq_VZIlVcTkfS1b9LSAAOpRjFPjeIWiYVWCIdG7G2rjWq09YL33ioQsPOXQIZpog&oh=00_Af7jAEG9zoOAF5FJwglDpYnfedYKetPzbDyQdzWkcI4Enw&oe=6A18C035,https://scontent.fccu3-1.fna.fbcdn.net/v/t39.30808-6/475154026_1031305992374643_5588475817310263055_n.jpg?stp=dst-jpg_s960x960_tt6&_nc_cat=102&ccb=1-7&_nc_sid=833d8c&_nc_ohc=1GDhwC_tN3IQ7kNvwE-UzsK&_nc_oc=AdqVDXYaSWQ_Fu9n5DXyz5cECVHJoWQbjeaagDBlLLi-USUFzztwtd6wBCIC-jaZqfA&_nc_zt=23&_nc_ht=scontent.fccu3-1.fna&edm=AKIiGfEEAAAA&_nc_gid=d60DKvzX419Q67rlEf-J9w&_nc_tpa=Q5bMBQFuXqaiZhIRWHkMKNRK22muKhCnjaqPxHGYv5zDz2TNzD3SpXZ2A4H14XK_K-qI77kTdWl8Me3hsw&oh=00_Af6EqwwlV4YrSD23U9PyQsuMwMU0Rf8dpRctceApZG2LFQ&oe=6A18C035,https://www.facebook.com/photo.php?fbid=452031006968814&set=a.448214567350458&type=3,720,960,photo,photo,"#BHARAT_BOOK_OF_RECORDS
 🇮🇳🏅🇮🇳🏅🇮🇳🏅🇮🇳🏅🇮🇳🏅🇮🇳🏅🇮🇳🏅🇮🇳🏅
Dancing for Vande Mataram song along with 1000'sof  dancers on the occasion of 75th Independance day to create a new record at Freedom Park Bengaluru for BHARAT BOOK OF RECORDS",https://www.facebook.com/1425872462917992/posts/452031073635474,"#BHARAT_BOOK_OF_RECORDS
 🇮🇳🏅🇮🇳🏅🇮🇳🏅🇮🇳🏅🇮🇳🏅🇮🇳🏅🇮🇳🏅🇮🇳🏅
Dancing for Vande Mataram song along with 1000'sof  dancers on the occasion of 75th Independance day to create a new record at Freedom Park Bengaluru for BHARAT BOOK OF RECORDS",TRUE,FALSE,FALSE,FALSE,FALSE,2022-09-07T16:07:55+0000
107248091187807_452030790302169,https://scontent.fccu3-1.fna.fbcdn.net/v/t39.30808-6/475242880_1031305755708000_8874840446258709193_n.jpg?stp=dst-jpg_s960x960_tt6&_nc_cat=101&ccb=1-7&_nc_sid=833d8c&_nc_ohc=lcg5sDBV-5EQ7kNvwGEl2Z_&_nc_oc=AdoIrvpiARyxbN7fRs9-WFrnevsd9sqEXm89TEWc4qRVasEIURvF-TR__mg5RNweVt8&_nc_zt=23&_nc_ht=scontent.fccu3-1.fna&edm=AKIiGfEEAAAA&_nc_gid=d60DKvzX419Q67rlEf-J9w&_nc_tpa=Q5bMBQE99VEQ7s80f78a6p4J6nMifoRWwGKnF0TAcfcmz9Hc-WQ2THCFw3w-EB-eM9j95pfj8Z5epJar8w&oh=00_Af7_af7YhHtC8cFTsdgVOH-Tewdipubwbqwj2Y3iB7vACQ&oe=6A18D7AC,https://scontent.fccu3-1.fna.fbcdn.net/v/t39.30808-6/475242880_1031305755708000_8874840446258709193_n.jpg?stp=dst-jpg_s960x960_tt6&_nc_cat=101&ccb=1-7&_nc_sid=833d8c&_nc_ohc=lcg5sDBV-5EQ7kNvwGEl2Z_&_nc_oc=AdoIrvpiARyxbN7fRs9-WFrnevsd9sqEXm89TEWc4qRVasEIURvF-TR__mg5RNweVt8&_nc_zt=23&_nc_ht=scontent.fccu3-1.fna&edm=AKIiGfEEAAAA&_nc_gid=d60DKvzX419Q67rlEf-J9w&_nc_tpa=Q5bMBQGRHbs9wz4ikq_SgWR8LmjOu1Qdk-KLeHCPHF3b3lH3LSELm9Civl6ouL0yEqknLpmUrMewfQmYtQ&oh=00_Af7fYE6hHIS4uATzBBLderSP3dBiq4dvdWUlXpKau0lybg&oe=6A18D7AC,https://www.facebook.com/photo.php?fbid=452030753635506&set=a.448214567350458&type=3,960,720,photo,photo,"#BHARAT_BOOK_OF_RECORDS
 🇮🇳🏅🇮🇳🏅🇮🇳🏅🇮🇳🏅🇮🇳🏅🇮🇳🏅🇮🇳🏅🇮🇳🏅
Dancing for Vande Mataram song along with 1000'sof  dancers on the occasion of 75th Independance day to create a new record at Freedom Park Bengaluru for BHARAT BOOK OF RECORDS",https://www.facebook.com/1425872462917992/posts/452030790302169,"#BHARAT_BOOK_OF_RECORDS
 🇮🇳🏅🇮🇳🏅🇮🇳🏅🇮🇳🏅🇮🇳🏅🇮🇳🏅🇮🇳🏅🇮🇳🏅
Dancing for Vande Mataram song along with 1000'sof  dancers on the occasion of 75th Independance day to create a new record at Freedom Park Bengaluru for BHARAT BOOK OF RECORDS",TRUE,FALSE,FALSE,FALSE,FALSE,2022-09-07T16:07:29+0000
107248091187807_452030553635526,https://scontent.fccu3-1.fna.fbcdn.net/v/t39.30808-6/475138092_1031305999041309_1551559750414279232_n.jpg?stp=dst-jpg_s960x960_tt6&_nc_cat=102&ccb=1-7&_nc_sid=833d8c&_nc_ohc=mc5cjHVX1d0Q7kNvwE9e-9n&_nc_oc=Adq1IqRUg6sPNAz-cFGBsJVU6U5HVgvevB-PPJCDGEIL1y4rACBlF3Spu_fdxnHFACI&_nc_zt=23&_nc_ht=scontent.fccu3-1.fna&edm=AKIiGfEEAAAA&_nc_gid=d60DKvzX419Q67rlEf-J9w&_nc_tpa=Q5bMBQH-5zSkG8ptgEXzWYDBaGcUq3EKfICXsqX3-sfVzNrJA-iN8y8hbh5WDTX2PIf4_sFWCYED1FVWzw&oh=00_Af6tBxdPWyN5X-NuMW1fZWdrcXxWBjKyfWvwxoi7dMqZLQ&oe=6A18D5B0,https://scontent.fccu3-1.fna.fbcdn.net/v/t39.30808-6/475138092_1031305999041309_1551559750414279232_n.jpg?stp=dst-jpg_s960x960_tt6&_nc_cat=102&ccb=1-7&_nc_sid=833d8c&_nc_ohc=mc5cjHVX1d0Q7kNvwE9e-9n&_nc_oc=Adq1IqRUg6sPNAz-cFGBsJVU6U5HVgvevB-PPJCDGEIL1y4rACBlF3Spu_fdxnHFACI&_nc_zt=23&_nc_ht=scontent.fccu3-1.fna&edm=AKIiGfEEAAAA&_nc_gid=d60DKvzX419Q67rlEf-J9w&_nc_tpa=Q5bMBQEWHZ2CdHHf19f6MeSmX3u571uwXWasPf9A_m81TZgBgQc1Uq00Q4D4h3XDMCKktxI0cdFcQFOyYg&oh=00_Af4TS9hTu8izJMSwmX8qSEFL8Wn7kl5Tpgq1Q2eH6aorgg&oe=6A18D5B0,https://www.facebook.com/photo.php?fbid=452030536968861&set=a.448214567350458&type=3,960,720,photo,photo,"#BHARAT_BOOK_OF_RECORDS
 🇮🇳🏅🇮🇳🏅🇮🇳🏅🇮🇳🏅🇮🇳🏅🇮🇳🏅🇮🇳🏅🇮🇳🏅
Dancing for Vande Mataram song along with 1000'sof  dancers on the occasion of 75th Independance day to create a new record at Freedom Park Bengaluru for BHARAT BOOK OF RECORDS",https://www.facebook.com/1425872462917992/posts/452030553635526,"#BHARAT_BOOK_OF_RECORDS
 🇮🇳🏅🇮🇳🏅🇮🇳🏅🇮🇳🏅🇮🇳🏅🇮🇳🏅🇮🇳🏅🇮🇳🏅
Dancing for Vande Mataram song along with 1000'sof  dancers on the occasion of 75th Independance day to create a new record at Freedom Park Bengaluru for BHARAT BOOK OF RECORDS",TRUE,FALSE,FALSE,FALSE,FALSE,2022-09-07T16:07:12+0000
107248091187807_452030503635531,https://scontent.fccu31-2.fna.fbcdn.net/v/t39.30808-6/475656553_1031305692374673_2323141215530716516_n.jpg?stp=dst-jpg_s960x960_tt6&_nc_cat=109&ccb=1-7&_nc_sid=833d8c&_nc_ohc=CO0MG9TurIMQ7kNvwFO-ZWP&_nc_oc=Ado9kEHcNDzat4458f6F_LWLTofKBW3oWrJULt_AfiwayNULcKEGhJQKXd2bjCMWJVI&_nc_zt=23&_nc_ht=scontent.fccu31-2.fna&edm=AKIiGfEEAAAA&_nc_gid=d60DKvzX419Q67rlEf-J9w&_nc_tpa=Q5bMBQEI9nyEEvLzIJXyTTzN7taUeN5TMXR4Ozjqk7bhgSanKj_gwmUA8Kiwa6Lgb1JaTIzwLrhk6ReNgg&oh=00_Af5yMz23LOm5i07iSqKbbcRJpo-xnuQ_Hy0S99RXyDUHJg&oe=6A18C939,https://scontent.fccu31-2.fna.fbcdn.net/v/t39.30808-6/475656553_1031305692374673_2323141215530716516_n.jpg?stp=dst-jpg_s960x960_tt6&_nc_cat=109&ccb=1-7&_nc_sid=833d8c&_nc_ohc=CO0MG9TurIMQ7kNvwFO-ZWP&_nc_oc=Ado9kEHcNDzat4458f6F_LWLTofKBW3oWrJULt_AfiwayNULcKEGhJQKXd2bjCMWJVI&_nc_zt=23&_nc_ht=scontent.fccu31-2.fna&edm=AKIiGfEEAAAA&_nc_gid=d60DKvzX419Q67rlEf-J9w&_nc_tpa=Q5bMBQEcYjTHQorew38QKGnwvnrMqL3SPYVW4qCy1isntm0TIyt8ZdwvKxxItDdTvpUMrEKg6RINgRtFjQ&oh=00_Af67taA_OsXiQtB3fwuxm7tQs-xeqqlLG3Kv-tjgPHAmCQ&oe=6A18C939,https://www.facebook.com/photo.php?fbid=452030443635537&set=a.448214567350458&type=3,960,720,photo,photo,"#BHARAT_BOOK_OF_RECORDS
 🇮🇳🏅🇮🇳🏅🇮🇳🏅🇮🇳🏅🇮🇳🏅🇮🇳🏅🇮🇳🏅🇮🇳🏅
Dancing for Vande Mataram song along with 1000'sof  dancers on the occasion of 75th Independance day to create a new record at Freedom Park Bengaluru for BHARAT BOOK OF RECORDS",https://www.facebook.com/1425872462917992/posts/452030503635531,"#BHARAT_BOOK_OF_RECORDS
 🇮🇳🏅🇮🇳🏅🇮🇳🏅🇮🇳🏅🇮🇳🏅🇮🇳🏅🇮🇳🏅🇮🇳🏅
Dancing for Vande Mataram song along with 1000'sof  dancers on the occasion of 75th Independance day to create a new record at Freedom Park Bengaluru for BHARAT BOOK OF RECORDS",TRUE,FALSE,FALSE,FALSE,FALSE,2022-09-07T16:07:08+0000
107248091187807_452030390302209,https://scontent.fccu3-1.fna.fbcdn.net/v/t39.30808-6/475586722_1031306125707963_764388343253955902_n.jpg?stp=dst-jpg_s960x960_tt6&_nc_cat=102&ccb=1-7&_nc_sid=833d8c&_nc_ohc=9__B-OdlsvcQ7kNvwEV0wSH&_nc_oc=Adox_yU4GysDZbFdyCIZP1ZXAruZFpONxXAW8AhBtUR4eb6YVOZhOTSYie--_7iqLOA&_nc_zt=23&_nc_ht=scontent.fccu3-1.fna&edm=AKIiGfEEAAAA&_nc_gid=d60DKvzX419Q67rlEf-J9w&_nc_tpa=Q5bMBQHj4RzjvhAhzEQZwRa5vKFTcSkUfYmJ1lPn3MsIz4V3dzGnpk_dWup6uDpzNp3uFyx2-n72SgFhsQ&oh=00_Af6G_NWkvWX-ewVKdoHT4Y8hrtlVfUjzFMxsaz7Cvo74wA&oe=6A18D76F,https://scontent.fccu3-1.fna.fbcdn.net/v/t39.30808-6/475586722_1031306125707963_764388343253955902_n.jpg?stp=dst-jpg_s960x960_tt6&_nc_cat=102&ccb=1-7&_nc_sid=833d8c&_nc_ohc=9__B-OdlsvcQ7kNvwEV0wSH&_nc_oc=Adox_yU4GysDZbFdyCIZP1ZXAruZFpONxXAW8AhBtUR4eb6YVOZhOTSYie--_7iqLOA&_nc_zt=23&_nc_ht=scontent.fccu3-1.fna&edm=AKIiGfEEAAAA&_nc_gid=d60DKvzX419Q67rlEf-J9w&_nc_tpa=Q5bMBQGVTKxoj3j28K6U4LkDtyyZgkBKqFSB8TBOzgh3T6GyejzpKV0V2MpFgGZAwg3abWvnllmGc6_K2Q&oh=00_Af42s9U71FggvFvw_EoXT8vxAm4WX7DhWDPFk9jSlnBcDg&oe=6A18D76F,https://www.facebook.com/photo.php?fbid=452030350302213&set=a.448214567350458&type=3,960,720,photo,photo,"#BHARAT_BOOK_OF_RECORDS
 🇮🇳🏅🇮🇳🏅🇮🇳🏅🇮🇳🏅🇮🇳🏅🇮🇳🏅🇮🇳🏅🇮🇳🏅
Dancing for Vande Mataram song along with 1000'sof  dancers on the occasion of 75th Independance day to create a new record at Freedom Park Bengaluru for BHARAT BOOK OF RECORDS",https://www.facebook.com/1425872462917992/posts/452030390302209,"#BHARAT_BOOK_OF_RECORDS
 🇮🇳🏅🇮🇳🏅🇮🇳🏅🇮🇳🏅🇮🇳🏅🇮🇳🏅🇮🇳🏅🇮🇳🏅
Dancing for Vande Mataram song along with 1000'sof  dancers on the occasion of 75th Independance day to create a new record at Freedom Park Bengaluru for BHARAT BOOK OF RECORDS",TRUE,FALSE,FALSE,FALSE,FALSE,2022-09-07T16:06:50+0000
107248091187807_452030223635559,https://scontent.fccu31-1.fna.fbcdn.net/v/t39.30808-6/475191859_1031306159041293_8030993597439610021_n.jpg?stp=dst-jpg_s960x960_tt6&_nc_cat=100&ccb=1-7&_nc_sid=833d8c&_nc_ohc=IGIUJ660diYQ7kNvwEaL8DH&_nc_oc=AdoSUCMBkzaPAUOcAZK3n45smS-XL-fsH5zVvj9bSDmmqxcO88fZrnE1PmXoY_COpJk&_nc_zt=23&_nc_ht=scontent.fccu31-1.fna&edm=AKIiGfEEAAAA&_nc_gid=d60DKvzX419Q67rlEf-J9w&_nc_tpa=Q5bMBQGmjzV_MYvchR34p7wuqQEa1g4qp4GiwVbeBXPAt9gaT42dsaLdR_urx9UZBAhAKmRF-MfOUJzxyA&oh=00_Af6L5IyrxUMI3KSN3XxmzYZMohrLOZJswxrgzbvsatCe9Q&oe=6A18E0A6,https://scontent.fccu31-1.fna.fbcdn.net/v/t39.30808-6/475191859_1031306159041293_8030993597439610021_n.jpg?stp=dst-jpg_s960x960_tt6&_nc_cat=100&ccb=1-7&_nc_sid=833d8c&_nc_ohc=IGIUJ660diYQ7kNvwEaL8DH&_nc_oc=AdoSUCMBkzaPAUOcAZK3n45smS-XL-fsH5zVvj9bSDmmqxcO88fZrnE1PmXoY_COpJk&_nc_zt=23&_nc_ht=scontent.fccu31-1.fna&edm=AKIiGfEEAAAA&_nc_gid=d60DKvzX419Q67rlEf-J9w&_nc_tpa=Q5bMBQHhUZUMzT2qdZeorP2Z05k2hztQgZh5l6mc79Vpqp8VuF8aiBMjrzuYaQfcSbsLfXaVCLIf-FPsLA&oh=00_Af7dLgxjHBozppfT86rPkMacfYyy0PYxgt_aYpn1pcVp-w&oe=6A18E0A6,https://www.facebook.com/photo.php?fbid=452030203635561&set=a.448214567350458&type=3,960,720,photo,photo,"#BHARAT_BOOK_OF_RECORDS
 🇮🇳🏅🇮🇳🏅🇮🇳🏅🇮🇳🏅🇮🇳🏅🇮🇳🏅🇮🇳🏅🇮🇳🏅
Dancing for Vande Mataram song along with 1000'sof  dancers on the occasion of 75th Independance day to create a new record at Freedom Park Bengaluru for BHARAT BOOK OF RECORDS",https://www.facebook.com/1425872462917992/posts/452030223635559,"#BHARAT_BOOK_OF_RECORDS
 🇮🇳🏅🇮🇳🏅🇮🇳🏅🇮🇳🏅🇮🇳🏅🇮🇳🏅🇮🇳🏅🇮🇳🏅
Dancing for Vande Mataram song along with 1000'sof  dancers on the occasion of 75th Independance day to create a new record at Freedom Park Bengaluru for BHARAT BOOK OF RECORDS",TRUE,FALSE,FALSE,FALSE,FALSE,2022-09-07T16:06:40+0000
107248091187807_452030040302244,https://scontent.fccu3-1.fna.fbcdn.net/v/t39.30808-6/475655449_1031305672374675_2879665206799896468_n.jpg?stp=dst-jpg_s960x960_tt6&_nc_cat=102&ccb=1-7&_nc_sid=833d8c&_nc_ohc=D416QdlVLPYQ7kNvwGr9sni&_nc_oc=Adp16mZ3IpakWBNh5oPmmDZOzx_9HyUzNVeH8uA7ja9vSUWHnS2iKIGl03SVPf5MC3A&_nc_zt=23&_nc_ht=scontent.fccu3-1.fna&edm=AKIiGfEEAAAA&_nc_gid=d60DKvzX419Q67rlEf-J9w&_nc_tpa=Q5bMBQGpxlJiU8B62na5gHRWzGP7UZbUAMD484tIP6ovipanKbto6fdmtFqIR_KSSxnOUtS25im5vif3tw&oh=00_Af4kROtq67as6XcEl8mwRPfa19rX9RiDWKNgMjAPPES5KQ&oe=6A18DF19,https://scontent.fccu3-1.fna.fbcdn.net/v/t39.30808-6/475655449_1031305672374675_2879665206799896468_n.jpg?stp=dst-jpg_s960x960_tt6&_nc_cat=102&ccb=1-7&_nc_sid=833d8c&_nc_ohc=D416QdlVLPYQ7kNvwGr9sni&_nc_oc=Adp16mZ3IpakWBNh5oPmmDZOzx_9HyUzNVeH8uA7ja9vSUWHnS2iKIGl03SVPf5MC3A&_nc_zt=23&_nc_ht=scontent.fccu3-1.fna&edm=AKIiGfEEAAAA&_nc_gid=d60DKvzX419Q67rlEf-J9w&_nc_tpa=Q5bMBQHSx0sddVNHoC9CRKnno1hrMG-_1C8Bf5YVRJsBUb7PJnd9eRPxeV55tlZdzkUsPRmY3Rke4i2Asg&oh=00_Af5Wmn77gQMo1gAf0_qhc_tdie863QglX38PE3TabKGpnA&oe=6A18DF19,https://www.facebook.com/photo.php?fbid=452030023635579&set=a.448214567350458&type=3,960,720,photo,photo,"#BHARAT_BOOK_OF_RECORDS
 🇮🇳🏅🇮🇳🏅🇮🇳🏅🇮🇳🏅🇮🇳🏅🇮🇳🏅🇮🇳🏅🇮🇳🏅
Dancing for Vande Mataram song along with 1000'sof  dancers on the occasion of 75th Independance day to create a new record at Freedom Park Bengaluru for BHARAT BOOK OF RECORDS",https://www.facebook.com/1425872462917992/posts/452030040302244,"#BHARAT_BOOK_OF_RECORDS
 🇮🇳🏅🇮🇳🏅🇮🇳🏅🇮🇳🏅🇮🇳🏅🇮🇳🏅🇮🇳🏅🇮🇳🏅
Dancing for Vande Mataram song along with 1000'sof  dancers on the occasion of 75th Independance day to create a new record at Freedom Park Bengaluru for BHARAT BOOK OF RECORDS",TRUE,FALSE,FALSE,FALSE,FALSE,2022-09-07T16:06:23+0000
107248091187807_452029876968927,https://scontent.fccu31-1.fna.fbcdn.net/v/t39.30808-6/475474730_1031306085707967_7017709606062145779_n.jpg?stp=dst-jpg_s960x960_tt6&_nc_cat=107&ccb=1-7&_nc_sid=833d8c&_nc_ohc=tZKbVUepePYQ7kNvwH3YJR6&_nc_oc=AdpYflHUItqFSFRgzBhaqMionpDHC2GADTVXS3DedeZJBD3T0y0dXrzv3A0_6A_6jbI&_nc_zt=23&_nc_ht=scontent.fccu31-1.fna&edm=AKIiGfEEAAAA&_nc_gid=d60DKvzX419Q67rlEf-J9w&_nc_tpa=Q5bMBQHNjA28WWUs40T4aWxYwV00_Hgws6vOkPdC9W-jnkJThWFbX_74ja_BEdSS0HWgbtb84UCufcDCqg&oh=00_Af6-8jv6pQ8GZCPKU27t-mYVHZTHuRRZaI3Aa0s1qDdF8w&oe=6A18EE0F,https://scontent.fccu31-1.fna.fbcdn.net/v/t39.30808-6/475474730_1031306085707967_7017709606062145779_n.jpg?stp=dst-jpg_s960x960_tt6&_nc_cat=107&ccb=1-7&_nc_sid=833d8c&_nc_ohc=tZKbVUepePYQ7kNvwH3YJR6&_nc_oc=AdpYflHUItqFSFRgzBhaqMionpDHC2GADTVXS3DedeZJBD3T0y0dXrzv3A0_6A_6jbI&_nc_zt=23&_nc_ht=scontent.fccu31-1.fna&edm=AKIiGfEEAAAA&_nc_gid=d60DKvzX419Q67rlEf-J9w&_nc_tpa=Q5bMBQGgVG9dVr6-_WB0kdd4Vfd1ITU4J0cD276gS13nf-yHDJxAvexHLB6ChFwqnwjyEgSXfGuP1lbGqw&oh=00_Af46JkrVCmhQCUKfwe52GELNWIDRbdkSIEOA7ki2FJinrw&oe=6A18EE0F,https://www.facebook.com/photo.php?fbid=452029840302264&set=a.448214567350458&type=3,960,720,photo,photo,"#BHARAT_BOOK_OF_RECORDS
 🇮🇳🏅🇮🇳🏅🇮🇳🏅🇮🇳🏅🇮🇳🏅🇮🇳🏅🇮🇳🏅🇮🇳🏅
Dancing for Vande Mataram song along with 1000'sof  dancers on the occasion of 75th Independance day to create a new record at Freedom Park Bengaluru for BHARAT BOOK OF RECORDS",https://www.facebook.com/1425872462917992/posts/452029876968927,"#BHARAT_BOOK_OF_RECORDS
 🇮🇳🏅🇮🇳🏅🇮🇳🏅🇮🇳🏅🇮🇳🏅🇮🇳🏅🇮🇳🏅🇮🇳🏅
Dancing for Vande Mataram song along with 1000'sof  dancers on the occasion of 75th Independance day to create a new record at Freedom Park Bengaluru for BHARAT BOOK OF RECORDS",TRUE,FALSE,FALSE,FALSE,FALSE,2022-09-07T16:06:09+0000
107248091187807_452029750302273,https://scontent.fccu31-1.fna.fbcdn.net/v/t39.30808-6/475113026_1031305815707994_7660603190975524107_n.jpg?stp=dst-jpg_s960x960_tt6&_nc_cat=105&ccb=1-7&_nc_sid=833d8c&_nc_ohc=dBxKN3yL2kQQ7kNvwF9yvuR&_nc_oc=AdrfRcLBS_BvtdSx0J2a20C0Y23rdIHoPAWu0QpGn9SY_v7m1sr3qoySQrDs66A9HdA&_nc_zt=23&_nc_ht=scontent.fccu31-1.fna&edm=AKIiGfEEAAAA&_nc_gid=d60DKvzX419Q67rlEf-J9w&_nc_tpa=Q5bMBQGO-whxxEOsWPuR1ipsdZU990Iljb6wmWcOAsQriAyv5INN6W-0AzXPo1XOAAKaivt-uJe6AZ47Cg&oh=00_Af5ufu1_pj7OCgUI3LKNPasgQ7b2OCngpa75dSIZJrRV6Q&oe=6A18D219,https://scontent.fccu31-1.fna.fbcdn.net/v/t39.30808-6/475113026_1031305815707994_7660603190975524107_n.jpg?stp=dst-jpg_s960x960_tt6&_nc_cat=105&ccb=1-7&_nc_sid=833d8c&_nc_ohc=dBxKN3yL2kQQ7kNvwF9yvuR&_nc_oc=AdrfRcLBS_BvtdSx0J2a20C0Y23rdIHoPAWu0QpGn9SY_v7m1sr3qoySQrDs66A9HdA&_nc_zt=23&_nc_ht=scontent.fccu31-1.fna&edm=AKIiGfEEAAAA&_nc_gid=d60DKvzX419Q67rlEf-J9w&_nc_tpa=Q5bMBQEHbIlcCOZqBgD9T8MifmpmyAFvA44r-XGmPHRjDIypfD1DvNv_0xnLbjucRVyI9knWPj_8C9YKcw&oh=00_Af7WdxO9jRiPy5tVo7VNgXfvrIJRYlZZNKrMVbi-4Pg2ig&oe=6A18D219,https://www.facebook.com/photo.php?fbid=452029713635610&set=a.448214567350458&type=3,960,720,photo,photo,"#BHARAT_BOOK_OF_RECORDS
 🇮🇳🏅🇮🇳🏅🇮🇳🏅🇮🇳🏅🇮🇳🏅🇮🇳🏅🇮🇳🏅🇮🇳🏅
Dancing for Vande Mataram song along with 1000'sof  dancers on the occasion of 75th Independance day to create a new record at Freedom Park Bengaluru for BHARAT BOOK OF RECORDS",https://www.facebook.com/1425872462917992/posts/452029750302273,"#BHARAT_BOOK_OF_RECORDS
 🇮🇳🏅🇮🇳🏅🇮🇳🏅🇮🇳🏅🇮🇳🏅🇮🇳🏅🇮🇳🏅🇮🇳🏅
Dancing for Vande Mataram song along with 1000'sof  dancers on the occasion of 75th Independance day to create a new record at Freedom Park Bengaluru for BHARAT BOOK OF RECORDS",TRUE,FALSE,FALSE,FALSE,FALSE,2022-09-07T16:05:59+0000
107248091187807_452029550302293,https://scontent.fccu3-1.fna.fbcdn.net/v/t39.30808-6/475138486_1031305712374671_405627312155220115_n.jpg?stp=dst-jpg_s960x960_tt6&_nc_cat=102&ccb=1-7&_nc_sid=833d8c&_nc_ohc=_5Bq3zQVT6IQ7kNvwH00Vfp&_nc_oc=AdrCHMlOv-BTOd08t0v8_TklqZadIihc2iUO_q0czLMkaPcEnKyPiRHYGv6NWbihaQU&_nc_zt=23&_nc_ht=scontent.fccu3-1.fna&edm=AKIiGfEEAAAA&_nc_gid=d60DKvzX419Q67rlEf-J9w&_nc_tpa=Q5bMBQExFFaB_AetpoQXDv2b5VHPSIdIfYBRIqx35ggBVrYZB0RwyqdDmfdinX3k3qauUAqZ5iAoOUINyg&oh=00_Af4FguCWHZyZJCYX-hop4EjgQV8NUmuZl-i90AI4lFwJ-g&oe=6A18D491,https://scontent.fccu3-1.fna.fbcdn.net/v/t39.30808-6/475138486_1031305712374671_405627312155220115_n.jpg?stp=dst-jpg_s960x960_tt6&_nc_cat=102&ccb=1-7&_nc_sid=833d8c&_nc_ohc=_5Bq3zQVT6IQ7kNvwH00Vfp&_nc_oc=AdrCHMlOv-BTOd08t0v8_TklqZadIihc2iUO_q0czLMkaPcEnKyPiRHYGv6NWbihaQU&_nc_zt=23&_nc_ht=scontent.fccu3-1.fna&edm=AKIiGfEEAAAA&_nc_gid=d60DKvzX419Q67rlEf-J9w&_nc_tpa=Q5bMBQFmgAqWkGp7HLzMPe_qzoUjkPd62admQuWZ92-SMQFs_4xvmq2TPQOcu1e4vuKSoPmmcaoM0f_XmA&oh=00_Af4zvAv4aOebIribeBK0V7CJebatDwj49HTKnL8_tsaJww&oe=6A18D491,https://www.facebook.com/photo.php?fbid=452029526968962&set=a.448214567350458&type=3,960,720,photo,photo,"#BHARAT_BOOK_OF_RECORDS
 🇮🇳🏅🇮🇳🏅🇮🇳🏅🇮🇳🏅🇮🇳🏅🇮🇳🏅🇮🇳🏅🇮🇳🏅
Dancing for Vande Mataram song along with 1000'sof  dancers on the occasion of 75th Independance day to create a new record at Freedom Park Bengaluru for BHARAT BOOK OF RECORDS",https://www.facebook.com/1425872462917992/posts/452029550302293,"#BHARAT_BOOK_OF_RECORDS
 🇮🇳🏅🇮🇳🏅🇮🇳🏅🇮🇳🏅🇮🇳🏅🇮🇳🏅🇮🇳🏅🇮🇳🏅
Dancing for Vande Mataram song along with 1000'sof  dancers on the occasion of 75th Independance day to create a new record at Freedom Park Bengaluru for BHARAT BOOK OF RECORDS",TRUE,FALSE,FALSE,FALSE,FALSE,2022-09-07T16:05:40+0000
107248091187807_452029390302309,https://scontent.fccu3-1.fna.fbcdn.net/v/t39.30808-6/475154712_1031306155707960_8916319712776987303_n.jpg?stp=dst-jpg_s960x960_tt6&_nc_cat=104&ccb=1-7&_nc_sid=833d8c&_nc_ohc=5TqcHpShnU8Q7kNvwF4dUTV&_nc_oc=AdoFYb7WerPOFvCj9nyapCSDVzNYcjsu5ZEM6YpHGIhJFgcbmtHS2OGbneOgYVx1KdA&_nc_zt=23&_nc_ht=scontent.fccu3-1.fna&edm=AKIiGfEEAAAA&_nc_gid=d60DKvzX419Q67rlEf-J9w&_nc_tpa=Q5bMBQGwQhhbXOyNjIeLEsFbBiFjKHaAWuk7e-Ik9hZVgfkPHuaeSBTXuM7Jy_LCoCWyYRApyWeVWhBM-w&oh=00_Af6cZwcqsXB1iR_MBhPkedcatOk25nuxZl8jbJcNoytGsQ&oe=6A18EEDE,https://scontent.fccu3-1.fna.fbcdn.net/v/t39.30808-6/475154712_1031306155707960_8916319712776987303_n.jpg?stp=dst-jpg_s960x960_tt6&_nc_cat=104&ccb=1-7&_nc_sid=833d8c&_nc_ohc=5TqcHpShnU8Q7kNvwF4dUTV&_nc_oc=AdoFYb7WerPOFvCj9nyapCSDVzNYcjsu5ZEM6YpHGIhJFgcbmtHS2OGbneOgYVx1KdA&_nc_zt=23&_nc_ht=scontent.fccu3-1.fna&edm=AKIiGfEEAAAA&_nc_gid=d60DKvzX419Q67rlEf-J9w&_nc_tpa=Q5bMBQFS0jIk6FpWKpYRXk9B6FPM1oDorPk_3svepc6y6eMQdtjut5Z5lWnojFh0tt3rmC9oFMdRz7e75g&oh=00_Af6g8Da1PwIab7VX6Rr5GL29VdtU8R1vHPYsspkZIUB23w&oe=6A18EEDE,https://www.facebook.com/photo.php?fbid=452029323635649&set=a.448214567350458&type=3,960,720,photo,photo,"#BHARAT_BOOK_OF_RECORDS
 🇮🇳🏅🇮🇳🏅🇮🇳🏅🇮🇳🏅🇮🇳🏅🇮🇳🏅🇮🇳🏅🇮🇳🏅
Dancing for Vande Mataram song along with 1000'sof  dancers on the occasion of 75th Independance day to create a new record at Freedom Park Bengaluru for BHARAT BOOK OF RECORDS",https://www.facebook.com/1425872462917992/posts/452029390302309,"#BHARAT_BOOK_OF_RECORDS
 🇮🇳🏅🇮🇳🏅🇮🇳🏅🇮🇳🏅🇮🇳🏅🇮🇳🏅🇮🇳🏅🇮🇳🏅
Dancing for Vande Mataram song along with 1000'sof  dancers on the occasion of 75th Independance day to create a new record at Freedom Park Bengaluru for BHARAT BOOK OF RECORDS",TRUE,FALSE,FALSE,FALSE,FALSE,2022-09-07T16:05:32+0000
107248091187807_452029200302328,https://scontent.fccu31-1.fna.fbcdn.net/v/t39.30808-6/475294898_1031306065707969_7322671216960077366_n.jpg?stp=dst-jpg_s960x960_tt6&_nc_cat=105&ccb=1-7&_nc_sid=833d8c&_nc_ohc=EKsJk7e8riYQ7kNvwFtMV7E&_nc_oc=Adrjt0oSTOq5vHu4QXF2HtRbTBuBli4PtHpWIxalKtr1nhtlFlnBW2dVNqnadFSmOdw&_nc_zt=23&_nc_ht=scontent.fccu31-1.fna&edm=AKIiGfEEAAAA&_nc_gid=d60DKvzX419Q67rlEf-J9w&_nc_tpa=Q5bMBQF5ipG_KTN_3lil1Dm6Zi-0iqSk0qmxO6EUU4V5tV2ZzgyA16oFMph7Kg_NTnAjifytUa7uS-gjOA&oh=00_Af4tUzlfFvQmBow804jNHNlDXbuB1Lx9cXWch0dsZCFqYA&oe=6A18BF9F,https://scontent.fccu31-1.fna.fbcdn.net/v/t39.30808-6/475294898_1031306065707969_7322671216960077366_n.jpg?stp=dst-jpg_s960x960_tt6&_nc_cat=105&ccb=1-7&_nc_sid=833d8c&_nc_ohc=EKsJk7e8riYQ7kNvwFtMV7E&_nc_oc=Adrjt0oSTOq5vHu4QXF2HtRbTBuBli4PtHpWIxalKtr1nhtlFlnBW2dVNqnadFSmOdw&_nc_zt=23&_nc_ht=scontent.fccu31-1.fna&edm=AKIiGfEEAAAA&_nc_gid=d60DKvzX419Q67rlEf-J9w&_nc_tpa=Q5bMBQFEKtm-1vYI-jIByJ20byLkwqkYo7dEqVHyhsIWeMm4DQKXez4BzMCJZ7IM0xZb_E4JWb9ojTvRbg&oh=00_Af4U-fjFj4i0D1te66UMm2KCP5tT6Sfqq_MAZzrjs3dw9g&oe=6A18BF9F,https://www.facebook.com/photo.php?fbid=452029176968997&set=a.448214567350458&type=3,960,720,photo,photo,"#BHARAT_BOOK_OF_RECORDS
 🇮🇳🏅🇮🇳🏅🇮🇳🏅🇮🇳🏅🇮🇳🏅🇮🇳🏅🇮🇳🏅🇮🇳🏅
Dancing for Vande Mataram song along with 1000'sof  dancers on the occasion of 75th Independance day to create a new record at Freedom Park Bengaluru for BHARAT BOOK OF RECORDS",https://www.facebook.com/1425872462917992/posts/452029200302328,"#BHARAT_BOOK_OF_RECORDS
 🇮🇳🏅🇮🇳🏅🇮🇳🏅🇮🇳🏅🇮🇳🏅🇮🇳🏅🇮🇳🏅🇮🇳🏅
Dancing for Vande Mataram song along with 1000'sof  dancers on the occasion of 75th Independance day to create a new record at Freedom Park Bengaluru for BHARAT BOOK OF RECORDS",TRUE,FALSE,FALSE,FALSE,FALSE,2022-09-07T16:05:15+0000
107248091187807_452028516969063,https://scontent.fccu3-1.fna.fbcdn.net/v/t39.30808-6/475157666_1031305792374663_7253563752907763065_n.jpg?stp=dst-jpg_s960x960_tt6&_nc_cat=102&ccb=1-7&_nc_sid=833d8c&_nc_ohc=tpkZxq-tilQQ7kNvwHAAtGh&_nc_oc=AdrMBC14jpB1xSq8tc1Mz2XNKWsxcuKVOdk-uvbY-f6Ey-uCbs9C9fs9F42BOHqv3N4&_nc_zt=23&_nc_ht=scontent.fccu3-1.fna&edm=AKIiGfEEAAAA&_nc_gid=d60DKvzX419Q67rlEf-J9w&_nc_tpa=Q5bMBQGUTqNSh_d7lYMyyynif6ki1BTI9uLioSM_ggazAQ_KnRgJ-WjJ_8rjIQROqoQjuzln0akrOZwnzQ&oh=00_Af4pHcB5UPwFYJXJ8r3lGd6l8SFy2Vb_2OtvOVrsoUJtEw&oe=6A18C5B6,https://scontent.fccu3-1.fna.fbcdn.net/v/t39.30808-6/475157666_1031305792374663_7253563752907763065_n.jpg?stp=dst-jpg_s960x960_tt6&_nc_cat=102&ccb=1-7&_nc_sid=833d8c&_nc_ohc=tpkZxq-tilQQ7kNvwHAAtGh&_nc_oc=AdrMBC14jpB1xSq8tc1Mz2XNKWsxcuKVOdk-uvbY-f6Ey-uCbs9C9fs9F42BOHqv3N4&_nc_zt=23&_nc_ht=scontent.fccu3-1.fna&edm=AKIiGfEEAAAA&_nc_gid=d60DKvzX419Q67rlEf-J9w&_nc_tpa=Q5bMBQFM6IkAnmcFm_Lafo37x0zYTzQ-laO2k82DcaNsiStR5PzntcOsrBgBkFtjCPQvvz8M-s5awUfKYw&oh=00_Af6oL2u525Zvyy26y2wAcnZzYj-ZSXxCpDx6TfST54VUYQ&oe=6A18C5B6,https://www.facebook.com/photo.php?fbid=452028486969066&set=a.448214567350458&type=3,960,720,photo,photo,"#BHARAT_BOOK_OF_RECORDS
 🇮🇳🏅🇮🇳🏅🇮🇳🏅🇮🇳🏅🇮🇳🏅🇮🇳🏅🇮🇳🏅🇮🇳🏅
Dancing for Vande Mataram song along with 1000'sof  dancers on the occasion of 75th Independance day to create a new record at Freedom Park Bengaluru for BHARAT BOOK OF RECORDS",https://www.facebook.com/1425872462917992/posts/452028516969063,"#BHARAT_BOOK_OF_RECORDS
 🇮🇳🏅🇮🇳🏅🇮🇳🏅🇮🇳🏅🇮🇳🏅🇮🇳🏅🇮🇳🏅🇮🇳🏅
Dancing for Vande Mataram song along with 1000'sof  dancers on the occasion of 75th Independance day to create a new record at Freedom Park Bengaluru for BHARAT BOOK OF RECORDS",TRUE,FALSE,FALSE,FALSE,FALSE,2022-09-07T16:04:03+0000
107248091187807_452028386969076,https://scontent.fccu3-1.fna.fbcdn.net/v/t39.30808-6/474939351_1031305765707999_183219008235349306_n.jpg?stp=dst-jpg_s960x960_tt6&_nc_cat=102&ccb=1-7&_nc_sid=833d8c&_nc_ohc=YZjV621wJZQQ7kNvwEy2EH0&_nc_oc=Adr0D07Zn9RSCNOYSCaaHjXHYDzvjMJiuQxG9TfpgVhpIPRz_wrnBoDfcd-yUWdpnQs&_nc_zt=23&_nc_ht=scontent.fccu3-1.fna&edm=AKIiGfEEAAAA&_nc_gid=d60DKvzX419Q67rlEf-J9w&_nc_tpa=Q5bMBQHaz9Ug8h5qIPDOmEGy3ZpcgAtCWt6sOu5KEFrAnJps9rBmdVvH6tdEkd0tbSEQTqC1bWjsWwPg6Q&oh=00_Af7-ElXgnej5UijxnmOo1b3pR6KnbHHH35sYeXzqt6FKUA&oe=6A18EC43,https://scontent.fccu3-1.fna.fbcdn.net/v/t39.30808-6/474939351_1031305765707999_183219008235349306_n.jpg?stp=dst-jpg_s960x960_tt6&_nc_cat=102&ccb=1-7&_nc_sid=833d8c&_nc_ohc=YZjV621wJZQQ7kNvwEy2EH0&_nc_oc=Adr0D07Zn9RSCNOYSCaaHjXHYDzvjMJiuQxG9TfpgVhpIPRz_wrnBoDfcd-yUWdpnQs&_nc_zt=23&_nc_ht=scontent.fccu3-1.fna&edm=AKIiGfEEAAAA&_nc_gid=d60DKvzX419Q67rlEf-J9w&_nc_tpa=Q5bMBQFxLkx8Cwyxe-UPtydHZbsM4PdVrBFiLbzr0uivjjKovvKTAzObaBkGJJy8sL_DBXI17z1qxVM4cg&oh=00_Af4sFHoQeT1GNplJwCQa_oKq5Bo8RYkWaCtt6wWUm55mDg&oe=6A18EC43,https://www.facebook.com/photo.php?fbid=452028370302411&set=a.448214567350458&type=3,960,720,photo,photo,"#BHARAT_BOOK_OF_RECORDS
 🇮🇳🏅🇮🇳🏅🇮🇳🏅🇮🇳🏅🇮🇳🏅🇮🇳🏅🇮🇳🏅🇮🇳🏅
Dancing for Vande Mataram song along with 1000'sof  dancers on the occasion of 75th Independance day to create a new record at Freedom Park Bengaluru for BHARAT BOOK OF RECORDS",https://www.facebook.com/1425872462917992/posts/452028386969076,"#BHARAT_BOOK_OF_RECORDS
 🇮🇳🏅🇮🇳🏅🇮🇳🏅🇮🇳🏅🇮🇳🏅🇮🇳🏅🇮🇳🏅🇮🇳🏅
Dancing for Vande Mataram song along with 1000'sof  dancers on the occasion of 75th Independance day to create a new record at Freedom Park Bengaluru for BHARAT BOOK OF RECORDS",TRUE,FALSE,FALSE,FALSE,FALSE,2022-09-07T16:03:53+0000
107248091187807_452028276969087,https://scontent.fccu3-1.fna.fbcdn.net/v/t39.30808-6/475549599_1031306005707975_662506907684282808_n.jpg?stp=dst-jpg_s960x960_tt6&_nc_cat=101&ccb=1-7&_nc_sid=833d8c&_nc_ohc=q34qTsXxKNIQ7kNvwGR3NFf&_nc_oc=Adorcqi-MZ2hbumoRwXcDMKSAguJoOIzoFuMb6_pgdEmnXzakm26Vj-v1XREpOBXajk&_nc_zt=23&_nc_ht=scontent.fccu3-1.fna&edm=AKIiGfEEAAAA&_nc_gid=d60DKvzX419Q67rlEf-J9w&_nc_tpa=Q5bMBQEHUkCaMl1op4bM7WkWrx6EZj7VBBh2jerPeh3PItZ_CRx0W6E4X-nM8fSEMB35A4yJ1EDesNcEFQ&oh=00_Af7Q6_7ZMiLWM_jrYCrRPlo6c-YP-IulijE5FpS61sv3_A&oe=6A18D6F5,https://scontent.fccu3-1.fna.fbcdn.net/v/t39.30808-6/475549599_1031306005707975_662506907684282808_n.jpg?stp=dst-jpg_s960x960_tt6&_nc_cat=101&ccb=1-7&_nc_sid=833d8c&_nc_ohc=q34qTsXxKNIQ7kNvwGR3NFf&_nc_oc=Adorcqi-MZ2hbumoRwXcDMKSAguJoOIzoFuMb6_pgdEmnXzakm26Vj-v1XREpOBXajk&_nc_zt=23&_nc_ht=scontent.fccu3-1.fna&edm=AKIiGfEEAAAA&_nc_gid=d60DKvzX419Q67rlEf-J9w&_nc_tpa=Q5bMBQGurowxt5rqZLYoY1QVCJbEpnKflZKp8V1E6vvsMhap8qB05u2QNGX1iikvlx4Obbm1hl0EvJnrAA&oh=00_Af5KObrJcdvrYcJq2CbzO5hYEL2iyYYxtMrdpOE-kP18MQ&oe=6A18D6F5,https://www.facebook.com/photo.php?fbid=452028256969089&set=a.448214567350458&type=3,960,720,photo,photo,"#BHARAT_BOOK_OF_RECORDS
 🇮🇳🏅🇮🇳🏅🇮🇳🏅🇮🇳🏅🇮🇳🏅🇮🇳🏅🇮🇳🏅🇮🇳🏅
Dancing for Vande Mataram song along with 1000'sof  dancers on the occasion of 75th Independance day to create a new record at Freedom Park Bengaluru for BHARAT BOOK OF RECORDS",https://www.facebook.com/1425872462917992/posts/452028276969087,"#BHARAT_BOOK_OF_RECORDS
 🇮🇳🏅🇮🇳🏅🇮🇳🏅🇮🇳🏅🇮🇳🏅🇮🇳🏅🇮🇳🏅🇮🇳🏅
Dancing for Vande Mataram song along with 1000'sof  dancers on the occasion of 75th Independance day to create a new record at Freedom Park Bengaluru for BHARAT BOOK OF RECORDS",TRUE,FALSE,FALSE,FALSE,FALSE,2022-09-07T16:03:39+0000
107248091187807_452027986969116,https://scontent.fccu3-1.fna.fbcdn.net/v/t39.30808-6/475139333_1031305805707995_429885282003393307_n.jpg?stp=dst-jpg_s960x960_tt6&_nc_cat=106&ccb=1-7&_nc_sid=833d8c&_nc_ohc=m-C4NnfcM2YQ7kNvwEVsUlY&_nc_oc=AdpbEPVHNi950s-znjeLx-jyP6WknipEt0Emex7BhQHxiqgy9xlYzCd4P_cmM_Rj3qI&_nc_zt=23&_nc_ht=scontent.fccu3-1.fna&edm=AKIiGfEEAAAA&_nc_gid=d60DKvzX419Q67rlEf-J9w&_nc_tpa=Q5bMBQF1j7YS08b_JgfVVzirGSTC_F--8YmvJ4oQRoHYhZl7CqadLaul1z7NpMiVV1WgRUch8IR3_7xhDQ&oh=00_Af5z3Mmz088iBIGv2GSLd7HZ7kcZCTm8HMg67cI89XrEQw&oe=6A18D3C3,https://scontent.fccu3-1.fna.fbcdn.net/v/t39.30808-6/475139333_1031305805707995_429885282003393307_n.jpg?stp=dst-jpg_s960x960_tt6&_nc_cat=106&ccb=1-7&_nc_sid=833d8c&_nc_ohc=m-C4NnfcM2YQ7kNvwEVsUlY&_nc_oc=AdpbEPVHNi950s-znjeLx-jyP6WknipEt0Emex7BhQHxiqgy9xlYzCd4P_cmM_Rj3qI&_nc_zt=23&_nc_ht=scontent.fccu3-1.fna&edm=AKIiGfEEAAAA&_nc_gid=d60DKvzX419Q67rlEf-J9w&_nc_tpa=Q5bMBQHZ0IAIM7uHXVJEkKAWf4MverI1X6XmnIXLTEC1jQ1HkBUvC7mFiAg-gabfBwOLrw8bjzj00IsJQQ&oh=00_Af5Pvex2F8zQfhdZp00gzH2Opa1wy2FG6n4nRZOhFiLtDA&oe=6A18D3C3,https://www.facebook.com/photo.php?fbid=452027963635785&set=a.448214567350458&type=3,960,720,photo,photo,"#BHARAT_BOOK_OF_RECORDS
 🇮🇳🏅🇮🇳🏅🇮🇳🏅🇮🇳🏅🇮🇳🏅🇮🇳🏅🇮🇳🏅🇮🇳🏅
Dancing for Vande Mataram song along with 1000'sof  dancers on the occasion of 75th Independance day to create a new record at Freedom Park Bengaluru for BHARAT BOOK OF RECORDS",https://www.facebook.com/1425872462917992/posts/452027986969116,"#BHARAT_BOOK_OF_RECORDS
 🇮🇳🏅🇮🇳🏅🇮🇳🏅🇮🇳🏅🇮🇳🏅🇮🇳🏅🇮🇳🏅🇮🇳🏅
Dancing for Vande Mataram song along with 1000'sof  dancers on the occasion of 75th Independance day to create a new record at Freedom Park Bengaluru for BHARAT BOOK OF RECORDS",TRUE,FALSE,FALSE,FALSE,FALSE,2022-09-07T16:03:12+0000
107248091187807_452027773635804,https://scontent.fccu31-2.fna.fbcdn.net/v/t39.30808-6/475187875_1031305762374666_5996242130055915670_n.jpg?stp=dst-jpg_s960x960_tt6&_nc_cat=108&ccb=1-7&_nc_sid=833d8c&_nc_ohc=jQC3OGYWfhUQ7kNvwFD0QDO&_nc_oc=AdrZxrgDoFrWVvLOm4w5T9TOhlBy4ncp4f1xvp_24TMWFPu3_gQIvTdBwT1BKWvKHvo&_nc_zt=23&_nc_ht=scontent.fccu31-2.fna&edm=AKIiGfEEAAAA&_nc_gid=d60DKvzX419Q67rlEf-J9w&_nc_tpa=Q5bMBQEUBD8ZpqEGxQ0Ta4FSo9e0WjDgCxpvrLE5wtY3ADlCZJyzfDAywSDSc8zXfLb97VhJLfdfJRXT_w&oh=00_Af7coXGCCO0GoeOn2xsplamZzpbjl7yrGnykuTicU7wYSw&oe=6A18E8A9,https://scontent.fccu31-2.fna.fbcdn.net/v/t39.30808-6/475187875_1031305762374666_5996242130055915670_n.jpg?stp=dst-jpg_s960x960_tt6&_nc_cat=108&ccb=1-7&_nc_sid=833d8c&_nc_ohc=jQC3OGYWfhUQ7kNvwFD0QDO&_nc_oc=AdrZxrgDoFrWVvLOm4w5T9TOhlBy4ncp4f1xvp_24TMWFPu3_gQIvTdBwT1BKWvKHvo&_nc_zt=23&_nc_ht=scontent.fccu31-2.fna&edm=AKIiGfEEAAAA&_nc_gid=d60DKvzX419Q67rlEf-J9w&_nc_tpa=Q5bMBQFpc1jyCOSJdGBvd9EOLMzoQYw1KKXB0XVvCxJn-VDjxIHBKen05IIsthQo49Oz4ALteifzpBZDgw&oh=00_Af7IKghmeTaCZnuvVCl1nxsyRWP0T-m6DLLZ10_7o95Esg&oe=6A18E8A9,https://www.facebook.com/photo.php?fbid=452027760302472&set=a.448214567350458&type=3,960,720,photo,photo,"#BHARAT_BOOK_OF_RECORDS
 🇮🇳🏅🇮🇳🏅🇮🇳🏅🇮🇳🏅🇮🇳🏅🇮🇳🏅🇮🇳🏅🇮🇳🏅
Dancing for Vande Mataram song along with 1000'sof  dancers on the occasion of 75th Independance day to create a new record at Freedom Park Bengaluru for BHARAT BOOK OF RECORDS",https://www.facebook.com/1425872462917992/posts/452027773635804,"#BHARAT_BOOK_OF_RECORDS
 🇮🇳🏅🇮🇳🏅🇮🇳🏅🇮🇳🏅🇮🇳🏅🇮🇳🏅🇮🇳🏅🇮🇳🏅
Dancing for Vande Mataram song along with 1000'sof  dancers on the occasion of 75th Independance day to create a new record at Freedom Park Bengaluru for BHARAT BOOK OF RECORDS",TRUE,FALSE,FALSE,FALSE,FALSE,2022-09-07T16:02:54+0000
107248091187807_452026850302563,https://scontent.fccu31-2.fna.fbcdn.net/v/t39.30808-6/475139619_1031305729041336_2449790340956394857_n.jpg?stp=dst-jpg_s960x960_tt6&_nc_cat=111&ccb=1-7&_nc_sid=833d8c&_nc_ohc=C_NacXryvRMQ7kNvwFMqWcy&_nc_oc=Adpia1evI31NJKKAP_coXvaMl_YL15HS0kyyxyx7qbVvMFDVLicnpjawzegFM2giR_E&_nc_zt=23&_nc_ht=scontent.fccu31-2.fna&edm=AKIiGfEEAAAA&_nc_gid=d60DKvzX419Q67rlEf-J9w&_nc_tpa=Q5bMBQHBvPKgOAiDmwaklGHUGZmZAUev7GYsa9NlESkBVm95YaOxgW0oMXlVvX3DM1IeLvUBslYJ7HBpqQ&oh=00_Af5KkyO6CYZgMbysGnSvV0swKc6GVWgUaJwj3RDNLhf9iQ&oe=6A18F1D3,https://scontent.fccu31-2.fna.fbcdn.net/v/t39.30808-6/475139619_1031305729041336_2449790340956394857_n.jpg?stp=dst-jpg_s960x960_tt6&_nc_cat=111&ccb=1-7&_nc_sid=833d8c&_nc_ohc=C_NacXryvRMQ7kNvwFMqWcy&_nc_oc=Adpia1evI31NJKKAP_coXvaMl_YL15HS0kyyxyx7qbVvMFDVLicnpjawzegFM2giR_E&_nc_zt=23&_nc_ht=scontent.fccu31-2.fna&edm=AKIiGfEEAAAA&_nc_gid=d60DKvzX419Q67rlEf-J9w&_nc_tpa=Q5bMBQGSrXDjviK9AHp_Eq1CzHPeOl9KU28Vnw6ao353YpvCb4pBiux-vmmWxs-DEeWhmwq5VRYC-BnOZA&oh=00_Af6lJC3lg8k_uJJ0gxUWdh3V_mPwS8KB7wmb2jnlJMx2_w&oe=6A18F1D3,https://www.facebook.com/photo.php?fbid=452026826969232&set=a.448214567350458&type=3,960,720,photo,photo,"#BHARAT_BOOK_OF_RECORDS
 🇮🇳🏅🇮🇳🏅🇮🇳🏅🇮🇳🏅🇮🇳🏅🇮🇳🏅🇮🇳🏅🇮🇳🏅
Dancing for Vande Mataram song along with 1000'sof  dancers on the occasion of 75th Independance day to create a new record at Freedom Park Bengaluru for BHARAT BOOK OF RECORDS",https://www.facebook.com/1425872462917992/posts/452026850302563,"#BHARAT_BOOK_OF_RECORDS
 🇮🇳🏅🇮🇳🏅🇮🇳🏅🇮🇳🏅🇮🇳🏅🇮🇳🏅🇮🇳🏅🇮🇳🏅
Dancing for Vande Mataram song along with 1000'sof  dancers on the occasion of 75th Independance day to create a new record at Freedom Park Bengaluru for BHARAT BOOK OF RECORDS",TRUE,FALSE,FALSE,FALSE,FALSE,2022-09-07T16:01:54+0000
107248091187807_452025903635991,https://scontent.fccu31-2.fna.fbcdn.net/v/t39.30808-6/475252744_1031306039041305_2507440650535855720_n.jpg?stp=dst-jpg_s960x960_tt6&_nc_cat=111&ccb=1-7&_nc_sid=833d8c&_nc_ohc=llfdhAFLmjAQ7kNvwHHKboE&_nc_oc=AdrGUY3hJ4qG4nppMUHBV8ZGEzZyohW25Zw1NLfAnqiWDpm5Pme-3t1gO97ARaDAfY8&_nc_zt=23&_nc_ht=scontent.fccu31-2.fna&edm=AKIiGfEEAAAA&_nc_gid=d60DKvzX419Q67rlEf-J9w&_nc_tpa=Q5bMBQEaXzSMn45NKGwBUaBnyBxkD7Q9LzXDOkAX5EPt4MQsj7RedTN0B-UGVQKL0giwZGB8FG5TcjuQVw&oh=00_Af7CLKzen4U0I9_2Ruf4ftAPwCPJM17Lr1qdZTluLsqdPg&oe=6A18DF59,https://scontent.fccu31-2.fna.fbcdn.net/v/t39.30808-6/475252744_1031306039041305_2507440650535855720_n.jpg?stp=dst-jpg_s960x960_tt6&_nc_cat=111&ccb=1-7&_nc_sid=833d8c&_nc_ohc=llfdhAFLmjAQ7kNvwHHKboE&_nc_oc=AdrGUY3hJ4qG4nppMUHBV8ZGEzZyohW25Zw1NLfAnqiWDpm5Pme-3t1gO97ARaDAfY8&_nc_zt=23&_nc_ht=scontent.fccu31-2.fna&edm=AKIiGfEEAAAA&_nc_gid=d60DKvzX419Q67rlEf-J9w&_nc_tpa=Q5bMBQFjMDRtIfq5r5VeRgU1gDEj9-Ut9ZB2qCPIISlGdM9MVJmKvFIk1Y7x97_snoNqJiM2XHMSI60FFQ&oh=00_Af7dQBkvjqaIBRGtpr4s-GRcq7sE_cbPSSTkYfIRqBjUow&oe=6A18DF59,https://www.facebook.com/photo.php?fbid=452025876969327&set=a.448214567350458&type=3,960,720,photo,photo,"#BHARAT_BOOK_OF_RECORDS
 🇮🇳🏅🇮🇳🏅🇮🇳🏅🇮🇳🏅🇮🇳🏅🇮🇳🏅🇮🇳🏅🇮🇳🏅
Dancing for Vande Mataram song along with 1000'sof  dancers on the occasion of 75th Independance day to create a new record at Freedom Park Bengaluru for BHARAT BOOK OF RECORDS",https://www.facebook.com/1425872462917992/posts/452025903635991,"#BHARAT_BOOK_OF_RECORDS
 🇮🇳🏅🇮🇳🏅🇮🇳🏅🇮🇳🏅🇮🇳🏅🇮🇳🏅🇮🇳🏅🇮🇳🏅
Dancing for Vande Mataram song along with 1000'sof  dancers on the occasion of 75th Independance day to create a new record at Freedom Park Bengaluru for BHARAT BOOK OF RECORDS",TRUE,FALSE,FALSE,FALSE,FALSE,2022-09-07T16:00:13+0000
107248091187807_561252005787411,https://scontent.fccu3-1.fna.fbcdn.net/v/t39.30808-6/476120532_1137061551539784_4978714867256947404_n.jpg?_nc_cat=104&ccb=1-7&_nc_sid=833d8c&_nc_ohc=KNiRFX-FII8Q7kNvwEtZHKc&_nc_oc=AdoamLMKveyRBlyBR3TQ0LByb83Z98ZIRZNLyFeiCZnbVuB7KsaHDhWdYP2lZTTzDsM&_nc_zt=23&_nc_ht=scontent.fccu3-1.fna&edm=AKIiGfEEAAAA&_nc_gid=d60DKvzX419Q67rlEf-J9w&_nc_tpa=Q5bMBQFshT9Xrn7Dv_otbSIqQ86vyJHjwzk0eEGVVxjhPQOGCbylzVlhhp21V_uMTJy89T8DsiCf4GClhw&oh=00_Af6iSl3SKQwXQDFtkDw_aMo9fTas64D9ILdBrfd7Tg9XvQ&oe=6A18E4EA,https://scontent.fccu3-1.fna.fbcdn.net/v/t39.30808-6/476120532_1137061551539784_4978714867256947404_n.jpg?_nc_cat=104&ccb=1-7&_nc_sid=833d8c&_nc_ohc=KNiRFX-FII8Q7kNvwEtZHKc&_nc_oc=AdoamLMKveyRBlyBR3TQ0LByb83Z98ZIRZNLyFeiCZnbVuB7KsaHDhWdYP2lZTTzDsM&_nc_zt=23&_nc_ht=scontent.fccu3-1.fna&edm=AKIiGfEEAAAA&_nc_gid=d60DKvzX419Q67rlEf-J9w&_nc_tpa=Q5bMBQGStr6efpXuYb-YKX01WjPWRAdLP_u92iKrN8VKBGPkhPm8FgHzT1EYmaHxQuD7UZc5RrSSJcfStQ&oh=00_Af5A81cFeQEKXW8b-NeiD2IgeJsp8NFovLm2R2d8kCu17w&oe=6A18E4EA,https://www.facebook.com/1425872462917992/posts/561252005787411,564,960,album,album,,https://www.facebook.com/1425872462917992/posts/561252005787411,"Newspaper Article of Independence Day Celebration 📰🇮🇳📰🇮🇳📰🇮🇳📰🇮🇳📰
Thanks to 🙏🙏

#Times_of_India
#Indian_Express
#Bharat_Sarathi",TRUE,FALSE,FALSE,FALSE,FALSE,2022-08-24T02:22:37+0000
107248091187807_558371382742140,https://scontent.fccu31-1.fna.fbcdn.net/v/t39.30808-6/475512883_1137055554873717_3512547940160775765_n.jpg?_nc_cat=110&ccb=1-7&_nc_sid=833d8c&_nc_ohc=UEoN5yeYbwkQ7kNvwEjagRN&_nc_oc=AdqGyRZfPaYViiKmMl9RnYTFvM-WnA2mOd0BRyPUianv3RlbWAv0k14__nn0GTVCVkA&_nc_zt=23&_nc_ht=scontent.fccu31-1.fna&edm=AKIiGfEEAAAA&_nc_gid=d60DKvzX419Q67rlEf-J9w&_nc_tpa=Q5bMBQFl_CN-LNmPIXVQfacvfGZLZ-nhSfWnN7pUmqsTxFV8jVEy9l_PP0jhht_Ee-Ge_P7fmsL2aMem-A&oh=00_Af5wUdbY0i7examG1NPNvraAeu9-BfuD1NxSJUKPavndHQ&oe=6A18E8B2,https://scontent.fccu31-1.fna.fbcdn.net/v/t39.30808-6/475512883_1137055554873717_3512547940160775765_n.jpg?_nc_cat=110&ccb=1-7&_nc_sid=833d8c&_nc_ohc=UEoN5yeYbwkQ7kNvwEjagRN&_nc_oc=AdqGyRZfPaYViiKmMl9RnYTFvM-WnA2mOd0BRyPUianv3RlbWAv0k14__nn0GTVCVkA&_nc_zt=23&_nc_ht=scontent.fccu31-1.fna&edm=AKIiGfEEAAAA&_nc_gid=d60DKvzX419Q67rlEf-J9w&_nc_tpa=Q5bMBQHOKAzbYh6GV8qqp1hWlX53J1K2DUKjBCKhQmXJuFtMndtZshj965kjXZM8zGcLbuHJJfzCzxsJRA&oh=00_Af4xm7pVCVmGd9C5FnsPD3JxuYXi4LiucwWKp4p7WHbQvg&oe=6A18E8B2,https://www.facebook.com/photo.php?fbid=558371352742143&set=a.448214567350458&type=3,634,1080,photo,photo,Newspaper Article of #Bharat_Book_of_Records📰🇮🇳📰🇮🇳📰🇮🇳📰🇮🇳📰🇮🇳📰🇮🇳📰🇮🇳📰🇮🇳📰🇮🇳,https://www.facebook.com/1425872462917992/posts/558371382742140,Newspaper Article of #Bharat_Book_of_Records📰🇮🇳📰🇮🇳📰🇮🇳📰🇮🇳📰🇮🇳📰🇮🇳📰🇮🇳📰🇮🇳📰🇮🇳,TRUE,FALSE,FALSE,FALSE,FALSE,2022-08-20T02:44:51+0000
107248091187807_554885496424062,https://scontent.fccu31-2.fna.fbcdn.net/v/t15.5256-10/296570907_164307796146623_4598056700962186726_n.jpg?_nc_cat=111&ccb=1-7&_nc_sid=54741f&_nc_ohc=Tj4af7QnsOIQ7kNvwF6hEoQ&_nc_oc=AdrSPs-_ORv5UuR4PkyR_qKkv9XQcmGUyqNdD82reJKg-y4kR3KwQ4jthZ0SjkBwQ6M&_nc_zt=23&_nc_ht=scontent.fccu31-2.fna&edm=AKIiGfEEAAAA&_nc_gid=d60DKvzX419Q67rlEf-J9w&_nc_tpa=Q5bMBQGeQeWHgRl1Y5mMRA3bZhvRHkBzsB-0dknXRTqjIaCSc3g2HSzzR29SK7JFMP4Qyqs4J8WMj7Vl5w&oh=00_Af4Bx6fbJ_yVraSgKCxDy31SWllbNERpgGlx94wA02yJ8w&oe=6A18C0E3,https://scontent.fccu31-2.fna.fbcdn.net/v/t15.5256-10/296570907_164307796146623_4598056700962186726_n.jpg?stp=dst-jpg_s720x720_tt6&_nc_cat=111&ccb=1-7&_nc_sid=54741f&_nc_ohc=Tj4af7QnsOIQ7kNvwF6hEoQ&_nc_oc=AdrSPs-_ORv5UuR4PkyR_qKkv9XQcmGUyqNdD82reJKg-y4kR3KwQ4jthZ0SjkBwQ6M&_nc_zt=23&_nc_ht=scontent.fccu31-2.fna&edm=AKIiGfEEAAAA&_nc_gid=d60DKvzX419Q67rlEf-J9w&_nc_tpa=Q5bMBQF8AiNDDfVaSQ34LPvhA8xiDnNjbP2i97QxtPMtIhT6a0oIXhL3lPcO_BW4dXUNYcF9XPLYT_VCNQ&oh=00_Af7OHNnG2332y-twnKMhnHpgmm3gOnlhTMab0Cu-5co9oA&oe=6A18C0E3,https://www.facebook.com/1425872462917992/videos/588330619380443,405,720,video,video_inline,,https://www.facebook.com/1425872462917992/videos/588330619380443,Dance for India,TRUE,FALSE,FALSE,FALSE,FALSE,2022-08-15T11:59:15+0000
107248091187807_554880466424565,https://scontent.fccu31-1.fna.fbcdn.net/v/t15.13418-10/299653653_1687763204920827_75088864218994502_n.jpg?stp=dst-jpg_tt6&_nc_cat=107&ccb=1-7&_nc_sid=aaa768&_nc_ohc=5Jy49AhgkL0Q7kNvwFcsBSx&_nc_oc=AdqjiiBO4FTGFDw2DhkO4CJ9AaeScWFyr1vPaKs7ZURqZ1U1jawxSVRPzUd9CM-RsHQ&_nc_zt=23&_nc_ht=scontent.fccu31-1.fna&edm=AKIiGfEEAAAA&_nc_gid=d60DKvzX419Q67rlEf-J9w&_nc_tpa=Q5bMBQEU_9Um1PHkhTtTWqWZirExNEPTVO6Oxd8jGuTD4wAeDxOeKQaXwJD4-AqsBZ9EH6qfV5o7tg89jg&oh=00_Af5g5oh3nTDayAAEy2ehrCHBSthmVnax5xCT7JUrfK_wCQ&oe=6A18BC55,https://scontent.fccu31-1.fna.fbcdn.net/v/t15.13418-10/299653653_1687763204920827_75088864218994502_n.jpg?stp=dst-jpg_s720x720_tt6&_nc_cat=107&ccb=1-7&_nc_sid=aaa768&_nc_ohc=5Jy49AhgkL0Q7kNvwFcsBSx&_nc_oc=AdqjiiBO4FTGFDw2DhkO4CJ9AaeScWFyr1vPaKs7ZURqZ1U1jawxSVRPzUd9CM-RsHQ&_nc_zt=23&_nc_ht=scontent.fccu31-1.fna&edm=AKIiGfEEAAAA&_nc_gid=d60DKvzX419Q67rlEf-J9w&_nc_tpa=Q5bMBQFuKder3bPUdiiN2dJXcbVEvOgAjML5v-6Vlx2ZIVGYZS4ltYJY-_lygfTLppTmCSTPbIRRQwYubA&oh=00_Af7vhWCS7A-igVKLYN1UpqacwZjpCmXy-D-KyPzs6b-HlA&oe=6A18BC55,https://www.facebook.com/1425872462917992/videos/504373904828795,405,720,video,video_inline,,https://www.facebook.com/1425872462917992/videos/504373904828795,Dance for India,TRUE,FALSE,FALSE,FALSE,FALSE,2022-08-15T11:56:27+0000
107248091187807_554879926424619,https://scontent.fccu31-2.fna.fbcdn.net/v/t15.13418-10/298547251_763266498246729_3030145461266055737_n.jpg?stp=dst-jpg_tt6&_nc_cat=103&ccb=1-7&_nc_sid=aaa768&_nc_ohc=gIatSfdwzCwQ7kNvwEl5Sl0&_nc_oc=AdrzDbd2d2vbhAjro6inFhgRevWxZy6d-umCA617FaZauowQz_YDTE-yW5VJ4zhXJHE&_nc_zt=23&_nc_ht=scontent.fccu31-2.fna&edm=AKIiGfEEAAAA&_nc_gid=d60DKvzX419Q67rlEf-J9w&_nc_tpa=Q5bMBQH77sCsqU82b5gPg3DaC6r7EK009CmRum0f8V5Rsx13oNSzdckzWF2LLBZbirE4fT7TwYfVfAmUXA&oh=00_Af4LAMZQ_YRgByTbMRGTcBzjAQx1WvGXmBpY5ytQ08990A&oe=6A18D98E,https://scontent.fccu31-2.fna.fbcdn.net/v/t15.13418-10/298547251_763266498246729_3030145461266055737_n.jpg?stp=dst-jpg_s720x720_tt6&_nc_cat=103&ccb=1-7&_nc_sid=aaa768&_nc_ohc=gIatSfdwzCwQ7kNvwEl5Sl0&_nc_oc=AdrzDbd2d2vbhAjro6inFhgRevWxZy6d-umCA617FaZauowQz_YDTE-yW5VJ4zhXJHE&_nc_zt=23&_nc_ht=scontent.fccu31-2.fna&edm=AKIiGfEEAAAA&_nc_gid=d60DKvzX419Q67rlEf-J9w&_nc_tpa=Q5bMBQE5xKmRbfy4vHtQUO6hBy32XD63dJyXIcBoJsqPdPFEEzFFEXIBJQ8VO8bnIuWlwsEmdKg3IMV5Ng&oh=00_Af7opIixBY4NBpUDDYzrhmBTQGuHjIdik8i0YuKz9du4ZQ&oe=6A18D98E,https://www.facebook.com/1425872462917992/videos/616682213412759,405,720,video,video_inline,,https://www.facebook.com/1425872462917992/videos/616682213412759,Dance for India,TRUE,FALSE,FALSE,FALSE,FALSE,2022-08-15T11:55:47+0000
107248091187807_554880139757931,https://scontent.fccu31-1.fna.fbcdn.net/v/t39.30808-6/476078070_1137048064874466_4099684437809457525_n.jpg?_nc_cat=107&ccb=1-7&_nc_sid=833d8c&_nc_ohc=sIBGjtXfl4kQ7kNvwFh_lJY&_nc_oc=Ado25L4ZcGJnRNK46QAl-oOHJLQnZ1jzi90eA0IH6YsC-UordWgmFaXUkWeEPc5f1aY&_nc_zt=23&_nc_ht=scontent.fccu31-1.fna&edm=AKIiGfEEAAAA&_nc_gid=d60DKvzX419Q67rlEf-J9w&_nc_tpa=Q5bMBQHdI8GP1qMrnxMxKEisvPbdJ5k8J4dHi0S5JiTofjctjAnZA1EQ34yfDWwxZ9wVgYtYhdCO9HFMtw&oh=00_Af4XBYiS2lZNUd2lABbIyuTnDwBZYjVr9ZXHxUnItz_yiA&oe=6A18BC2D,https://scontent.fccu31-1.fna.fbcdn.net/v/t39.30808-6/476078070_1137048064874466_4099684437809457525_n.jpg?_nc_cat=107&ccb=1-7&_nc_sid=833d8c&_nc_ohc=sIBGjtXfl4kQ7kNvwFh_lJY&_nc_oc=Ado25L4ZcGJnRNK46QAl-oOHJLQnZ1jzi90eA0IH6YsC-UordWgmFaXUkWeEPc5f1aY&_nc_zt=23&_nc_ht=scontent.fccu31-1.fna&edm=AKIiGfEEAAAA&_nc_gid=d60DKvzX419Q67rlEf-J9w&_nc_tpa=Q5bMBQHnmh-MvKcppviia6AjzOg-HIJ17prRTQgoeZKs-nxs6Ld40gW1n3iwV-fckRpBEI45CJg_wtlPIA&oh=00_Af59FFq8RlYGmEd8D2hgDLlwjsp2uIbq_ficZdueUQXdug&oe=6A18BC2D,https://www.facebook.com/1425872462917992/posts/554880139757931,720,960,album,album,,https://www.facebook.com/1425872462917992/posts/554880139757931,Dance for India,TRUE,FALSE,FALSE,FALSE,FALSE,2022-08-15T11:54:03+0000
107248091187807_554879466424665,https://scontent.fccu31-1.fna.fbcdn.net/v/t39.30808-6/476168484_1137048224874450_2548323866466165832_n.jpg?stp=dst-jpg_s1080x2048_tt6&_nc_cat=107&ccb=1-7&_nc_sid=833d8c&_nc_ohc=hLDlJAcZ8GgQ7kNvwEXnRI1&_nc_oc=Adr1-ktZZ-gni8X0_20rWTLAGdLxhCJoXec68e5gxZTqyb-27LOcYDJ_L2tLclCglyc&_nc_zt=23&_nc_ht=scontent.fccu31-1.fna&edm=AKIiGfEEAAAA&_nc_gid=d60DKvzX419Q67rlEf-J9w&_nc_tpa=Q5bMBQEllKC4N5iFPNNEsesA5HJDPzCXV9IOpIw2xLE1Umh-RCZUOKQGxtB43xblF7O4ROQLhnREJ5dzLA&oh=00_Af4yYgd-8ETPAa8LUYWi3tyPfGGfFCX24Z6CytaIf2vORw&oe=6A18F1FB,https://scontent.fccu31-1.fna.fbcdn.net/v/t39.30808-6/476168484_1137048224874450_2548323866466165832_n.jpg?stp=dst-jpg_s1080x2048_tt6&_nc_cat=107&ccb=1-7&_nc_sid=833d8c&_nc_ohc=hLDlJAcZ8GgQ7kNvwEXnRI1&_nc_oc=Adr1-ktZZ-gni8X0_20rWTLAGdLxhCJoXec68e5gxZTqyb-27LOcYDJ_L2tLclCglyc&_nc_zt=23&_nc_ht=scontent.fccu31-1.fna&edm=AKIiGfEEAAAA&_nc_gid=d60DKvzX419Q67rlEf-J9w&_nc_tpa=Q5bMBQGaGur0BbKD2cXG5Do3UqEO4p1qFG9NYpZAnNxcZYHRZshGH1Mtthyq2yQvKm2QJo82koi5l_a3eg&oh=00_Af5oANxCNnp7V7reDkgUTXQpfGfCg_xDQ8_nzfSYql-xYw&oe=6A18F1FB,https://www.facebook.com/1425872462917992/posts/554879466424665,720,1080,album,album,,https://www.facebook.com/1425872462917992/posts/554879466424665,Dance for India,TRUE,FALSE,FALSE,FALSE,FALSE,2022-08-15T11:53:26+0000
107248091187807_552267410019204,https://scontent.fccu3-1.fna.fbcdn.net/v/t15.13418-10/298286474_739805497313022_1282855221816966968_n.jpg?stp=dst-jpg_tt6&_nc_cat=101&ccb=1-7&_nc_sid=aaa768&_nc_ohc=9rz5WAE9RTIQ7kNvwEoov8U&_nc_oc=Adr_XvHZWWMcGnAR-IvZd5wIbyh6d2KUmMQxIXAxQiPfjbrviEMGBAIRZPWkn_Xnjz0&_nc_zt=23&_nc_ht=scontent.fccu3-1.fna&edm=AKIiGfEEAAAA&_nc_gid=d60DKvzX419Q67rlEf-J9w&_nc_tpa=Q5bMBQEi-BMgRYSxiVU4TyWkFb2tJyYhcJnYoOGfTIAkrCbszevgU6kdzvTZS1JQhNFOm82MRhoN71UZgQ&oh=00_Af6VLKPwFd5iZYzI6yh4mTxH54JQjcdPJvLS3mr8KzGUzQ&oe=6A18CAF6,https://scontent.fccu3-1.fna.fbcdn.net/v/t15.13418-10/298286474_739805497313022_1282855221816966968_n.jpg?stp=dst-jpg_tt6&_nc_cat=101&ccb=1-7&_nc_sid=aaa768&_nc_ohc=9rz5WAE9RTIQ7kNvwEoov8U&_nc_oc=Adr_XvHZWWMcGnAR-IvZd5wIbyh6d2KUmMQxIXAxQiPfjbrviEMGBAIRZPWkn_Xnjz0&_nc_zt=23&_nc_ht=scontent.fccu3-1.fna&edm=AKIiGfEEAAAA&_nc_gid=d60DKvzX419Q67rlEf-J9w&_nc_tpa=Q5bMBQGw7g0-6lOiFS03AF5-vQV3PiFRA0QBKw8rcam0y1G0_7nyiFYqD9q1QzzsBmCw9IZSbCnggd3xOA&oh=00_Af77DhllHg56ElDVyDtX022at5OZ5r10lC_kHzxgTcSxnA&oe=6A18CAF6,https://www.facebook.com/1425872462917992/videos/1102518927137924,288,640,video,video_inline,,https://www.facebook.com/1425872462917992/videos/1102518927137924,"Invited  Smt Vyjayanthi Kashi is an Indian classical dancer, a kuchipudi exponent. She is Grand daughter of of Dr Gubbi Veeranna who was an legendary Kannada director, one of the pioneers and most prolific contributors to Kannada theatre. Vyjayanthi Kashi is a reputed kuchipudi dancer,a celebrated performer and choreographer and artistic director of a dance school Shambhavi School of Dance where they teaches this traditional dance form kuchipudi. She was also the chairperson of Karnataka Sangeetha Nritya Academy
#National_Award_Winner

�#14𝐭𝐡_𝐀𝐮𝐠𝐮𝐬𝐭_𝐒𝐮𝐧𝐝𝐚𝐲👈
Thousands of Dancers performing under one platform for Vande Mataram song on the occasion of Independence day",TRUE,FALSE,FALSE,FALSE,FALSE,2022-08-12T02:02:57+0000
107248091187807_552267723352506,https://scontent.fccu3-1.fna.fbcdn.net/v/t39.30808-6/475864768_1137043564874916_502323818716921121_n.jpg?_nc_cat=102&ccb=1-7&_nc_sid=833d8c&_nc_ohc=KSae9iOfdRgQ7kNvwGSHr0k&_nc_oc=Adp6-l__GZFJMnfNAndrqNa2eJk8ZB2QJ8Sx0piITQDftJmo5TGrTOV9NfBPT5k1WjA&_nc_zt=23&_nc_ht=scontent.fccu3-1.fna&edm=AKIiGfEEAAAA&_nc_gid=d60DKvzX419Q67rlEf-J9w&_nc_tpa=Q5bMBQFrhMuiQ-TCBcxBFis_E-QslYWj-bBSf8rALdyga4nRv2mCm5BPORQWPDXqQapcJK5HStdjeEI-2g&oh=00_Af6g9Klvj4bHsQjusaNJtHsOZoErrZekrMElBXjdwzb0ng&oe=6A18DAA2,https://scontent.fccu3-1.fna.fbcdn.net/v/t39.30808-6/475864768_1137043564874916_502323818716921121_n.jpg?_nc_cat=102&ccb=1-7&_nc_sid=833d8c&_nc_ohc=KSae9iOfdRgQ7kNvwGSHr0k&_nc_oc=Adp6-l__GZFJMnfNAndrqNa2eJk8ZB2QJ8Sx0piITQDftJmo5TGrTOV9NfBPT5k1WjA&_nc_zt=23&_nc_ht=scontent.fccu3-1.fna&edm=AKIiGfEEAAAA&_nc_gid=d60DKvzX419Q67rlEf-J9w&_nc_tpa=Q5bMBQH0FayyJqudxTs2pLMBc7HXvKZHTwJgG9msg9kBqo1-ss9e3wsAHlVHftu--LAzUA3SRsVpFZ4huw&oh=00_Af5xlYCC1FleWoDUNh1LEyQZgxJhX8_PD0x3CyMfpAlsTw&oe=6A18DAA2,https://www.facebook.com/1425872462917992/posts/552267723352506,1280,576,album,album,,https://www.facebook.com/1425872462917992/posts/552267723352506,"Invited  Smt Vyjayanthi Kashi is an Indian classical dancer, a kuchipudi exponent. She is Grand daughter of of Dr Gubbi Veeranna who was an legendary Kannada director, one of the pioneers and most prolific contributors to Kannada theatre. Vyjayanthi Kashi is a reputed kuchipudi dancer,a celebrated performer and choreographer and artistic director of a dance school Shambhavi School of Dance where they teaches this traditional dance form kuchipudi. She was also the chairperson of Karnataka Sangeetha Nritya Academy
#National_Award_Winner

�#14𝐭𝐡_𝐀𝐮𝐠𝐮𝐬𝐭_𝐒𝐮𝐧𝐝𝐚𝐲👈
Thousands of Dancers performing under one platform for Vande Mataram song on the occasion of Independence day",TRUE,FALSE,FALSE,FALSE,FALSE,2022-08-12T02:02:19+0000
107248091187807_552267180019227,https://scontent.fccu3-1.fna.fbcdn.net/v/t39.30808-6/476034532_1137042794874993_1572386247797269352_n.jpg?_nc_cat=101&ccb=1-7&_nc_sid=833d8c&_nc_ohc=x5CfIufelLkQ7kNvwGsLXZL&_nc_oc=Ado5VWZ1bjqn2YP7FEfc-kesGEJjvpioptuLaGHc2LbxHlOU1M0diJj-F5D_wgET_SA&_nc_zt=23&_nc_ht=scontent.fccu3-1.fna&edm=AKIiGfEEAAAA&_nc_gid=d60DKvzX419Q67rlEf-J9w&_nc_tpa=Q5bMBQHzZ6Igc96hEWu-cUQ5J7sYlR1lepirOu3x7WEnxMYYTPsPUzlwhSV2rt5WXqA_d3X-3OXDFOrgpQ&oh=00_Af59IjPRWa1F74UU8eUIFvAflbrni2YGlXBFlhXCdQyTYw&oe=6A18EC07,https://scontent.fccu3-1.fna.fbcdn.net/v/t39.30808-6/476034532_1137042794874993_1572386247797269352_n.jpg?_nc_cat=101&ccb=1-7&_nc_sid=833d8c&_nc_ohc=x5CfIufelLkQ7kNvwGsLXZL&_nc_oc=Ado5VWZ1bjqn2YP7FEfc-kesGEJjvpioptuLaGHc2LbxHlOU1M0diJj-F5D_wgET_SA&_nc_zt=23&_nc_ht=scontent.fccu3-1.fna&edm=AKIiGfEEAAAA&_nc_gid=d60DKvzX419Q67rlEf-J9w&_nc_tpa=Q5bMBQFeSm9y37EoGgEmJ-UJgWvnxjQpwT6MKO-nE8tNmHkoiRM3WbNBAp6--1lx2zzcbugkDYWJjG5GLA&oh=00_Af65KXtPuE3-8AP4fDt-REZzKVAp7jz522_Rz0Az73m-ig&oe=6A18EC07,https://www.facebook.com/photo.php?fbid=552267153352563&set=a.448214567350458&type=3,960,684,photo,photo,"Invite you all for
Dance for India",https://www.facebook.com/1425872462917992/posts/552267180019227,"Invite you all for
Dance for India",TRUE,FALSE,FALSE,FALSE,FALSE,2022-08-12T02:01:26+0000
107248091187807_546005173978761,,,,,,link,native_templates,"When this happens, it's usually because the owner only shared it with a small group of people, changed who can see it or it's been deleted.",https://www.facebook.com/1425872462917992/posts/546005173978761,"#DANCE_FOR_INDIA
💃🇮🇳🕺🇮🇳💃🇮🇳🕺🇮🇳
BHARAT BOOK OF RECORD
👉#14𝐭𝐡_𝐀𝐮𝐠𝐮𝐬𝐭_𝐒𝐮𝐧𝐝𝐚𝐲👈
Hundreds of Dancers performing under one platform for Vande Mataram song on the occasion of Independence day.
👉#REGISTER_YOUR_SLOT👈
All the Masters with their team and upcoming dancers can join",TRUE,FALSE,FALSE,FALSE,FALSE,2022-08-03T12:58:58+0000
107248091187807_540467374532541,,,,,,link,native_templates,"When this happens, it's usually because the owner only shared it with a small group of people, changed who can see it or it's been deleted.",https://www.facebook.com/1425872462917992/posts/540467374532541,,TRUE,FALSE,FALSE,FALSE,FALSE,2022-07-26T16:36:50+0000
107248091187807_540464954532783,https://scontent.fccu31-2.fna.fbcdn.net/v/t39.30808-6/475789747_1136371488275457_6497286381425295916_n.jpg?stp=dst-jpg_p720x720_tt6&_nc_cat=108&ccb=1-7&_nc_sid=833d8c&_nc_ohc=xbyFOTx6jcQQ7kNvwFe7yy8&_nc_oc=Adod-k-tOdOrj69YNojN-YLoidRIGukwqIi1ScjVfb52pTlozrG5aITI5FHTa_doXNk&_nc_zt=23&_nc_ht=scontent.fccu31-2.fna&edm=AKIiGfEEAAAA&_nc_gid=d60DKvzX419Q67rlEf-J9w&_nc_tpa=Q5bMBQHywzQlcwcLWb5eUQ50jKDWJhNXpEQx81skYEEySJ-P3YNR22QrzGgTJvR5d7ayqiXqW_Tukxkh5A&oh=00_Af4kO936D_yLx9-d-ieUc6UOJjGaXvO7mx21-Cu8sAowZw&oe=6A18DFCF,https://scontent.fccu31-2.fna.fbcdn.net/v/t39.30808-6/475789747_1136371488275457_6497286381425295916_n.jpg?stp=dst-jpg_p720x720_tt6&_nc_cat=108&ccb=1-7&_nc_sid=833d8c&_nc_ohc=xbyFOTx6jcQQ7kNvwFe7yy8&_nc_oc=Adod-k-tOdOrj69YNojN-YLoidRIGukwqIi1ScjVfb52pTlozrG5aITI5FHTa_doXNk&_nc_zt=23&_nc_ht=scontent.fccu31-2.fna&edm=AKIiGfEEAAAA&_nc_gid=d60DKvzX419Q67rlEf-J9w&_nc_tpa=Q5bMBQFGn3Q4aidtnTPTJPwGOYYEgRmCGijJnu6uZDhQc8aN7eRd9MSyErd88Zkj6DTlDYUfn4PISBp0kw&oh=00_Af6Ehcc_XGg8rSoDW398WP-DXRKr-o6xQQHiSoy9AhoQwA&oe=6A18DFCF,https://www.facebook.com/photo.php?fbid=540464904532788&set=a.448214567350458&type=3,1082,720,photo,photo,"#DANCE_FOR_INDIA
💃🇮🇳🕺🇮🇳💃🇮🇳🕺🇮🇳
BHARAT BOOK OF RECORD
👉#14𝐭𝐡_𝐀𝐮𝐠𝐮𝐬𝐭_𝐒𝐮𝐧𝐝𝐚𝐲👈
Hundreds of Dancers performing under one platform for Vande Mataram song on the occasion of Independence day.
👉#REGISTER_YOUR_SLOT👈
All the Masters with their team and upcoming dancers can join",https://www.facebook.com/1425872462917992/posts/540464954532783,"#DANCE_FOR_INDIA
💃🇮🇳🕺🇮🇳💃🇮🇳🕺🇮🇳
BHARAT BOOK OF RECORD
👉#14𝐭𝐡_𝐀𝐮𝐠𝐮𝐬𝐭_𝐒𝐮𝐧𝐝𝐚𝐲👈
Hundreds of Dancers performing under one platform for Vande Mataram song on the occasion of Independence day.
👉#REGISTER_YOUR_SLOT👈
All the Masters with their team and upcoming dancers can join",TRUE,FALSE,FALSE,FALSE,FALSE,2022-07-26T16:31:47+0000
107248091187807_1412510487587523,https://scontent.fccu31-1.fna.fbcdn.net/v/t39.30808-6/696237866_1412510424254196_2061347122597473344_n.jpg?stp=dst-jpg_s720x720_tt6&_nc_cat=105&ccb=1-7&_nc_sid=127cfc&_nc_ohc=4RbjobNirH4Q7kNvwGjQgAQ&_nc_oc=Ado-k1mlQgd-bFeWZ4Uk-iXeuTVw_bRGNOhVl27e2_ijxLGtqe3wL-ylPMsosvwsUyQ&_nc_zt=23&_nc_ht=scontent.fccu31-1.fna&edm=AKIiGfEEAAAA&_nc_gid=d60DKvzX419Q67rlEf-J9w&_nc_tpa=Q5bMBQE4kax2727ZWucmw3wt_n9LtcOHSiAYJpMB5K9NaIGwg7iX4zxQDVSudjNzA5IAwaxNQHcpH9ykNQ&oh=00_Af45Hyr6YLyY5cf13kwApASEcgMx_BXqVrDvvKagTUnw8g&oe=6A18E58F,https://scontent.fccu31-1.fna.fbcdn.net/v/t39.30808-6/696237866_1412510424254196_2061347122597473344_n.jpg?stp=dst-jpg_s720x720_tt6&_nc_cat=105&ccb=1-7&_nc_sid=127cfc&_nc_ohc=4RbjobNirH4Q7kNvwGjQgAQ&_nc_oc=Ado-k1mlQgd-bFeWZ4Uk-iXeuTVw_bRGNOhVl27e2_ijxLGtqe3wL-ylPMsosvwsUyQ&_nc_zt=23&_nc_ht=scontent.fccu31-1.fna&edm=AKIiGfEEAAAA&_nc_gid=d60DKvzX419Q67rlEf-J9w&_nc_tpa=Q5bMBQE7TUrUto0Dnd1ccCj1KXyqPvKY-n0l9adpvbpFbSmdDjtMjkyu5gSmsZa3I5ZS30YH9O2rCooEAw&oh=00_Af7fIS2XENCq9i0WLFdYKcOpysvEHle_3f7lOUvelRuOgg&oe=6A18E58F,https://www.facebook.com/photo.php?fbid=1412510417587530&set=a.1322943403210899&type=3,720,720,photo,photo,"BHARAT BOOK OF RECORDS 
🏆 Nominations Open Now! 🏆
98457 32329 

National-Level Achievement Platform 🇮🇳

Nominate Yourself or Your Kids

Become a National-Level Record Holder and showcase your talent, achievements, creativity, skills & unique abilities on a prestigious platform! 🇮🇳

🏅 Achievers from all fields

💫 Let your talent create history!
💫 Get recognized at the National Level!
💫 Build confidence, recognition & inspiration!
📢 Limited Nominations Open
📞 Contact Now for Details & Registration
✨ Your Talent Deserves Recognition! ✨

—
🏆 BHARAT BOOK OF RECORDS
National-Level Achievement Platform 🇮🇳

#BharatBookOfRecords
#NationalLevelRecordHolder
#RecordHolder
#IndiaRecords
#TalentRecognition
#KidsTalent
#YoungAchievers
#ProudMoment
#AchievementUnlocked
#TalentOfIndia
#Inspiration
#SuccessJourney
#FutureStars
#IndianTalent
#WorldRecordAttempt
#CreativeKids
#AwardWinning
#Motivation
#BeAnInspiration
#DreamBig
#AchieveMore
#SocialMediaPromotion
#BangaloreEvents
#DrRajiniSantosh
#BeGoodDoGood",https://www.facebook.com/1425872462917992/posts/1412510487587523,"BHARAT BOOK OF RECORDS 
🏆 Nominations Open Now! 🏆
98457 32329 

National-Level Achievement Platform 🇮🇳

Nominate Yourself or Your Kids

Become a National-Level Record Holder and showcase your talent, achievements, creativity, skills & unique abilities on a prestigious platform! 🇮🇳

🏅 Achievers from all fields

💫 Let your talent create history!
💫 Get recognized at the National Level!
💫 Build confidence, recognition & inspiration!
📢 Limited Nominations Open
📞 Contact Now for Details & Registration
✨ Your Talent Deserves Recognition! ✨

—
🏆 BHARAT BOOK OF RECORDS
National-Level Achievement Platform 🇮🇳

#BharatBookOfRecords
#NationalLevelRecordHolder
#RecordHolder
#IndiaRecords
#TalentRecognition
#KidsTalent
#YoungAchievers
#ProudMoment
#AchievementUnlocked
#TalentOfIndia
#Inspiration
#SuccessJourney
#FutureStars
#IndianTalent
#WorldRecordAttempt
#CreativeKids
#AwardWinning
#Motivation
#BeAnInspiration
#DreamBig
#AchieveMore
#SocialMediaPromotion
#BangaloreEvents
#DrRajiniSantosh
#BeGoodDoGood",TRUE,FALSE,FALSE,FALSE,FALSE,2026-05-09T11:21:53+0000
107248091187807_1326980982807141,https://scontent.fccu31-2.fna.fbcdn.net/v/t39.30808-6/622609575_1326980949473811_3925744316216529696_n.jpg?stp=dst-jpg_p720x720_tt6&_nc_cat=103&ccb=1-7&_nc_sid=833d8c&_nc_ohc=CKENOyaquHgQ7kNvwHOpBt2&_nc_oc=AdrcFS-Je-MyaF8GbOTkQvvRWguh5JbGaU_NsHkqZf-vmfbjtOYzPgSzKXE1WmJaVJk&_nc_zt=23&_nc_ht=scontent.fccu31-2.fna&edm=AKIiGfEEAAAA&_nc_gid=d60DKvzX419Q67rlEf-J9w&_nc_tpa=Q5bMBQFObFEQmrL4XFZavAIwik9QU2IqeZm6HQwjIOXQKAeApmOvdUkbvd0NRidl4rrQKoRNKJQzxFnHUw&oh=00_Af7iCFyMJo9m9km9LrLy8GabnHOpJqUa5pnxf55q3Enz0A&oe=6A18C8BA,https://scontent.fccu31-2.fna.fbcdn.net/v/t39.30808-6/622609575_1326980949473811_3925744316216529696_n.jpg?stp=dst-jpg_p720x720_tt6&_nc_cat=103&ccb=1-7&_nc_sid=833d8c&_nc_ohc=CKENOyaquHgQ7kNvwHOpBt2&_nc_oc=AdrcFS-Je-MyaF8GbOTkQvvRWguh5JbGaU_NsHkqZf-vmfbjtOYzPgSzKXE1WmJaVJk&_nc_zt=23&_nc_ht=scontent.fccu31-2.fna&edm=AKIiGfEEAAAA&_nc_gid=d60DKvzX419Q67rlEf-J9w&_nc_tpa=Q5bMBQF1kTBeiLgVhpEgnEWg34Wkdkzzikdgpcx1N_PADQN4qfwR89erLEat9jyVSaIAyiAgYZskusmxfA&oh=00_Af6sqckifE5eSkTOy6x8JH4VEjknSG8ezyafISmKGK_agA&oe=6A18C8BA,https://www.facebook.com/photo.php?fbid=1326980942807145&set=a.448214567350458&type=3,737,720,photo,photo,"#Bharat_Book_of_Record 
🏅🇮🇳🏅🇮🇳🏅🇮🇳🏅🇮🇳🏅🇮🇳
Record Holder 

Name : Dr Hemavathi CH

Successful completion of 1008 Surya Namaskar in 9 hours on the auspicious occasion of Rathasapthami 2026,

 organized by Paripurna Yoga Kendra, Bengaluru, Karnataka, on 25th January 2026, with a group of 35 participants.

Your remarkable achievement has been verified, approved, and officially recorded in the prestigious 

BHARAT BOOK OF RECORDS",https://www.facebook.com/1425872462917992/posts/1326980982807141,"#Bharat_Book_of_Record 
🏅🇮🇳🏅🇮🇳🏅🇮🇳🏅🇮🇳🏅🇮🇳
Record Holder 

Name : Dr Hemavathi CH

Successful completion of 1008 Surya Namaskar in 9 hours on the auspicious occasion of Rathasapthami 2026,

 organized by Paripurna Yoga Kendra, Bengaluru, Karnataka, on 25th January 2026, with a group of 35 participants.

Your remarkable achievement has been verified, approved, and officially recorded in the prestigious 

BHARAT BOOK OF RECORDS",TRUE,FALSE,FALSE,FALSE,FALSE,2026-01-30T15:30:07+0000
107248091187807_1326083422896897,https://scontent.fccu31-1.fna.fbcdn.net/v/t39.30808-6/623364859_1326083362896903_3994780422875528331_n.jpg?stp=dst-jpg_p720x720_tt6&_nc_cat=100&ccb=1-7&_nc_sid=833d8c&_nc_ohc=Rj05tL3tN30Q7kNvwGsb9Qn&_nc_oc=Adovb2u2NEDZpR4gI13xcM1J8JbchvPtFBIRXsNSsL51mrkO70BXpsMA4uh0jk4CV30&_nc_zt=23&_nc_ht=scontent.fccu31-1.fna&edm=AKIiGfEEAAAA&_nc_gid=d60DKvzX419Q67rlEf-J9w&_nc_tpa=Q5bMBQFRzp4kVRXd2dl37-M6dLRwCih35pNUIgB6BAETmaSCB0WgP2EMO8Cb2K4OfaTaprpzLm4cKQLsng&oh=00_Af6Thp5UOkMpH83w7VK4U4j5gJ8GChNOffoq37-nTFMhvA&oe=6A18EE94,https://scontent.fccu31-1.fna.fbcdn.net/v/t39.30808-6/623364859_1326083362896903_3994780422875528331_n.jpg?stp=dst-jpg_p720x720_tt6&_nc_cat=100&ccb=1-7&_nc_sid=833d8c&_nc_ohc=Rj05tL3tN30Q7kNvwGsb9Qn&_nc_oc=Adovb2u2NEDZpR4gI13xcM1J8JbchvPtFBIRXsNSsL51mrkO70BXpsMA4uh0jk4CV30&_nc_zt=23&_nc_ht=scontent.fccu31-1.fna&edm=AKIiGfEEAAAA&_nc_gid=d60DKvzX419Q67rlEf-J9w&_nc_tpa=Q5bMBQG8ZmLGif5fs_AcQgKgZ6qV7zSLsN2vYLLK8iY8p917Wb2iamrpkyDmMKpuVxjnQVfGIGOyk3g3PQ&oh=00_Af4jF6O8XtoFny1zkiln-ZUEhGgXVoYfT7aGiNBxlz9MKQ&oe=6A18EE94,https://www.facebook.com/photo.php?fbid=1326083346230238&set=a.448214567350458&type=3,806,720,photo,photo,"#Bharat_Book_of_Record 
🏅🇮🇳🏅🇮🇳🏅🇮🇳🏅🇮🇳🏅🇮🇳
Record Holder 

Name : Malathi V

Successful completion of 1008 Surya Namaskar in 9 hours on the auspicious occasion of Rathasapthami 2026,

 organized by Paripurna Yoga Kendra, Bengaluru, Karnataka, on 25th January 2026, with a group of 35 participants.

Your remarkable achievement has been verified, approved, and officially recorded in the prestigious 

BHARAT BOOK OF RECORDS",https://www.facebook.com/1425872462917992/posts/1326083422896897,"#Bharat_Book_of_Record 
🏅🇮🇳🏅🇮🇳🏅🇮🇳🏅🇮🇳🏅🇮🇳
Record Holder 

Name : Malathi V

Successful completion of 1008 Surya Namaskar in 9 hours on the auspicious occasion of Rathasapthami 2026,

 organized by Paripurna Yoga Kendra, Bengaluru, Karnataka, on 25th January 2026, with a group of 35 participants.

Your remarkable achievement has been verified, approved, and officially recorded in the prestigious 

BHARAT BOOK OF RECORDS",TRUE,FALSE,FALSE,FALSE,FALSE,2026-01-29T14:59:52+0000
107248091187807_1326017842903455,https://scontent.fccu31-2.fna.fbcdn.net/v/t39.30808-6/622004619_1326017799570126_5466249259378102246_n.jpg?stp=dst-jpg_p720x720_tt6&_nc_cat=111&ccb=1-7&_nc_sid=833d8c&_nc_ohc=7-_ulayVOJcQ7kNvwGDdTyl&_nc_oc=AdrjQTHwkLmaHJ4UWb9pL7HKakIcp-mA_UBAX5TclYxBOPdi7JO7AN1fxO69Iib_tg4&_nc_zt=23&_nc_ht=scontent.fccu31-2.fna&edm=AKIiGfEEAAAA&_nc_gid=d60DKvzX419Q67rlEf-J9w&_nc_tpa=Q5bMBQGIijBzaQ5ss3xnfTtValXNtA1CVI-YR4fx1_VZklUjd7FTCoPaBMHNumbjsD9vY5mGhqmfDmq-ag&oh=00_Af5si3V_0FOSt-JuuH7vvg4hBedO-BC-O1L5YnhKZJH7-g&oe=6A18E0CB,https://scontent.fccu31-2.fna.fbcdn.net/v/t39.30808-6/622004619_1326017799570126_5466249259378102246_n.jpg?stp=dst-jpg_p720x720_tt6&_nc_cat=111&ccb=1-7&_nc_sid=833d8c&_nc_ohc=7-_ulayVOJcQ7kNvwGDdTyl&_nc_oc=AdrjQTHwkLmaHJ4UWb9pL7HKakIcp-mA_UBAX5TclYxBOPdi7JO7AN1fxO69Iib_tg4&_nc_zt=23&_nc_ht=scontent.fccu31-2.fna&edm=AKIiGfEEAAAA&_nc_gid=d60DKvzX419Q67rlEf-J9w&_nc_tpa=Q5bMBQHEdr8EB--yV-2Eb5BtGSxb6TnKPYZRM6UEbtjq8B-ATk9jvgB2CmyItmU4of8w6Efz9KFPNbGxkw&oh=00_Af5VaXSPWhSRmR9cBuKrd9KMUf3bk2ajRXxPACob_8ylFg&oe=6A18E0CB,https://www.facebook.com/photo.php?fbid=1326017792903460&set=a.448214567350458&type=3,775,720,photo,photo,"#Bharat_Book_of_Record 
🏅🇮🇳🏅🇮🇳🏅🇮🇳🏅🇮🇳🏅🇮🇳
Record Holder 

Name : Manasa Manjunath

Successful completion of 1008 Surya Namaskar in 9 hours on the auspicious occasion of Rathasapthami 2026,

 organized by Paripurna Yoga Kendra, Bengaluru, Karnataka, on 25th January 2026, with a group of 35 participants.

Your remarkable achievement has been verified, approved, and officially recorded in the prestigious 

BHARAT BOOK OF RECORDS",https://www.facebook.com/1425872462917992/posts/1326017842903455,"#Bharat_Book_of_Record 
🏅🇮🇳🏅🇮🇳🏅🇮🇳🏅🇮🇳🏅🇮🇳
Record Holder 

Name : Manasa Manjunath

Successful completion of 1008 Surya Namaskar in 9 hours on the auspicious occasion of Rathasapthami 2026,

 organized by Paripurna Yoga Kendra, Bengaluru, Karnataka, on 25th January 2026, with a group of 35 participants.

Your remarkable achievement has been verified, approved, and officially recorded in the prestigious 

BHARAT BOOK OF RECORDS",TRUE,FALSE,FALSE,FALSE,FALSE,2026-01-29T13:28:59+0000
107248091187807_1326017222903517,https://scontent.fccu31-1.fna.fbcdn.net/v/t39.30808-6/624697835_1326017186236854_7565250116022360593_n.jpg?stp=dst-jpg_p720x720_tt6&_nc_cat=107&ccb=1-7&_nc_sid=833d8c&_nc_ohc=irYOzHPyHk0Q7kNvwE-tS_W&_nc_oc=Adp3f68pNJ6oWIKu-PTycr1Cqd3xcv2XEtscJM0Qs-zfphTx36pPqGE-p2aZ_DXdf1c&_nc_zt=23&_nc_ht=scontent.fccu31-1.fna&edm=AKIiGfEEAAAA&_nc_gid=d60DKvzX419Q67rlEf-J9w&_nc_tpa=Q5bMBQEp0imzgB33UAcmM0OP19sUPsDhGV5F40mVQ95Ug12wKOQu44BWLigeLhl9O8JL624wXvmTqWcluA&oh=00_Af43R2sBpgcX5L4D1i8F-I2T9xrSvCI5vbKHNQK1Tx4nsA&oe=6A18EDCD,https://scontent.fccu31-1.fna.fbcdn.net/v/t39.30808-6/624697835_1326017186236854_7565250116022360593_n.jpg?stp=dst-jpg_p720x720_tt6&_nc_cat=107&ccb=1-7&_nc_sid=833d8c&_nc_ohc=irYOzHPyHk0Q7kNvwE-tS_W&_nc_oc=Adp3f68pNJ6oWIKu-PTycr1Cqd3xcv2XEtscJM0Qs-zfphTx36pPqGE-p2aZ_DXdf1c&_nc_zt=23&_nc_ht=scontent.fccu31-1.fna&edm=AKIiGfEEAAAA&_nc_gid=d60DKvzX419Q67rlEf-J9w&_nc_tpa=Q5bMBQHdHtrUKFVdl3xQFJwVgzJvhwIc2zy_yDSF9kLWDpJN2vXpdivBLzOG3a6f6oWR4CbLiPyplCSWtw&oh=00_Af53okikJwEyPP4EZpsMCZPGGMi7sj4SSWptRFhVzyZzlw&oe=6A18EDCD,https://www.facebook.com/photo.php?fbid=1326017179570188&set=a.448214567350458&type=3,877,720,photo,photo,"#Bharat_Book_of_Record 
🏅🇮🇳🏅🇮🇳🏅🇮🇳🏅🇮🇳🏅🇮🇳
Record Holder 

Name : Chaitra Kiran

Successful completion of 1008 Surya Namaskar in 9 hours on the auspicious occasion of Rathasapthami 2026,

 organized by Paripurna Yoga Kendra, Bengaluru, Karnataka, on 25th January 2026, with a group of 35 participants.

Your remarkable achievement has been verified, approved, and officially recorded in the prestigious 

BHARAT BOOK OF RECORDS",https://www.facebook.com/1425872462917992/posts/1326017222903517,"#Bharat_Book_of_Record 
🏅🇮🇳🏅🇮🇳🏅🇮🇳🏅🇮🇳🏅🇮🇳
Record Holder 

Name : Chaitra Kiran

Successful completion of 1008 Surya Namaskar in 9 hours on the auspicious occasion of Rathasapthami 2026,

 organized by Paripurna Yoga Kendra, Bengaluru, Karnataka, on 25th January 2026, with a group of 35 participants.

Your remarkable achievement has been verified, approved, and officially recorded in the prestigious 

BHARAT BOOK OF RECORDS",TRUE,FALSE,FALSE,FALSE,FALSE,2026-01-29T13:28:14+0000
107248091187807_1325656322939607,https://scontent.fccu31-1.fna.fbcdn.net/v/t39.30808-6/622413590_1325656289606277_3800720225517867954_n.jpg?stp=dst-jpg_p720x720_tt6&_nc_cat=100&ccb=1-7&_nc_sid=833d8c&_nc_ohc=I2E5iJs5xCUQ7kNvwFNpCUN&_nc_oc=AdogBJJzACMvlKsYHrO4aHtlC73S9d7sARHbIEiuLJ2sHA5sVge0PmpUuFJH0-UytFQ&_nc_zt=23&_nc_ht=scontent.fccu31-1.fna&edm=AKIiGfEEAAAA&_nc_gid=d60DKvzX419Q67rlEf-J9w&_nc_tpa=Q5bMBQEuulfmbPVwRLKa0mRp_cfwpmQHDkhTaNa74V1eknjkY65hDHOiFc-D0bmSw_VI8jtzHeEgfexMHg&oh=00_Af4kvd_IUSQufLnvgpdf21ubOxL9invlYXkEn1ONumINVg&oe=6A18D324,https://scontent.fccu31-1.fna.fbcdn.net/v/t39.30808-6/622413590_1325656289606277_3800720225517867954_n.jpg?stp=dst-jpg_p720x720_tt6&_nc_cat=100&ccb=1-7&_nc_sid=833d8c&_nc_ohc=I2E5iJs5xCUQ7kNvwFNpCUN&_nc_oc=AdogBJJzACMvlKsYHrO4aHtlC73S9d7sARHbIEiuLJ2sHA5sVge0PmpUuFJH0-UytFQ&_nc_zt=23&_nc_ht=scontent.fccu31-1.fna&edm=AKIiGfEEAAAA&_nc_gid=d60DKvzX419Q67rlEf-J9w&_nc_tpa=Q5bMBQE2ssYVnSbKaIiNzRTpgAnFNxaUq4keDXQJjseadjJWo-xXQFnlw4B0IdJ5smhwXUmf8H7EunwbRg&oh=00_Af7G3eEdvADZh0rnvB02gdvighgKQC5hLOAciQHYQcHVlg&oe=6A18D324,https://www.facebook.com/photo.php?fbid=1325656286272944&set=a.448214567350458&type=3,803,720,photo,photo,"#Bharat_Book_of_Record 
🏅🇮🇳🏅🇮🇳🏅🇮🇳🏅🇮🇳🏅🇮🇳
Record Holder 

Name : Tanuja M

Successful completion of 1008 Surya Namaskar in 9 hours on the auspicious occasion of Rathasapthami 2026,

 organized by Paripurna Yoga Kendra, Bengaluru, Karnataka, on 25th January 2026, with a group of 35 participants.

Your remarkable achievement has been verified, approved, and officially recorded in the prestigious 

BHARAT BOOK OF RECORDS",https://www.facebook.com/1425872462917992/posts/1325656322939607,"#Bharat_Book_of_Record 
🏅🇮🇳🏅🇮🇳🏅🇮🇳🏅🇮🇳🏅🇮🇳
Record Holder 

Name : Tanuja M

Successful completion of 1008 Surya Namaskar in 9 hours on the auspicious occasion of Rathasapthami 2026,

 organized by Paripurna Yoga Kendra, Bengaluru, Karnataka, on 25th January 2026, with a group of 35 participants.

Your remarkable achievement has been verified, approved, and officially recorded in the prestigious 

BHARAT BOOK OF RECORDS",TRUE,FALSE,FALSE,FALSE,FALSE,2026-01-29T03:35:23+0000
107248091187807_1325653942939845,https://scontent.fccu31-2.fna.fbcdn.net/v/t39.30808-6/619674338_1325653899606516_4342402718187814163_n.jpg?stp=dst-jpg_p720x720_tt6&_nc_cat=109&ccb=1-7&_nc_sid=833d8c&_nc_ohc=YTpck7HTgnMQ7kNvwF8P6Xd&_nc_oc=AdqptO_3jPRi29zbIfIym_n8eY66XNgU-C0qbR0D1CSD8whdsJaf6_0StbfNiKxUvXk&_nc_zt=23&_nc_ht=scontent.fccu31-2.fna&edm=AKIiGfEEAAAA&_nc_gid=d60DKvzX419Q67rlEf-J9w&_nc_tpa=Q5bMBQHW6a9YeWzHLrnMYbZ-IT07_Vh_3lmEGyK4ff7hY29sKZNvHlHT8MXnGcgHCxn2Z7ItdoinmohwIw&oh=00_Af6b4oOpTelOeBEfP9UrWiPO3Vq7nw-7a-FdHWCGvsJCkQ&oe=6A18CDD8,https://scontent.fccu31-2.fna.fbcdn.net/v/t39.30808-6/619674338_1325653899606516_4342402718187814163_n.jpg?stp=dst-jpg_p720x720_tt6&_nc_cat=109&ccb=1-7&_nc_sid=833d8c&_nc_ohc=YTpck7HTgnMQ7kNvwF8P6Xd&_nc_oc=AdqptO_3jPRi29zbIfIym_n8eY66XNgU-C0qbR0D1CSD8whdsJaf6_0StbfNiKxUvXk&_nc_zt=23&_nc_ht=scontent.fccu31-2.fna&edm=AKIiGfEEAAAA&_nc_gid=d60DKvzX419Q67rlEf-J9w&_nc_tpa=Q5bMBQF8AC2p_CqfQICf90VNkNkfutFNgXOr6BOlBT3rR7jDN0b6ONnmSA4an0oVGdca32UmACNz9SSVOg&oh=00_Af4xdTfHUyzisjtcRjVBzrtCX3E8bMN7MwMsKbANGXnbmQ&oe=6A18CDD8,https://www.facebook.com/photo.php?fbid=1325653896273183&set=a.448214567350458&type=3,796,720,photo,photo,"#Bharat_Book_of_Record 
🏅🇮🇳🏅🇮🇳🏅🇮🇳🏅🇮🇳🏅🇮🇳
Record Holder 

Name : Priti Kumar

Successful completion of 1008 Surya Namaskar in 9 hours on the auspicious occasion of Rathasapthami 2026,

 organized by Paripurna Yoga Kendra, Bengaluru, Karnataka, on 25th January 2026, with a group of 35 participants.

Your remarkable achievement has been verified, approved, and officially recorded in the prestigious 

BHARAT BOOK OF RECORDS",https://www.facebook.com/1425872462917992/posts/1325653942939845,"#Bharat_Book_of_Record 
🏅🇮🇳🏅🇮🇳🏅🇮🇳🏅🇮🇳🏅🇮🇳
Record Holder 

Name : Priti Kumar

Successful completion of 1008 Surya Namaskar in 9 hours on the auspicious occasion of Rathasapthami 2026,

 organized by Paripurna Yoga Kendra, Bengaluru, Karnataka, on 25th January 2026, with a group of 35 participants.

Your remarkable achievement has been verified, approved, and officially recorded in the prestigious 

BHARAT BOOK OF RECORDS",TRUE,FALSE,FALSE,FALSE,FALSE,2026-01-29T03:31:07+0000
107248091187807_1324791509692755,https://scontent.fccu3-1.fna.fbcdn.net/v/t39.30808-6/621736291_1324791223026117_5723845417870261515_n.jpg?stp=dst-jpg_p720x720_tt6&_nc_cat=106&ccb=1-7&_nc_sid=833d8c&_nc_ohc=5cp4nR9rzG4Q7kNvwG2IE_c&_nc_oc=AdpxoNLRDO4NVyhaNom0N16XfDR44sHssU6m-MGsg3gCmdxaAA0X1jSD1ioi5SVQM0Q&_nc_zt=23&_nc_ht=scontent.fccu3-1.fna&edm=AKIiGfEEAAAA&_nc_gid=d60DKvzX419Q67rlEf-J9w&_nc_tpa=Q5bMBQFq5HRH33qWqhMbvCo-ScEwIqdS2dEq_F9RenvviLw7aIOQqixFxblIhiyRx7kFBvoevA1vujeGKQ&oh=00_Af53nJ0-yUwm1bRyWcPXR8ID6wvDCmn4ys2AHKY5HNQfmw&oe=6A18CD13,https://scontent.fccu3-1.fna.fbcdn.net/v/t39.30808-6/621736291_1324791223026117_5723845417870261515_n.jpg?stp=dst-jpg_p720x720_tt6&_nc_cat=106&ccb=1-7&_nc_sid=833d8c&_nc_ohc=5cp4nR9rzG4Q7kNvwG2IE_c&_nc_oc=AdpxoNLRDO4NVyhaNom0N16XfDR44sHssU6m-MGsg3gCmdxaAA0X1jSD1ioi5SVQM0Q&_nc_zt=23&_nc_ht=scontent.fccu3-1.fna&edm=AKIiGfEEAAAA&_nc_gid=d60DKvzX419Q67rlEf-J9w&_nc_tpa=Q5bMBQGoc4K5RoKfGBwxkEfmwBKPGtocFt_aGy-V2E_dA3RRZv7rVs1Y6Hb13PMCM7bZO35febSg_qi79g&oh=00_Af4OAgVivufAJW5-5k_UYnd7WasX1Cn70zG8yyOseNmKAg&oe=6A18CD13,https://www.facebook.com/photo.php?fbid=1324791219692784&set=a.448214567350458&type=3,778,720,photo,photo,"#Bharat_Book_of_Record 
🏅🇮🇳🏅🇮🇳🏅🇮🇳🏅🇮🇳🏅🇮🇳
Record Holder 

Name : Laxmi I Havanur

Successful completion of 1008 Surya Namaskar in 9 hours on the auspicious occasion of Rathasapthami 2026,

 organized by Paripurna Yoga Kendra, Bengaluru, Karnataka, on 25th January 2026, with a group of 35 participants.

Your remarkable achievement has been verified, approved, and officially recorded in the prestigious 

BHARAT BOOK OF RECORDS",https://www.facebook.com/1425872462917992/posts/1324791509692755,"#Bharat_Book_of_Record 
🏅🇮🇳🏅🇮🇳🏅🇮🇳🏅🇮🇳🏅🇮🇳
Record Holder 

Name : Laxmi I Havanur

Successful completion of 1008 Surya Namaskar in 9 hours on the auspicious occasion of Rathasapthami 2026,

 organized by Paripurna Yoga Kendra, Bengaluru, Karnataka, on 25th January 2026, with a group of 35 participants.

Your remarkable achievement has been verified, approved, and officially recorded in the prestigious 

BHARAT BOOK OF RECORDS",TRUE,FALSE,FALSE,FALSE,FALSE,2026-01-28T03:23:32+0000
107248091187807_1324791079692798,https://scontent.fccu31-2.fna.fbcdn.net/v/t39.30808-6/619685328_1324791056359467_1283440300367530690_n.jpg?stp=dst-jpg_p720x720_tt6&_nc_cat=103&ccb=1-7&_nc_sid=833d8c&_nc_ohc=Yd0OCVsCcxwQ7kNvwFnuoUk&_nc_oc=Ado0gs90kGDTaW1uP8hpM3wbQnHYNcXA-5yxZMaQFxykYZg5nIyd1kPcx6FnC3kFJms&_nc_zt=23&_nc_ht=scontent.fccu31-2.fna&edm=AKIiGfEEAAAA&_nc_gid=d60DKvzX419Q67rlEf-J9w&_nc_tpa=Q5bMBQHCictxJNMfESt2XxeWVs4Cvc0KzoliuzXCUnxZS4z3EgCUF-eb1qB-AelDAJkPcLG3uToKR94qdw&oh=00_Af737JpgtOP9bIy0MVWbwmVKOe6UaOpdH_wjWLNUWNkReA&oe=6A18C766,https://scontent.fccu31-2.fna.fbcdn.net/v/t39.30808-6/619685328_1324791056359467_1283440300367530690_n.jpg?stp=dst-jpg_p720x720_tt6&_nc_cat=103&ccb=1-7&_nc_sid=833d8c&_nc_ohc=Yd0OCVsCcxwQ7kNvwFnuoUk&_nc_oc=Ado0gs90kGDTaW1uP8hpM3wbQnHYNcXA-5yxZMaQFxykYZg5nIyd1kPcx6FnC3kFJms&_nc_zt=23&_nc_ht=scontent.fccu31-2.fna&edm=AKIiGfEEAAAA&_nc_gid=d60DKvzX419Q67rlEf-J9w&_nc_tpa=Q5bMBQEkW8N9AOIxoBX3nPGrdId9RHxMTBUf3S2OP1p7YxRg2CkhpQtU9cLJ6fLTrv5wytALqsvFbL_LuA&oh=00_Af7Q4ADJ7JzJ1AXgctaxE7lZS6Yo8Ffjhgoa_mDlHAWenA&oe=6A18C766,https://www.facebook.com/photo.php?fbid=1324791046359468&set=a.448214567350458&type=3,796,720,photo,photo,"#Bharat_Book_of_Record 
🏅🇮🇳🏅🇮🇳🏅🇮🇳🏅🇮🇳🏅🇮🇳
Record Holder 

Name : Priti Kumari

Successful completion of 1008 Surya Namaskar in 9 hours on the auspicious occasion of Rathasapthami 2026,

 organized by Paripurna Yoga Kendra, Bengaluru, Karnataka, on 25th January 2026, with a group of 35 participants.

Your remarkable achievement has been verified, approved, and officially recorded in the prestigious 

BHARAT BOOK OF RECORDS",https://www.facebook.com/1425872462917992/posts/1324791079692798,"#Bharat_Book_of_Record 
🏅🇮🇳🏅🇮🇳🏅🇮🇳🏅🇮🇳🏅🇮🇳
Record Holder 

Name : Priti Kumari

Successful completion of 1008 Surya Namaskar in 9 hours on the auspicious occasion of Rathasapthami 2026,

 organized by Paripurna Yoga Kendra, Bengaluru, Karnataka, on 25th January 2026, with a group of 35 participants.

Your remarkable achievement has been verified, approved, and officially recorded in the prestigious 

BHARAT BOOK OF RECORDS",TRUE,FALSE,FALSE,FALSE,FALSE,2026-01-28T03:23:03+0000
107248091187807_1324790843026155,https://scontent.fccu31-1.fna.fbcdn.net/v/t39.30808-6/621174445_1324790803026159_5724565489558838990_n.jpg?stp=dst-jpg_p720x720_tt6&_nc_cat=105&ccb=1-7&_nc_sid=833d8c&_nc_ohc=NG_HohIQW2cQ7kNvwHTv2yU&_nc_oc=AdotdJ5RJZOA1B6_LCTYfWtWot5XkMwQhddTGwVWUVaOfZfSHDEK9b2hGBcWb2WHXA4&_nc_zt=23&_nc_ht=scontent.fccu31-1.fna&edm=AKIiGfEEAAAA&_nc_gid=d60DKvzX419Q67rlEf-J9w&_nc_tpa=Q5bMBQG8r-Bm5KLKCq_G4X-60Dw0e4NKdR7hcZy0AusBlykB8yfFHUSA2qFGP1JMnc9sVpcxENwTSU5oaw&oh=00_Af6XHXE_BgaNBTHTSTnlU5Zi9oU7wEnk8IN4bHCHV5peCg&oe=6A18EB66,https://scontent.fccu31-1.fna.fbcdn.net/v/t39.30808-6/621174445_1324790803026159_5724565489558838990_n.jpg?stp=dst-jpg_p720x720_tt6&_nc_cat=105&ccb=1-7&_nc_sid=833d8c&_nc_ohc=NG_HohIQW2cQ7kNvwHTv2yU&_nc_oc=AdotdJ5RJZOA1B6_LCTYfWtWot5XkMwQhddTGwVWUVaOfZfSHDEK9b2hGBcWb2WHXA4&_nc_zt=23&_nc_ht=scontent.fccu31-1.fna&edm=AKIiGfEEAAAA&_nc_gid=d60DKvzX419Q67rlEf-J9w&_nc_tpa=Q5bMBQF_zUvYV2mNb3gmGNbkTPEZJPhAL16oVNnmmERUwkd-yVepRd8cmqbyZzY0VNo80y6cNu2xkjgghQ&oh=00_Af6dORKsvje4FN74KqLjGELcxLeqM9H7NNVdhwms1lxhpQ&oe=6A18EB66,https://www.facebook.com/photo.php?fbid=1324790799692826&set=a.448214567350458&type=3,935,720,photo,photo,"#Bharat_Book_of_Record 
🏅🇮🇳🏅🇮🇳🏅🇮🇳🏅🇮🇳🏅🇮🇳
Record Holder 

Name : Navyashree A R

Successful completion of 1008 Surya Namaskar in 9 hours on the auspicious occasion of Rathasapthami 2026,

 organized by Paripurna Yoga Kendra, Bengaluru, Karnataka, on 25th January 2026, with a group of 35 participants.

Your remarkable achievement has been verified, approved, and officially recorded in the prestigious 

BHARAT BOOK OF RECORDS",https://www.facebook.com/1425872462917992/posts/1324790843026155,"#Bharat_Book_of_Record 
🏅🇮🇳🏅🇮🇳🏅🇮🇳🏅🇮🇳🏅🇮🇳
Record Holder 

Name : Navyashree A R

Successful completion of 1008 Surya Namaskar in 9 hours on the auspicious occasion of Rathasapthami 2026,

 organized by Paripurna Yoga Kendra, Bengaluru, Karnataka, on 25th January 2026, with a group of 35 participants.

Your remarkable achievement has been verified, approved, and officially recorded in the prestigious 

BHARAT BOOK OF RECORDS",TRUE,FALSE,FALSE,FALSE,FALSE,2026-01-28T03:22:49+0000
107248091187807_1324790623026177,https://scontent.fccu31-2.fna.fbcdn.net/v/t39.30808-6/624336168_1324790579692848_2360305848938468109_n.jpg?stp=dst-jpg_p720x720_tt6&_nc_cat=103&ccb=1-7&_nc_sid=833d8c&_nc_ohc=IJ4jL_HSUBQQ7kNvwHN9tkJ&_nc_oc=AdrD_5lP32Nk6XSaOV4dDHsQtdyeRgY1136z1raBhJssBUPOEylLOwRDsxA-igKgu5s&_nc_zt=23&_nc_ht=scontent.fccu31-2.fna&edm=AKIiGfEEAAAA&_nc_gid=d60DKvzX419Q67rlEf-J9w&_nc_tpa=Q5bMBQHS0Wnewqx-GAdbNu9y8X4M8r_WDnaKNqdqSTqyrYPJ_KF53BRA4Q63ZlZPhnZN6bnnqhi_egaklw&oh=00_Af5vnqbzzitlzmf2WfTf6-6re55d2VaKWYMpiL_1fRnSnw&oe=6A18DE13,https://scontent.fccu31-2.fna.fbcdn.net/v/t39.30808-6/624336168_1324790579692848_2360305848938468109_n.jpg?stp=dst-jpg_p720x720_tt6&_nc_cat=103&ccb=1-7&_nc_sid=833d8c&_nc_ohc=IJ4jL_HSUBQQ7kNvwHN9tkJ&_nc_oc=AdrD_5lP32Nk6XSaOV4dDHsQtdyeRgY1136z1raBhJssBUPOEylLOwRDsxA-igKgu5s&_nc_zt=23&_nc_ht=scontent.fccu31-2.fna&edm=AKIiGfEEAAAA&_nc_gid=d60DKvzX419Q67rlEf-J9w&_nc_tpa=Q5bMBQFdIlR5JV9uy2dpSpBHn6LZpa2X0QsH3plGOSBjxhYnzoRFIdCiq8F2qoOBz4KhfAJSUvc3gBZx9g&oh=00_Af4QJ8XklxPDVuYt7018mPZpbgDDG3h7pZTd9o3-ETE54w&oe=6A18DE13,https://www.facebook.com/photo.php?fbid=1324790569692849&set=a.448214567350458&type=3,793,720,photo,photo,"#Bharat_Book_of_Record 
🏅🇮🇳🏅🇮🇳🏅🇮🇳🏅🇮🇳🏅🇮🇳
Record Holder 

Name SURABHI RAMACHAND

Successful completion of 1008 Surya Namaskar in 9 hours on the auspicious occasion of Rathasapthami 2026,

 organized by Paripurna Yoga Kendra, Bengaluru, Karnataka, on 25th January 2026, with a group of 35 participants.

Your remarkable achievement has been verified, approved, and officially recorded in the prestigious 

BHARAT BOOK OF RECORDS",https://www.facebook.com/1425872462917992/posts/1324790623026177,"#Bharat_Book_of_Record 
🏅🇮🇳🏅🇮🇳🏅🇮🇳🏅🇮🇳🏅🇮🇳
Record Holder 

Name SURABHI RAMACHAND

Successful completion of 1008 Surya Namaskar in 9 hours on the auspicious occasion of Rathasapthami 2026,

 organized by Paripurna Yoga Kendra, Bengaluru, Karnataka, on 25th January 2026, with a group of 35 participants.

Your remarkable achievement has been verified, approved, and officially recorded in the prestigious 

BHARAT BOOK OF RECORDS",TRUE,FALSE,FALSE,FALSE,FALSE,2026-01-28T03:22:35+0000
107248091187807_1324790339692872,https://scontent.fccu31-2.fna.fbcdn.net/v/t39.30808-6/622784142_1324790286359544_5572007889049904841_n.jpg?stp=dst-jpg_p720x720_tt6&_nc_cat=109&ccb=1-7&_nc_sid=833d8c&_nc_ohc=SemYWZ3CX6AQ7kNvwGdE3kK&_nc_oc=AdrPqh80eUh1mxCb_ILo_QR8qGRis1PenxPMtJ8jtmKiyCe2bzZN8FRE6PUMg8tGFNs&_nc_zt=23&_nc_ht=scontent.fccu31-2.fna&edm=AKIiGfEEAAAA&_nc_gid=d60DKvzX419Q67rlEf-J9w&_nc_tpa=Q5bMBQFfyQc5Hob1XI0u38gd22ho2antflRZfkCEnGX5_7uJudyAvpJtthMaRR4XQELMIve8Cfd4WSsFmw&oh=00_Af5S351fopgCZC54nEp0TRiNYMOeCu00MaF3rFLnjWU-KA&oe=6A18D38F,https://scontent.fccu31-2.fna.fbcdn.net/v/t39.30808-6/622784142_1324790286359544_5572007889049904841_n.jpg?stp=dst-jpg_p720x720_tt6&_nc_cat=109&ccb=1-7&_nc_sid=833d8c&_nc_ohc=SemYWZ3CX6AQ7kNvwGdE3kK&_nc_oc=AdrPqh80eUh1mxCb_ILo_QR8qGRis1PenxPMtJ8jtmKiyCe2bzZN8FRE6PUMg8tGFNs&_nc_zt=23&_nc_ht=scontent.fccu31-2.fna&edm=AKIiGfEEAAAA&_nc_gid=d60DKvzX419Q67rlEf-J9w&_nc_tpa=Q5bMBQH6NE2Bdv5QV8dzHKJKMT__FOsx9Tz6enOZz0YVzF6_1KoCWMCAkadHOH3sCGMQHsFCtqPo_DWSWQ&oh=00_Af6yBDX41cy3DK3OjOIVrvxg2i3Usxte2EZdrCLjCRPXwg&oe=6A18D38F,https://www.facebook.com/photo.php?fbid=1324790279692878&set=a.448214567350458&type=3,829,720,photo,photo,"#Bharat_Book_of_Record 
🏅🇮🇳🏅🇮🇳🏅🇮🇳🏅🇮🇳🏅🇮🇳
Record Holder 

Name : Sharada K

Successful completion of 1008 Surya Namaskar in 9 hours on the auspicious occasion of Rathasapthami 2026,

 organized by Paripurna Yoga Kendra, Bengaluru, Karnataka, on 25th January 2026, with a group of 35 participants.

Your remarkable achievement has been verified, approved, and officially recorded in the prestigious 

BHARAT BOOK OF RECORDS",https://www.facebook.com/1425872462917992/posts/1324790339692872,"#Bharat_Book_of_Record 
🏅🇮🇳🏅🇮🇳🏅🇮🇳🏅🇮🇳🏅🇮🇳
Record Holder 

Name : Sharada K

Successful completion of 1008 Surya Namaskar in 9 hours on the auspicious occasion of Rathasapthami 2026,

 organized by Paripurna Yoga Kendra, Bengaluru, Karnataka, on 25th January 2026, with a group of 35 participants.

Your remarkable achievement has been verified, approved, and officially recorded in the prestigious 

BHARAT BOOK OF RECORDS",TRUE,FALSE,FALSE,FALSE,FALSE,2026-01-28T03:22:17+0000
107248091187807_1324790066359566,https://scontent.fccu31-1.fna.fbcdn.net/v/t39.30808-6/624566655_1324790009692905_1600347430804905963_n.jpg?stp=dst-jpg_p720x720_tt6&_nc_cat=100&ccb=1-7&_nc_sid=833d8c&_nc_ohc=dPYj-_2n0jAQ7kNvwEqa3yP&_nc_oc=Adq9vBKhmDKfOqAmwjGGUFCw8_0xnyUs5Q5eA_7n3CoqjQXOmWGF9Qy2T4HV6Xrdomw&_nc_zt=23&_nc_ht=scontent.fccu31-1.fna&edm=AKIiGfEEAAAA&_nc_gid=d60DKvzX419Q67rlEf-J9w&_nc_tpa=Q5bMBQFUgJ7VP3hwxVhXRmrUcoygH1W3P_gr_GhhEahDIISk72AKeAIpNMXhM-2wFpjF0VPrRXcYFSBhXw&oh=00_Af4kFcqHkml3-vOrNmHmkCpniYb1wDcS1sNVHeRDHi8-Rg&oe=6A18E046,https://scontent.fccu31-1.fna.fbcdn.net/v/t39.30808-6/624566655_1324790009692905_1600347430804905963_n.jpg?stp=dst-jpg_p720x720_tt6&_nc_cat=100&ccb=1-7&_nc_sid=833d8c&_nc_ohc=dPYj-_2n0jAQ7kNvwEqa3yP&_nc_oc=Adq9vBKhmDKfOqAmwjGGUFCw8_0xnyUs5Q5eA_7n3CoqjQXOmWGF9Qy2T4HV6Xrdomw&_nc_zt=23&_nc_ht=scontent.fccu31-1.fna&edm=AKIiGfEEAAAA&_nc_gid=d60DKvzX419Q67rlEf-J9w&_nc_tpa=Q5bMBQFm0f00PC4QLIasIekzvsSHR-GfHncCAn24bfdRQy6ChLZUHqz59YPDDp-sS6nmPK9jswFSwuWP5A&oh=00_Af7hEW8_EyfiQWLqXXFQo-H8fUmcfslyU9GdY6AW-b66Yg&oe=6A18E046,https://www.facebook.com/photo.php?fbid=1324790003026239&set=a.448214567350458&type=3,824,720,photo,photo,"#Bharat_Book_of_Record 
🏅🇮🇳🏅🇮🇳🏅🇮🇳🏅🇮🇳🏅🇮🇳
Record Holder 

Name : Vishal M

Successful completion of 1008 Surya Namaskar in 9 hours on the auspicious occasion of Rathasapthami 2026,

 organized by Paripurna Yoga Kendra, Bengaluru, Karnataka, on 25th January 2026, with a group of 35 participants.

Your remarkable achievement has been verified, approved, and officially recorded in the prestigious 

BHARAT BOOK OF RECORDS",https://www.facebook.com/1425872462917992/posts/1324790066359566,"#Bharat_Book_of_Record 
🏅🇮🇳🏅🇮🇳🏅🇮🇳🏅🇮🇳🏅🇮🇳
Record Holder 

Name : Vishal M

Successful completion of 1008 Surya Namaskar in 9 hours on the auspicious occasion of Rathasapthami 2026,

 organized by Paripurna Yoga Kendra, Bengaluru, Karnataka, on 25th January 2026, with a group of 35 participants.

Your remarkable achievement has been verified, approved, and officially recorded in the prestigious 

BHARAT BOOK OF RECORDS",TRUE,FALSE,FALSE,FALSE,FALSE,2026-01-28T03:21:59+0000
107248091187807_1324789843026255,https://scontent.fccu31-2.fna.fbcdn.net/v/t39.30808-6/623211215_1324789816359591_5229584050656069714_n.jpg?stp=dst-jpg_p720x720_tt6&_nc_cat=109&ccb=1-7&_nc_sid=833d8c&_nc_ohc=5lq2Pnua-fwQ7kNvwHii2Mz&_nc_oc=AdrEfx8UmwFltIat9PCfuIyyjah-jdp6PsArk4Y6dO6lnzaONq_f1j_fMogk6I8C1uE&_nc_zt=23&_nc_ht=scontent.fccu31-2.fna&edm=AKIiGfEEAAAA&_nc_gid=d60DKvzX419Q67rlEf-J9w&_nc_tpa=Q5bMBQGDv2ieTRpNIXL-V8_Hkpd9yLKkCaEaSF5eqZm7JI7shTsspHdkkHs3Hqcn_Yg4GWhGrtjcQiS_lg&oh=00_Af4BzYBGNw8HC2RzSG9IHxjh_7J_ORzoJ3cXT8HZLYknIw&oe=6A18F0B8,https://scontent.fccu31-2.fna.fbcdn.net/v/t39.30808-6/623211215_1324789816359591_5229584050656069714_n.jpg?stp=dst-jpg_p720x720_tt6&_nc_cat=109&ccb=1-7&_nc_sid=833d8c&_nc_ohc=5lq2Pnua-fwQ7kNvwHii2Mz&_nc_oc=AdrEfx8UmwFltIat9PCfuIyyjah-jdp6PsArk4Y6dO6lnzaONq_f1j_fMogk6I8C1uE&_nc_zt=23&_nc_ht=scontent.fccu31-2.fna&edm=AKIiGfEEAAAA&_nc_gid=d60DKvzX419Q67rlEf-J9w&_nc_tpa=Q5bMBQEQLLIl5vHLqoFrdJA1SUY0_7KYo6KzdAhLndoBPoBOZiugTGwVrGmvMO5LvFur-2uihJDe_R_UZg&oh=00_Af6pehs_OifAD9gx7jE4jWV2mhTHALhdj4HYM14RhKehDQ&oe=6A18F0B8,https://www.facebook.com/photo.php?fbid=1324789809692925&set=a.448214567350458&type=3,818,720,photo,photo,"#Bharat_Book_of_Record 
🏅🇮🇳🏅🇮🇳🏅🇮🇳🏅🇮🇳🏅🇮🇳
Record Holder 

Successful completion of 1008 Surya Namaskar in 9 hours on the auspicious occasion of Rathasapthami 2026,

 organized by Paripurna Yoga Kendra, Bengaluru, Karnataka, on 25th January 2026, with a group of 35 participants.

Your remarkable achievement has been verified, approved, and officially recorded in the prestigious 

BHARAT BOOK OF RECORDS",https://www.facebook.com/1425872462917992/posts/1324789843026255,"#Bharat_Book_of_Record 
🏅🇮🇳🏅🇮🇳🏅🇮🇳🏅🇮🇳🏅🇮🇳
Record Holder 

Successful completion of 1008 Surya Namaskar in 9 hours on the auspicious occasion of Rathasapthami 2026,

 organized by Paripurna Yoga Kendra, Bengaluru, Karnataka, on 25th January 2026, with a group of 35 participants.

Your remarkable achievement has been verified, approved, and officially recorded in the prestigious 

BHARAT BOOK OF RECORDS",TRUE,FALSE,FALSE,FALSE,FALSE,2026-01-28T03:21:42+0000
107248091187807_1324789676359605,https://scontent.fccu3-1.fna.fbcdn.net/v/t39.30808-6/622918220_1324789609692945_3569372417713382030_n.jpg?stp=dst-jpg_s960x960_tt6&_nc_cat=102&ccb=1-7&_nc_sid=833d8c&_nc_ohc=3nAnjTisnRcQ7kNvwHd1MNx&_nc_oc=AdqaKRUPUvFMi5MQIvMIoHTH9xKQ4QKiePlon0tzD0AwJrJNTt8VYmvrAbArNLbMFks&_nc_zt=23&_nc_ht=scontent.fccu3-1.fna&edm=AKIiGfEEAAAA&_nc_gid=d60DKvzX419Q67rlEf-J9w&_nc_tpa=Q5bMBQFEheYwVD7v63x9AA5Szz1MG1IQELuwA4dNqN3CwKPyOw3wws7UWmP7bvdce-rAaUykvSKbrDH_6A&oh=00_Af5-oW8qJ32TNvVQvrbVOgsSxS0bMVteARWhZtM-oXyg6Q&oe=6A18CCB3,https://scontent.fccu3-1.fna.fbcdn.net/v/t39.30808-6/622918220_1324789609692945_3569372417713382030_n.jpg?stp=dst-jpg_s960x960_tt6&_nc_cat=102&ccb=1-7&_nc_sid=833d8c&_nc_ohc=3nAnjTisnRcQ7kNvwHd1MNx&_nc_oc=AdqaKRUPUvFMi5MQIvMIoHTH9xKQ4QKiePlon0tzD0AwJrJNTt8VYmvrAbArNLbMFks&_nc_zt=23&_nc_ht=scontent.fccu3-1.fna&edm=AKIiGfEEAAAA&_nc_gid=d60DKvzX419Q67rlEf-J9w&_nc_tpa=Q5bMBQGmsoJcsSGFbzGTD3TU1lz-nfeX7sgTudL1_44CpHUWUvdqJoslSGVjwrbK373inad9pazX70_2CA&oh=00_Af5YVKP3qMyzasEtiJ4iiwQNXKEgJxNPq-V8cHNF2VL_Mw&oe=6A18CCB3,https://www.facebook.com/photo.php?fbid=1324789606359612&set=a.448214567350458&type=3,960,721,photo,photo,"#Bharat_Book_of_Record 
🏅🇮🇳🏅🇮🇳🏅🇮🇳🏅🇮🇳🏅🇮🇳
Record Holder 

Name : Chandranna N

Successful completion of 1008 Surya Namaskar in 9 hours on the auspicious occasion of Rathasapthami 2026,

 organized by Paripurna Yoga Kendra, Bengaluru, Karnataka, on 25th January 2026, with a group of 35 participants.

Your remarkable achievement has been verified, approved, and officially recorded in the prestigious 

BHARAT BOOK OF RECORDS",https://www.facebook.com/1425872462917992/posts/1324789676359605,"#Bharat_Book_of_Record 
🏅🇮🇳🏅🇮🇳🏅🇮🇳🏅🇮🇳🏅🇮🇳
Record Holder 

Name : Chandranna N

Successful completion of 1008 Surya Namaskar in 9 hours on the auspicious occasion of Rathasapthami 2026,

 organized by Paripurna Yoga Kendra, Bengaluru, Karnataka, on 25th January 2026, with a group of 35 participants.

Your remarkable achievement has been verified, approved, and officially recorded in the prestigious 

BHARAT BOOK OF RECORDS",TRUE,FALSE,FALSE,FALSE,FALSE,2026-01-28T03:21:28+0000
107248091187807_1324789483026291,https://scontent.fccu31-2.fna.fbcdn.net/v/t39.30808-6/619875212_1324789429692963_1156177110933281495_n.jpg?stp=dst-jpg_p720x720_tt6&_nc_cat=108&ccb=1-7&_nc_sid=833d8c&_nc_ohc=omSynHen1BsQ7kNvwEVX3S4&_nc_oc=Adr6zMgHppNN5KNkcT9iolnE91xx6KLbzOo9El9gWn4BsCY7ZEdr5OkuyGbIhTiGWs0&_nc_zt=23&_nc_ht=scontent.fccu31-2.fna&edm=AKIiGfEEAAAA&_nc_gid=d60DKvzX419Q67rlEf-J9w&_nc_tpa=Q5bMBQG-OKcyUL3-jF6YdrxDVtyTru9RpVa4nqmwFWDTN9lqRVHZzMTRQDrcysYMayyMqbMlk9e82lFKhg&oh=00_Af5H7nSPmIR0763vXV4vQwdB2VlPnmPqkJENJ5fefcMwXA&oe=6A18EF78,https://scontent.fccu31-2.fna.fbcdn.net/v/t39.30808-6/619875212_1324789429692963_1156177110933281495_n.jpg?stp=dst-jpg_p720x720_tt6&_nc_cat=108&ccb=1-7&_nc_sid=833d8c&_nc_ohc=omSynHen1BsQ7kNvwEVX3S4&_nc_oc=Adr6zMgHppNN5KNkcT9iolnE91xx6KLbzOo9El9gWn4BsCY7ZEdr5OkuyGbIhTiGWs0&_nc_zt=23&_nc_ht=scontent.fccu31-2.fna&edm=AKIiGfEEAAAA&_nc_gid=d60DKvzX419Q67rlEf-J9w&_nc_tpa=Q5bMBQE6PzmPCeM02EG2irUHzvbeDZDYKLCRTjAP8dy682AnDQ6QVaV6RPihMwpWV90cQtJaT4CT0IBMIQ&oh=00_Af4yrDq0Ol_aKlvEi9on_ZRAbwI6H3M0BanCNn4pa8IB2g&oe=6A18EF78,https://www.facebook.com/photo.php?fbid=1324789426359630&set=a.448214567350458&type=3,870,720,photo,photo,"#Bharat_Book_of_Record 
🏅🇮🇳🏅🇮🇳🏅🇮🇳🏅🇮🇳🏅🇮🇳
Record Holder 

Name : Prakruthi Ramya p

Successful completion of 1008 Surya Namaskar in 9 hours on the auspicious occasion of Rathasapthami 2026,

 organized by Paripurna Yoga Kendra, Bengaluru, Karnataka, on 25th January 2026, with a group of 35 participants.

Your remarkable achievement has been verified, approved, and officially recorded in the prestigious 

BHARAT BOOK OF RECORDS",https://www.facebook.com/1425872462917992/posts/1324789483026291,"#Bharat_Book_of_Record 
🏅🇮🇳🏅🇮🇳🏅🇮🇳🏅🇮🇳🏅🇮🇳
Record Holder 

Name : Prakruthi Ramya p

Successful completion of 1008 Surya Namaskar in 9 hours on the auspicious occasion of Rathasapthami 2026,

 organized by Paripurna Yoga Kendra, Bengaluru, Karnataka, on 25th January 2026, with a group of 35 participants.

Your remarkable achievement has been verified, approved, and officially recorded in the prestigious 

BHARAT BOOK OF RECORDS",TRUE,FALSE,FALSE,FALSE,FALSE,2026-01-28T03:21:16+0000
107248091187807_1322943406544232,https://scontent.fccu31-2.fna.fbcdn.net/v/t39.30808-6/619900209_1322943369877569_5679163274769052342_n.jpg?stp=dst-jpg_p720x720_tt6&_nc_cat=103&ccb=1-7&_nc_sid=127cfc&_nc_ohc=oMG6FSgT2jcQ7kNvwFPj8cm&_nc_oc=AdrM3bK4iTykfMOB9TUrs35C8P1FNHDO9kc9kDgX1YXAS1B2G_P-bIyHohegHOSvAr0&_nc_zt=23&_nc_ht=scontent.fccu31-2.fna&edm=AKIiGfEEAAAA&_nc_gid=d60DKvzX419Q67rlEf-J9w&_nc_tpa=Q5bMBQFz27fN6rPrNWheoED9JyBCvpiZVYSNIEQvZD4fZM7D8ZYpSyRHm8KJ3x136cNTRB6id0nXSg5yLw&oh=00_Af4IcIR0f92smjuoOfwSEC-CWt9RKVyJ1TKduEa8eDC-Jw&oe=6A18C6FB,https://scontent.fccu31-2.fna.fbcdn.net/v/t39.30808-6/619900209_1322943369877569_5679163274769052342_n.jpg?stp=dst-jpg_p720x720_tt6&_nc_cat=103&ccb=1-7&_nc_sid=127cfc&_nc_ohc=oMG6FSgT2jcQ7kNvwFPj8cm&_nc_oc=AdrM3bK4iTykfMOB9TUrs35C8P1FNHDO9kc9kDgX1YXAS1B2G_P-bIyHohegHOSvAr0&_nc_zt=23&_nc_ht=scontent.fccu31-2.fna&edm=AKIiGfEEAAAA&_nc_gid=d60DKvzX419Q67rlEf-J9w&_nc_tpa=Q5bMBQGWuqRe4gxMmx2oOq_K7vvBXVzqmcsOV40I_PFWnq0e1og0lVvE37g-9QveoT2PvDgJvmY1BcVPmA&oh=00_Af4z7zZLvIak6ltowatccOmsKR6JLicJvHSXtWWC1OgQ8w&oe=6A18C6FB,https://www.facebook.com/photo.php?fbid=1322943359877570&set=a.1322943403210899&type=3,919,720,photo,photo,"#Bharat_Book_of_Record 
🏅🇮🇳🏅🇮🇳🏅🇮🇳🏅🇮🇳🏅🇮🇳
Record Holder 

Name : Pavitra N

Successful completion of 1008 Surya Namaskar in 9 hours on the auspicious occasion of Rathasapthami 2026,

 organized by Paripurna Yoga Kendra, Bengaluru, Karnataka, on 25th January 2026, with a group of 35 participants.

Your remarkable achievement has been verified, approved, and officially recorded in the prestigious 

BHARAT BOOK OF RECORDS",https://www.facebook.com/1425872462917992/posts/1322943406544232,"#Bharat_Book_of_Record 
🏅🇮🇳🏅🇮🇳🏅🇮🇳🏅🇮🇳🏅🇮🇳
Record Holder 

Name : Pavitra N

Successful completion of 1008 Surya Namaskar in 9 hours on the auspicious occasion of Rathasapthami 2026,

 organized by Paripurna Yoga Kendra, Bengaluru, Karnataka, on 25th January 2026, with a group of 35 participants.

Your remarkable achievement has been verified, approved, and officially recorded in the prestigious 

BHARAT BOOK OF RECORDS",TRUE,FALSE,FALSE,FALSE,FALSE,2026-01-26T02:35:25+0000
107248091187807_1283040343867872,https://scontent.fccu31-1.fna.fbcdn.net/v/t39.30808-6/594964395_1283040357201204_8958391421302442046_n.jpg?stp=dst-jpg_s720x720_tt6&_nc_cat=100&ccb=1-7&_nc_sid=833d8c&_nc_ohc=ntyHQBFlYZ4Q7kNvwH0j3MI&_nc_oc=Adrwc9hApC2wTPjp8IPy5Bb82TA2VVx4DZuPtCv9g1Bjp86PzHssKDE7Xd6iWCZoVmc&_nc_zt=23&_nc_ht=scontent.fccu31-1.fna&edm=AKIiGfEEAAAA&_nc_gid=d60DKvzX419Q67rlEf-J9w&_nc_tpa=Q5bMBQG-C-nxRavcB6deNDguN_jPAYRo5YpWvR7fWf25MPIRSVdYswzQC3fWCR_fTNfPFEjgIXJtWAIRbw&oh=00_Af5DolOkJ73WPo6jtAAw9MlEO5_ggTdrWyYm-15Tg4xPOw&oe=6A18C61C,https://scontent.fccu31-1.fna.fbcdn.net/v/t39.30808-6/594964395_1283040357201204_8958391421302442046_n.jpg?stp=dst-jpg_s720x720_tt6&_nc_cat=100&ccb=1-7&_nc_sid=833d8c&_nc_ohc=ntyHQBFlYZ4Q7kNvwH0j3MI&_nc_oc=Adrwc9hApC2wTPjp8IPy5Bb82TA2VVx4DZuPtCv9g1Bjp86PzHssKDE7Xd6iWCZoVmc&_nc_zt=23&_nc_ht=scontent.fccu31-1.fna&edm=AKIiGfEEAAAA&_nc_gid=d60DKvzX419Q67rlEf-J9w&_nc_tpa=Q5bMBQHYxyhkrhWjgJGbLBm0IgiNMgQjdngCIHbK69VKGJ1dSGu1WzwGv_hvmy9IJooecUgMZvMRBiyShg&oh=00_Af5RVy7Tw7ydsX3nf6aPrVdtLTI1WdOWPE9c-cebNkfJ2A&oe=6A18C61C,https://www.facebook.com/photo.php?fbid=1283040320534541&set=a.448214567350458&type=3,720,720,photo,photo,🇮🇳🏅🇮🇳BHARAT BOOK OF RECORDS 🇮🇳🏅🇮🇳,https://www.facebook.com/1425872462917992/posts/1283040343867872,🇮🇳🏅🇮🇳BHARAT BOOK OF RECORDS 🇮🇳🏅🇮🇳,TRUE,FALSE,FALSE,FALSE,FALSE,2025-12-05T16:20:10+0000
107248091187807_1134218495416725,https://scontent.fccu31-2.fna.fbcdn.net/v/t39.30808-6/504868704_1134218525416722_1865353085244123121_n.jpg?stp=dst-jpg_p720x720_tt6&_nc_cat=103&ccb=1-7&_nc_sid=833d8c&_nc_ohc=VVs8i5Lx1RcQ7kNvwG7Ui2Z&_nc_oc=AdqjTmJCuQC3As8JS4MqTWncVzFXGBSABSaqPheLe3f-ofMx4fAmygpvAPpTuly3IRE&_nc_zt=23&_nc_ht=scontent.fccu31-2.fna&edm=AKIiGfEEAAAA&_nc_gid=d60DKvzX419Q67rlEf-J9w&_nc_tpa=Q5bMBQGBu925Jl3XMgN1sYuvdEx3-2tTLSngqHlL83q38PL8-yLhuS13X37bCsVy9Gbbi6G5n1EROdgJZA&oh=00_Af5htDbJMLUXyiqH6sXqbdRalATK5BHhD0OVlxmhpCov3Q&oe=6A18DE1D,https://scontent.fccu31-2.fna.fbcdn.net/v/t39.30808-6/504868704_1134218525416722_1865353085244123121_n.jpg?stp=dst-jpg_p720x720_tt6&_nc_cat=103&ccb=1-7&_nc_sid=833d8c&_nc_ohc=VVs8i5Lx1RcQ7kNvwG7Ui2Z&_nc_oc=AdqjTmJCuQC3As8JS4MqTWncVzFXGBSABSaqPheLe3f-ofMx4fAmygpvAPpTuly3IRE&_nc_zt=23&_nc_ht=scontent.fccu31-2.fna&edm=AKIiGfEEAAAA&_nc_gid=d60DKvzX419Q67rlEf-J9w&_nc_tpa=Q5bMBQGK8mGBLJzhwIztXUNk5YBavG5NXbP_yae4tGbFMct8M6VrycUtn1D0L00sutegT0ULGZxUb0BhOA&oh=00_Af5V8WvUr39ZcGlm53XJsZFwCZhLg1FHpViVqCAaO7vAJA&oe=6A18DE1D,https://www.facebook.com/photo.php?fbid=1134218458750062&set=a.448214567350458&type=3,1190,720,photo,photo,"#Bharat_Book_of_Record 

Record Holder 

GURU: SHUBASREE

Best Dance Teacher of the Year-2025

For Having A Positive Attitude and Great Dance Technique! which has been verified approved and accepted to be a part of The prestigious book awards

BHARAT BOOK OF RECORDS",https://www.facebook.com/1425872462917992/posts/1134218495416725,"#Bharat_Book_of_Record 

Record Holder 

GURU: SHUBASREE

Best Dance Teacher of the Year-2025

For Having A Positive Attitude and Great Dance Technique! which has been verified approved and accepted to be a part of The prestigious book awards

BHARAT BOOK OF RECORDS",TRUE,FALSE,FALSE,FALSE,FALSE,2025-06-10T17:40:50+0000
107248091187807_1130968692408372,https://scontent.fccu31-1.fna.fbcdn.net/v/t39.30808-6/504833930_1130968725741702_6926245833693342737_n.jpg?stp=dst-jpg_p720x720_tt6&_nc_cat=107&ccb=1-7&_nc_sid=833d8c&_nc_ohc=vl9mszyAQqYQ7kNvwHzqodQ&_nc_oc=AdofArqsLMmc2wLcWedLny_86lE3zElmK49PWjp7U9oxd9W2r7TgMt481vd5VHFiqbk&_nc_zt=23&_nc_ht=scontent.fccu31-1.fna&edm=AKIiGfEEAAAA&_nc_gid=d60DKvzX419Q67rlEf-J9w&_nc_tpa=Q5bMBQFECBTNOKTrKrAuSDuSlHCCZRY2jXwh_QgNJOmnCOPq8Jfo6YXzsBRNaSZjpaA4rASZvb0h5JNqeg&oh=00_Af6zE8QmvDtnTMKBfEtHMylMFrXU_GG9H86a0_Ab-C5DuA&oe=6A18C763,https://scontent.fccu31-1.fna.fbcdn.net/v/t39.30808-6/504833930_1130968725741702_6926245833693342737_n.jpg?stp=dst-jpg_p720x720_tt6&_nc_cat=107&ccb=1-7&_nc_sid=833d8c&_nc_ohc=vl9mszyAQqYQ7kNvwHzqodQ&_nc_oc=AdofArqsLMmc2wLcWedLny_86lE3zElmK49PWjp7U9oxd9W2r7TgMt481vd5VHFiqbk&_nc_zt=23&_nc_ht=scontent.fccu31-1.fna&edm=AKIiGfEEAAAA&_nc_gid=d60DKvzX419Q67rlEf-J9w&_nc_tpa=Q5bMBQHDK1HVXtrrLPlcAP8pWa5Y-EXxZXizxEFBJz0yrtgw8I9grgALmx02Wom7KHgyqe9qJJjupJN7lA&oh=00_Af5I7YlrfsElVV6UuMn6-CtW1R2nbopkir_UTf5kbWIPGA&oe=6A18C763,https://www.facebook.com/photo.php?fbid=1130968659075042&set=a.448214567350458&type=3,938,720,photo,photo,"#Bharat_Book_of_Record 

Record Holder 

GURU: HAMSAVENI

Best Dance Teacher of the Year-2025

For Having A Positive Attitude and Great Dance Technique! which has been verified approved and accepted to be a part of The prestigious book awards

BHARAT BOOK OF RECORDS",https://www.facebook.com/1425872462917992/posts/1130968692408372,"#Bharat_Book_of_Record 

Record Holder 

GURU: HAMSAVENI

Best Dance Teacher of the Year-2025

For Having A Positive Attitude and Great Dance Technique! which has been verified approved and accepted to be a part of The prestigious book awards

BHARAT BOOK OF RECORDS",TRUE,FALSE,FALSE,FALSE,FALSE,2025-06-06T14:15:03+0000
107248091187807_1129864432518798,https://scontent.fccu31-2.fna.fbcdn.net/v/t39.30808-6/503000982_1129864442518797_8249873337330588196_n.jpg?stp=dst-jpg_p720x720_tt6&_nc_cat=108&ccb=1-7&_nc_sid=833d8c&_nc_ohc=fbDZNmlBCEgQ7kNvwHQRWzA&_nc_oc=AdqHjoR1BKSqTZPQ07fmwpvFV4zlXgmTKE-cvExBARGdPdJSz4nmwknrNten_PJW7dY&_nc_zt=23&_nc_ht=scontent.fccu31-2.fna&edm=AKIiGfEEAAAA&_nc_gid=d60DKvzX419Q67rlEf-J9w&_nc_tpa=Q5bMBQE5FMEdWy4AGFL9E6TapEmhABgG8AcHVJkCc4xYyX5znBmA9xRBmSu0DQnuKI2vPrrX3TWCi6NzSQ&oh=00_Af7eklpRjnAxuPRckYAybPzb2TRmbLO9svo5q-0RArmubw&oe=6A18EB27,https://scontent.fccu31-2.fna.fbcdn.net/v/t39.30808-6/503000982_1129864442518797_8249873337330588196_n.jpg?stp=dst-jpg_p720x720_tt6&_nc_cat=108&ccb=1-7&_nc_sid=833d8c&_nc_ohc=fbDZNmlBCEgQ7kNvwHQRWzA&_nc_oc=AdqHjoR1BKSqTZPQ07fmwpvFV4zlXgmTKE-cvExBARGdPdJSz4nmwknrNten_PJW7dY&_nc_zt=23&_nc_ht=scontent.fccu31-2.fna&edm=AKIiGfEEAAAA&_nc_gid=d60DKvzX419Q67rlEf-J9w&_nc_tpa=Q5bMBQGv10kOq9tD6_PzBnYqbRrehFWpcRbkPofdpGdNaMKxP8otMJF-agbTauqFg6TJXvoNwbrtaRCrqw&oh=00_Af5LMlrg3DJBVfyG7RHlYYnbHOAobXv1Jp-pSMwy6cUVbA&oe=6A18EB27,https://www.facebook.com/photo.php?fbid=1129864392518802&set=a.448214567350458&type=3,1002,720,photo,photo,"#Bharat_Book_of_Record 

Record Holder 

GURU: DHANALAKSHMI 

Best Dance Teacher of the Year-2025

For Having A Positive Attitude and Great Dance Technique! which has been verified approved and accepted to be a part of The prestigious book awards

BHARAT BOOK OF RECORDS",https://www.facebook.com/1425872462917992/posts/1129864432518798,"#Bharat_Book_of_Record 

Record Holder 

GURU: DHANALAKSHMI 

Best Dance Teacher of the Year-2025

For Having A Positive Attitude and Great Dance Technique! which has been verified approved and accepted to be a part of The prestigious book awards

BHARAT BOOK OF RECORDS",TRUE,FALSE,FALSE,FALSE,FALSE,2025-06-05T03:57:43+0000
107248091187807_1127010336137541,https://scontent.fccu31-2.fna.fbcdn.net/v/t39.30808-6/502535344_1127010309470877_3763795373519108378_n.jpg?_nc_cat=103&ccb=1-7&_nc_sid=833d8c&_nc_ohc=txQauuwCnjIQ7kNvwEE37X9&_nc_oc=AdqE2TKBsYEJQlZwj8OqN_WR63c1FSFP9bV0XNhZ7z7mt-EHM3dHMiVtbWd5Jai3Ji8&_nc_zt=23&_nc_ht=scontent.fccu31-2.fna&edm=AKIiGfEEAAAA&_nc_gid=d60DKvzX419Q67rlEf-J9w&_nc_tpa=Q5bMBQG3XD74rrS33KEp197VJPpahcqR5gsbhSKXCWxTWhmYN0wtdz92iSHWUPZ1vBXyv6XTVE0-iB4_WA&oh=00_Af4B3BueO-5CWn_jOZFHhfeP63YN66kxapXO8GZWDbZrcA&oe=6A18C382,https://scontent.fccu31-2.fna.fbcdn.net/v/t39.30808-6/502535344_1127010309470877_3763795373519108378_n.jpg?_nc_cat=103&ccb=1-7&_nc_sid=833d8c&_nc_ohc=txQauuwCnjIQ7kNvwEE37X9&_nc_oc=AdqE2TKBsYEJQlZwj8OqN_WR63c1FSFP9bV0XNhZ7z7mt-EHM3dHMiVtbWd5Jai3Ji8&_nc_zt=23&_nc_ht=scontent.fccu31-2.fna&edm=AKIiGfEEAAAA&_nc_gid=d60DKvzX419Q67rlEf-J9w&_nc_tpa=Q5bMBQEuILdXIicU9tjNVnqvi30G0H1pCrP-fpVOAw5OLZXEqvKunl_LMWhTgd3DOVSzIZ0e4AB9GUBGxA&oh=00_Af4sCs62qOfJfZXpyYpvxKeqYKF_LKHesO98B6LWTFCc7w&oe=6A18C382,https://www.facebook.com/photo.php?fbid=1127010306137544&set=a.448214567350458&type=3,891,657,photo,photo,"#Bharat_Book_of_Record 

Record Holder 

GURU: KAVITHA MG

Best Dance Teacher of the Year-2025

For Having A Positive Attitude and Great Dance Technique! which has been verified approved and accepted to be a part of The prestigious book awards

BHARAT BOOK OF RECORDS",https://www.facebook.com/1425872462917992/posts/1127010336137541,"#Bharat_Book_of_Record 

Record Holder 

GURU: KAVITHA MG

Best Dance Teacher of the Year-2025

For Having A Positive Attitude and Great Dance Technique! which has been verified approved and accepted to be a part of The prestigious book awards

BHARAT BOOK OF RECORDS",TRUE,FALSE,FALSE,FALSE,FALSE,2025-06-01T13:45:34+0000
107248091187807_1126310612874180,https://scontent.fccu31-1.fna.fbcdn.net/v/t39.30808-6/502629142_1126310632874178_4429680709753666986_n.jpg?stp=dst-jpg_p720x720_tt6&_nc_cat=100&ccb=1-7&_nc_sid=833d8c&_nc_ohc=YrfenNnV24EQ7kNvwEhY3I1&_nc_oc=AdoS_rxb19dUOeVIVCjhOIPF_ehVlQYGkjJql-Ntf_sSRUgZf0cFWOKXUBlPdvOea0Y&_nc_zt=23&_nc_ht=scontent.fccu31-1.fna&edm=AKIiGfEEAAAA&_nc_gid=d60DKvzX419Q67rlEf-J9w&_nc_tpa=Q5bMBQENAYKa64dT_-ISeDTxBgSrJ4LiqPZs-0fkpssqL1itY8oYfZnWpQeQJX85UiAe-JSS3rOhgOIotQ&oh=00_Af73Cx11xKAFhX7Rswsmw8A3-hWgoJo5KJgwlLidtspFMQ&oe=6A18D7B7,https://scontent.fccu31-1.fna.fbcdn.net/v/t39.30808-6/502629142_1126310632874178_4429680709753666986_n.jpg?stp=dst-jpg_p720x720_tt6&_nc_cat=100&ccb=1-7&_nc_sid=833d8c&_nc_ohc=YrfenNnV24EQ7kNvwEhY3I1&_nc_oc=AdoS_rxb19dUOeVIVCjhOIPF_ehVlQYGkjJql-Ntf_sSRUgZf0cFWOKXUBlPdvOea0Y&_nc_zt=23&_nc_ht=scontent.fccu31-1.fna&edm=AKIiGfEEAAAA&_nc_gid=d60DKvzX419Q67rlEf-J9w&_nc_tpa=Q5bMBQHQkJehdFOioV7L_vlmVbFIiKUzXjaG2aRUfpA895jWUE6y85l9rl2d8h9IUpHWXrVTGr9VNvn3eQ&oh=00_Af75aj6h7Jx2hLs-GN8zlVK_ACPdK9h3ChisRowb3qQ46Q&oe=6A18D7B7,https://www.facebook.com/photo.php?fbid=1126310579540850&set=a.448214567350458&type=3,1012,720,photo,photo,"#Bharat_Book_of_Record 

Record Holder 

GURU: APPU RAM

Best Dance Teacher of the Year-2025

For Having A Positive Attitude and Great Dance Technique! which has been verified approved and accepted to be a part of The prestigious book awards

BHARAT BOOK OF RECORDS",https://www.facebook.com/1425872462917992/posts/1126310612874180,"#Bharat_Book_of_Record 

Record Holder 

GURU: APPU RAM

Best Dance Teacher of the Year-2025

For Having A Positive Attitude and Great Dance Technique! which has been verified approved and accepted to be a part of The prestigious book awards

BHARAT BOOK OF RECORDS",TRUE,FALSE,FALSE,FALSE,FALSE,2025-05-31T15:40:10+0000
107248091187807_1126308716207703,https://scontent.fccu31-2.fna.fbcdn.net/v/t39.30808-6/503104294_1126308679541040_168401512358104769_n.jpg?_nc_cat=103&ccb=1-7&_nc_sid=833d8c&_nc_ohc=xYfu04X2HxEQ7kNvwGuq2Jj&_nc_oc=AdquvIz6kGzFypOZ-Lht2kKtGq7Vfr_qxmhav0F8RAkWoy18WOFN8_mGTeW4-KlOYd4&_nc_zt=23&_nc_ht=scontent.fccu31-2.fna&edm=AKIiGfEEAAAA&_nc_gid=d60DKvzX419Q67rlEf-J9w&_nc_tpa=Q5bMBQFqYp9YibPTn_EqMC25KzlIFPfDV_fiXsfUlaI1q_6AlydgyORcxwvkiN4cekznowG3t_26ypfZeg&oh=00_Af6cMEYDu-2LX_pxoZWpJoY7hy5jd3jRJ2XD7dvTMJ4QtQ&oe=6A18CB96,https://scontent.fccu31-2.fna.fbcdn.net/v/t39.30808-6/503104294_1126308679541040_168401512358104769_n.jpg?_nc_cat=103&ccb=1-7&_nc_sid=833d8c&_nc_ohc=xYfu04X2HxEQ7kNvwGuq2Jj&_nc_oc=AdquvIz6kGzFypOZ-Lht2kKtGq7Vfr_qxmhav0F8RAkWoy18WOFN8_mGTeW4-KlOYd4&_nc_zt=23&_nc_ht=scontent.fccu31-2.fna&edm=AKIiGfEEAAAA&_nc_gid=d60DKvzX419Q67rlEf-J9w&_nc_tpa=Q5bMBQGJOzDM3139bDhDH1b5bi72t4YRIe817dz14cur0XPWqCRa3bJnC2LiZQrjLT87TrNUhwdPVlNyKA&oh=00_Af4uMtaJOnP_l9NQ9LI7OR2UN0y3is_a464bko9D0hBL3A&oe=6A18CB96,https://www.facebook.com/photo.php?fbid=1126308672874374&set=a.448214567350458&type=3,1280,719,photo,photo,"#Bharat_Book_of_Record 

Record Holder 

GURU: LAKSHMI SREE GOWRI N

Best Dance Teacher of the Year-2025

For Having A Positive Attitude and Great Dance Technique! which has been verified approved and accepted to be a part of The prestigious book awards

BHARAT BOOK OF RECORDS",https://www.facebook.com/1425872462917992/posts/1126308716207703,"#Bharat_Book_of_Record 

Record Holder 

GURU: LAKSHMI SREE GOWRI N

Best Dance Teacher of the Year-2025

For Having A Positive Attitude and Great Dance Technique! which has been verified approved and accepted to be a part of The prestigious book awards

BHARAT BOOK OF RECORDS",TRUE,FALSE,FALSE,FALSE,FALSE,2025-05-31T15:37:41+0000
107248091187807_1126050062900235,https://scontent.fccu31-2.fna.fbcdn.net/v/t39.30808-6/502657025_1126050039566904_3371827924822795286_n.jpg?stp=dst-jpg_p720x720_tt6&_nc_cat=108&ccb=1-7&_nc_sid=833d8c&_nc_ohc=i3QzAHB7354Q7kNvwGFMlpD&_nc_oc=AdrBWMvmxX_GW4WypzXVbeda9XEX3-TcJqlPo9fgVQH4JfkPdFt4cr5P8rLPamY1qhA&_nc_zt=23&_nc_ht=scontent.fccu31-2.fna&edm=AKIiGfEEAAAA&_nc_gid=d60DKvzX419Q67rlEf-J9w&_nc_tpa=Q5bMBQEJCBm-LZ4NIHlGSZxgAmOdyO9tQdeakaESXETTLakdhjJedIhq8F0c5DM7LaiakdKmuRWRqDvZXw&oh=00_Af6w7VC3d9AIALtlth-fEYDD_1s2WZzQj0Nx3JPuFhJjTg&oe=6A18C42A,https://scontent.fccu31-2.fna.fbcdn.net/v/t39.30808-6/502657025_1126050039566904_3371827924822795286_n.jpg?stp=dst-jpg_p720x720_tt6&_nc_cat=108&ccb=1-7&_nc_sid=833d8c&_nc_ohc=i3QzAHB7354Q7kNvwGFMlpD&_nc_oc=AdrBWMvmxX_GW4WypzXVbeda9XEX3-TcJqlPo9fgVQH4JfkPdFt4cr5P8rLPamY1qhA&_nc_zt=23&_nc_ht=scontent.fccu31-2.fna&edm=AKIiGfEEAAAA&_nc_gid=d60DKvzX419Q67rlEf-J9w&_nc_tpa=Q5bMBQHDCMWMoARx4P2gEcDO8BS6Vz121QDnQUjXOUj2oj_8DLm1DXrBm7asP9CvoNYOtav4uen3npywrQ&oh=00_Af6jq0pYpk1WibC8y-FlMGqBle-9pJPe06TAYgHQbNzVpg&oe=6A18C42A,https://www.facebook.com/photo.php?fbid=1126050036233571&set=a.448214567350458&type=3,799,720,photo,photo,"#Bharat_Book_of_Record 

Record Holder 

DANCESCHOOL: ANYA DANCE CREW 

Best Dance School of the Year-2025

For Having A Positive Attitude and Great Dance Technique! which has been verified approved and accepted to be a part of The prestigious book awards

BHARAT BOOK OF RECORDS",https://www.facebook.com/1425872462917992/posts/1126050062900235,"#Bharat_Book_of_Record 

Record Holder 

DANCESCHOOL: ANYA DANCE CREW 

Best Dance School of the Year-2025

For Having A Positive Attitude and Great Dance Technique! which has been verified approved and accepted to be a part of The prestigious book awards

BHARAT BOOK OF RECORDS",TRUE,FALSE,FALSE,FALSE,FALSE,2025-05-31T08:28:52+0000
107248091187807_1126049382900303,https://scontent.fccu31-1.fna.fbcdn.net/v/t39.30808-6/502917177_1126049359566972_6714018182430054202_n.jpg?stp=dst-jpg_p720x720_tt6&_nc_cat=107&ccb=1-7&_nc_sid=833d8c&_nc_ohc=VCKxMNCLaxgQ7kNvwEx-_nn&_nc_oc=Adpw-y3CW1GFSx26wzZSX-0CdwKfrDVIKMPFpYsT7H8A8z-nSIrhY-7uajxgIy8SyYU&_nc_zt=23&_nc_ht=scontent.fccu31-1.fna&edm=AKIiGfEEAAAA&_nc_gid=0PrDcyjr46WUg0DF5ixRXA&_nc_tpa=Q5bMBQFMZMCngL5oFKRrbpl5xLbjpc5g1b6vi7azM-k2f_66TaGAVY0pNm8RgsYoW7MVvMya215O5eqxeA&oh=00_Af5JZN4IS2XYmxc3XvRGj7mBw6Ui5swQPMbLyXTBMLNpJA&oe=6A18E094,https://scontent.fccu31-1.fna.fbcdn.net/v/t39.30808-6/502917177_1126049359566972_6714018182430054202_n.jpg?stp=dst-jpg_p720x720_tt6&_nc_cat=107&ccb=1-7&_nc_sid=833d8c&_nc_ohc=VCKxMNCLaxgQ7kNvwEx-_nn&_nc_oc=Adpw-y3CW1GFSx26wzZSX-0CdwKfrDVIKMPFpYsT7H8A8z-nSIrhY-7uajxgIy8SyYU&_nc_zt=23&_nc_ht=scontent.fccu31-1.fna&edm=AKIiGfEEAAAA&_nc_gid=0PrDcyjr46WUg0DF5ixRXA&_nc_tpa=Q5bMBQHsI6FJRooVISnY9zPCowxFriLe7k44hJmhRq6w67SExME-1S2HpBn-o6__Nedxdcv7y6GGZxY7FQ&oh=00_Af6rSqQrxehbV1qZfgsRrQqNSf3P6VY0DYgGzgVUty9whg&oe=6A18E094,https://www.facebook.com/photo.php?fbid=1126049352900306&set=a.448214567350458&type=3,965,720,photo,photo,"#Bharat_Book_of_Record 

Record Holder 

GURU: ROOPA SHREE BV 

Best Dance Teacher of the Year-2025

For Having A Positive Attitude and Great Dance Technique! which has been verified approved and accepted to be a part of The prestigious book awards

BHARAT BOOK OF RECORDS",https://www.facebook.com/1425872462917992/posts/1126049382900303,"#Bharat_Book_of_Record 

Record Holder 

GURU: ROOPA SHREE BV 

Best Dance Teacher of the Year-2025

For Having A Positive Attitude and Great Dance Technique! which has been verified approved and accepted to be a part of The prestigious book awards

BHARAT BOOK OF RECORDS",TRUE,FALSE,FALSE,FALSE,FALSE,2025-05-31T08:27:35+0000
107248091187807_1125525346286040,https://scontent.fccu31-2.fna.fbcdn.net/v/t39.30808-6/502583203_1125525462952695_601750222468981992_n.jpg?stp=dst-jpg_p720x720_tt6&_nc_cat=109&ccb=1-7&_nc_sid=833d8c&_nc_ohc=hoyM2eC1mWEQ7kNvwHqh-wG&_nc_oc=Adp8Ai9pGXIzXjwV2b_PCarfNdNlkqEL2dVBwjwUoTl1wRGzyKxgXXZZpfrpDU2HVxg&_nc_zt=23&_nc_ht=scontent.fccu31-2.fna&edm=AKIiGfEEAAAA&_nc_gid=0PrDcyjr46WUg0DF5ixRXA&_nc_tpa=Q5bMBQEG2QqU30rCptKOqmRB-zf4GO2-ZL5kNJUDpK_TxMPOYbY5bLgga5bWlGXp2PQO71jkAp-Ws5FTDA&oh=00_Af6nNrgb9T7eL11zoROx-xfeD8yzDnj8i5bqEtYYAYo9Fg&oe=6A18EEB3,https://scontent.fccu31-2.fna.fbcdn.net/v/t39.30808-6/502583203_1125525462952695_601750222468981992_n.jpg?stp=dst-jpg_p720x720_tt6&_nc_cat=109&ccb=1-7&_nc_sid=833d8c&_nc_ohc=hoyM2eC1mWEQ7kNvwHqh-wG&_nc_oc=Adp8Ai9pGXIzXjwV2b_PCarfNdNlkqEL2dVBwjwUoTl1wRGzyKxgXXZZpfrpDU2HVxg&_nc_zt=23&_nc_ht=scontent.fccu31-2.fna&edm=AKIiGfEEAAAA&_nc_gid=0PrDcyjr46WUg0DF5ixRXA&_nc_tpa=Q5bMBQHwuyjpZm7TMmA0gr46CFc39bbxgahUGQw5awdZ1TXGeupKc16To-1bdCuorJjFZv-47dV7h1cEjA&oh=00_Af7hAvBTeJ032EuhE9mtrxKyHq30VS3Vc-oYy53fvYYIxQ&oe=6A18EEB3,https://www.facebook.com/photo.php?fbid=1125525329619375&set=a.448214567350458&type=3,818,720,photo,photo,"#Bharat_Book_of_Record 

Record Holder 

GURU: PRAVEEN KUMAR 

Best Dance Teacher of the Year-2025

For Having A Positive Attitude and Great Dance Technique! which has been verified approved and accepted to be a part of The prestigious book awards

BHARAT BOOK OF RECORDS",https://www.facebook.com/1425872462917992/posts/1125525346286040,"#Bharat_Book_of_Record 

Record Holder 

GURU: PRAVEEN KUMAR 

Best Dance Teacher of the Year-2025

For Having A Positive Attitude and Great Dance Technique! which has been verified approved and accepted to be a part of The prestigious book awards

BHARAT BOOK OF RECORDS",TRUE,FALSE,FALSE,FALSE,FALSE,2025-05-30T15:53:26+0000
107248091187807_1125461319625776,https://scontent.fccu3-1.fna.fbcdn.net/v/t39.30808-6/502153386_1125461282959113_1460597894402073957_n.jpg?stp=dst-jpg_p720x720_tt6&_nc_cat=106&ccb=1-7&_nc_sid=833d8c&_nc_ohc=WyS2z7R3rdkQ7kNvwGcAMpd&_nc_oc=AdqHMT-uhyEfazVjCAfF8-FDT2SMErBNqmui0Ya583nsmvonQGmYaKAxHR0lCrJaayQ&_nc_zt=23&_nc_ht=scontent.fccu3-1.fna&edm=AKIiGfEEAAAA&_nc_gid=0PrDcyjr46WUg0DF5ixRXA&_nc_tpa=Q5bMBQHA7ovLq9vPRCpHv11stgUUsnsFxgSfqdF7giCCNU96ffjr0VxAW1jFu8NvwcfRDpCxuobcyDRuTQ&oh=00_Af4Pf_B6uYAyF8I3Zf4a7FwQEwuJeyvmvCF14iqJ_ta7Lw&oe=6A18E206,https://scontent.fccu3-1.fna.fbcdn.net/v/t39.30808-6/502153386_1125461282959113_1460597894402073957_n.jpg?stp=dst-jpg_p720x720_tt6&_nc_cat=106&ccb=1-7&_nc_sid=833d8c&_nc_ohc=WyS2z7R3rdkQ7kNvwGcAMpd&_nc_oc=AdqHMT-uhyEfazVjCAfF8-FDT2SMErBNqmui0Ya583nsmvonQGmYaKAxHR0lCrJaayQ&_nc_zt=23&_nc_ht=scontent.fccu3-1.fna&edm=AKIiGfEEAAAA&_nc_gid=0PrDcyjr46WUg0DF5ixRXA&_nc_tpa=Q5bMBQHWD3jI-T4sktH88FZfIJSobMpFXb-JmWArWrVxOzw3V1uCItH3xSJ0yIhz1-dIG_MdHgkufVXtWw&oh=00_Af7CRutAKCTs2vXp1XIdSzP_r8vXeYkHlDQI82IZFqLM1Q&oe=6A18E206,https://www.facebook.com/photo.php?fbid=1125461279625780&set=a.448214567350458&type=3,907,720,photo,photo,"#Bharat_Book_of_Record 

Record Holder 

GURU: Sri ARAVIND R

Best Dance Teacher of the Year-2025

For Having A Positive Attitude and Great Dance Technique! which has been verified approved and accepted to be a part of The prestigious book awards

BHARAT BOOK OF RECORDS",https://www.facebook.com/1425872462917992/posts/1125461319625776,"#Bharat_Book_of_Record 

Record Holder 

GURU: Sri ARAVIND R

Best Dance Teacher of the Year-2025

For Having A Positive Attitude and Great Dance Technique! which has been verified approved and accepted to be a part of The prestigious book awards

BHARAT BOOK OF RECORDS",TRUE,FALSE,FALSE,FALSE,FALSE,2025-05-30T14:06:43+0000
107248091187807_1125377662967475,https://scontent.fccu31-2.fna.fbcdn.net/v/t39.30808-6/502049035_1125377642967477_1254943739886352387_n.jpg?stp=dst-jpg_p720x720_tt6&_nc_cat=108&ccb=1-7&_nc_sid=833d8c&_nc_ohc=kk9FucQ5lmUQ7kNvwH_wGFS&_nc_oc=AdqpAHRXe0SoH2SiANflUinkaBgHLXKJ_b4xgUPURJI9_xVDpS_pJ60AgCCVbQ6kUg8&_nc_zt=23&_nc_ht=scontent.fccu31-2.fna&edm=AKIiGfEEAAAA&_nc_gid=0PrDcyjr46WUg0DF5ixRXA&_nc_tpa=Q5bMBQFbZ9lK1bM-4CEnId7G1V2Pya-mtPlN2gK1ZhQLSQzQvmwMKWaW_DEqH3Duks0GV4X6-VL5Kw-yJw&oh=00_Af5kKv3pJ3zRjM2z628ilcW_ZxTbrZtVW24cQ0nVDnq3XA&oe=6A18F1B1,https://scontent.fccu31-2.fna.fbcdn.net/v/t39.30808-6/502049035_1125377642967477_1254943739886352387_n.jpg?stp=dst-jpg_p720x720_tt6&_nc_cat=108&ccb=1-7&_nc_sid=833d8c&_nc_ohc=kk9FucQ5lmUQ7kNvwH_wGFS&_nc_oc=AdqpAHRXe0SoH2SiANflUinkaBgHLXKJ_b4xgUPURJI9_xVDpS_pJ60AgCCVbQ6kUg8&_nc_zt=23&_nc_ht=scontent.fccu31-2.fna&edm=AKIiGfEEAAAA&_nc_gid=0PrDcyjr46WUg0DF5ixRXA&_nc_tpa=Q5bMBQFdPyRT5HuHExcQrXvwBPz32IR_vKikhhRUSbadY3Y_h-xGMb0tnMZigsbxBvXpwJrosbMfr3MbfA&oh=00_Af5jiz8cRPM79RZzC2FRjBOMgzGc8vL7cXJPGFWOch0j8g&oe=6A18F1B1,https://www.facebook.com/photo.php?fbid=1125377639634144&set=a.448214567350458&type=3,1064,720,photo,photo,"#Bharat_Book_of_Record 

Record Holder 

GURU: Smt Parvathi Sriram

Best Dance Teacher of the Year-2025

For Having A Positive Attitude and Great Dance Technique! which has been verified approved and accepted to be a part of The prestigious book awards

BHARAT BOOK OF RECORDS",https://www.facebook.com/1425872462917992/posts/1125377662967475,"#Bharat_Book_of_Record 

Record Holder 

GURU: Smt Parvathi Sriram

Best Dance Teacher of the Year-2025

For Having A Positive Attitude and Great Dance Technique! which has been verified approved and accepted to be a part of The prestigious book awards

BHARAT BOOK OF RECORDS",TRUE,FALSE,FALSE,FALSE,FALSE,2025-05-30T12:31:01+0000
107248091187807_982007910637785,https://scontent.fccu31-2.fna.fbcdn.net/v/t39.30808-6/486259358_1070772021761373_653476366780536030_n.jpg?_nc_cat=103&ccb=1-7&_nc_sid=833d8c&_nc_ohc=wg42WbUllG0Q7kNvwE2OyfP&_nc_oc=AdqX4l-g6N8uITKKr9DzpsysRyuBOFwK4Sol-a-XBBSsZCx75Gf8Wl8bJsimi7kV8W8&_nc_zt=23&_nc_ht=scontent.fccu31-2.fna&edm=AKIiGfEEAAAA&_nc_gid=0PrDcyjr46WUg0DF5ixRXA&_nc_tpa=Q5bMBQFnAGiQI2tSLE1mAuxIwbENeefjJW8FKvfdvdgYVS9yuM7HelgblmmR4-DdxW8ppPRXvjeUPeWk8w&oh=00_Af4hw2CDnz3SLFldQ_vEz3r4hdMohxiLfK83FBUWyhWI6A&oe=6A18E4E3,https://scontent.fccu31-2.fna.fbcdn.net/v/t39.30808-6/486259358_1070772021761373_653476366780536030_n.jpg?_nc_cat=103&ccb=1-7&_nc_sid=833d8c&_nc_ohc=wg42WbUllG0Q7kNvwE2OyfP&_nc_oc=AdqX4l-g6N8uITKKr9DzpsysRyuBOFwK4Sol-a-XBBSsZCx75Gf8Wl8bJsimi7kV8W8&_nc_zt=23&_nc_ht=scontent.fccu31-2.fna&edm=AKIiGfEEAAAA&_nc_gid=0PrDcyjr46WUg0DF5ixRXA&_nc_tpa=Q5bMBQFGPfXr65lgwnd07waTUTNBiE_RBqVBI10OKz4sr9Au5TCXca0JSkvi_vqlDQJk3_-R8WiZuDN-Zw&oh=00_Af7LXPlWknYwMUc8fYvGBXgpxQ_LBubKNh-kAPwibz3Enw&oe=6A18E4E3,https://www.facebook.com/1425872462917992/posts/982007910637785,485,1512,album,album,,https://www.facebook.com/1425872462917992/posts/982007910637785,"#BharatBookofRecords 
#SwarnaBharat
#KannadaRajyotsava
#NewspaperArticles
💛❤️💛❤️💛❤️💛❤️💛❤️💛❤️💛❤️💛❤️💛
69ನೇ ಕರ್ನಾಟಕ ರಾಜ್ಯೋತ್ಸವದ ಪ್ರಯುಕ್ತ ಕರ್ನಾಟಕದ 123 ಸೂಪರ್ ಮಹಿಳೆಯರನ್ನು
ಗುರುತಿಸಿ ಸ್ವರ್ಣ ಭರತ್ ಸಂಸ್ಥೆ ವತಿಯಿಂದ  ರಾಜ್ಯೋತ್ಸವ ಪ್ರಶಸ್ತಿ ನೀಡಿ ಗೌರವಿಸಲಾಗುತ್ತದೆ

123 ಮಹಿಳೆಯರು ವಿವಿಧ ಕ್ಷೇತ್ರಗಳಲ್ಲಿ ತಮ್ಮದೇ ಆದ
ವಿಶೇಷ ಸೇವೆಯನ್ನು ಸಲ್ಲಿಸಿರುತ್ತಾರೆ ಅಂತವರನ್ನು ಗುರುತಿಸಿ ಸ್ವರ್ಣ ಭಾರತ ಕರ್ನಾಟಕ ರಾಜ್ಯೋತ್ಸವ
 ಪ್ರಶಸ್ತಿ ನೀಡಿ ಗೌರವಿಸಲಾಗುವುದು

123 ನಿಮಿಷದಲ್ಲಿ 123 ಮಹಿಳೆಯರಿಗೆ
 ಪ್ರಶಸ್ತಿ ನೀಡಿ ಗೌರವಿಸಲಾಗುವುದು

ಈ ವಿಭಿನ್ನ ಪ್ರಯತ್ನವನ್ನು ಸ್ವರ್ಣ 
 ಭರತ್ ಸಂಸ್ಥೆ ವತಿಯಿಂದ ಡಾಕ್ಟರ್ ರಜನಿ ಸಂತೋಷ್ ರವರ ನೇತೃತ್ವದಲ್ಲಿ 
 ನಡೆಸಿಕೊಡಲಾಗುವುದು
ಈ ವಿಶೇಷ ಕಾರ್ಯಕ್ರಮವನ್ನು
 ರೆಕಾರ್ಡ್ ಎಂದು ಪರಿಗಣಿಸಿ ಭಾರತ್ ಬುಕ್ ಆಫ್ ರೆಕಾರ್ಡ್ ಸಂಸ್ಥೆ ವತಿಯಿಂದ
ಇದನ್ನು ರೆಕಾರ್ಡ್ ಬುಕ್ಕಿಗೆ ಸೇರಿಸಲಾಯಿತು",TRUE,FALSE,FALSE,FALSE,FALSE,2024-11-21T10:37:30+0000
107248091187807_982007070637869,https://scontent.fccu3-1.fna.fbcdn.net/v/t39.30808-6/485770058_1070771995094709_4206603333288165643_n.jpg?stp=dst-jpg_p720x720_tt6&_nc_cat=104&ccb=1-7&_nc_sid=833d8c&_nc_ohc=sOPh8r8o3xoQ7kNvwFwy7SP&_nc_oc=Adq_7GnA9BLs-M4Jg4_Hg0mv3T3C3x_j8GxgPhVNGlTmrOqfL3tDtgeOvhvhZ8paS-Y&_nc_zt=23&_nc_ht=scontent.fccu3-1.fna&edm=AKIiGfEEAAAA&_nc_gid=0PrDcyjr46WUg0DF5ixRXA&_nc_tpa=Q5bMBQGPr0AKReEMGV6T5EEXNZcgJO1v1wdepX_MFN5EbmR868mPu1PoVJ8bSJn9fqGgXgAMmx8B9Q-gGg&oh=00_Af781-7FmHhtmKmE9I3TVWqw9Bd5kXkOHZe5SuveftR5-g&oe=6A18E319,https://scontent.fccu3-1.fna.fbcdn.net/v/t39.30808-6/485770058_1070771995094709_4206603333288165643_n.jpg?stp=dst-jpg_p720x720_tt6&_nc_cat=104&ccb=1-7&_nc_sid=833d8c&_nc_ohc=sOPh8r8o3xoQ7kNvwFwy7SP&_nc_oc=Adq_7GnA9BLs-M4Jg4_Hg0mv3T3C3x_j8GxgPhVNGlTmrOqfL3tDtgeOvhvhZ8paS-Y&_nc_zt=23&_nc_ht=scontent.fccu3-1.fna&edm=AKIiGfEEAAAA&_nc_gid=0PrDcyjr46WUg0DF5ixRXA&_nc_tpa=Q5bMBQFOPPbNpRUuHBsUtjH8zDcU1-WbyLyAUnpRB5ogoyioSoAkZtR-UHbFeLpFhF3e8On7_KS-u1Xorw&oh=00_Af5_XW1KClOaw3hjvafJRcJEgXNAh7jIUfwqcjNVCQNGow&oe=6A18E319,https://www.facebook.com/1425872462917992/posts/982007070637869,720,724,album,album,,https://www.facebook.com/1425872462917992/posts/982007070637869,"#Bharat Book of Records 
#SwarnaBharat
#KannadaRajyotsava
#NewspaperArticles
💛❤️💛❤️💛❤️💛❤️💛❤️💛❤️💛❤️💛❤️💛
69ನೇ ಕರ್ನಾಟಕ ರಾಜ್ಯೋತ್ಸವದ ಪ್ರಯುಕ್ತ ಕರ್ನಾಟಕದ 123 ಸೂಪರ್ ಮಹಿಳೆಯರನ್ನು
ಗುರುತಿಸಿ ಸ್ವರ್ಣ ಭರತ್ ಸಂಸ್ಥೆ ವತಿಯಿಂದ  ರಾಜ್ಯೋತ್ಸವ ಪ್ರಶಸ್ತಿ ನೀಡಿ ಗೌರವಿಸಲಾಗುತ್ತದೆ

123 ಮಹಿಳೆಯರು ವಿವಿಧ ಕ್ಷೇತ್ರಗಳಲ್ಲಿ ತಮ್ಮದೇ ಆದ
ವಿಶೇಷ ಸೇವೆಯನ್ನು ಸಲ್ಲಿಸಿರುತ್ತಾರೆ ಅಂತವರನ್ನು ಗುರುತಿಸಿ ಸ್ವರ್ಣ ಭಾರತ ಕರ್ನಾಟಕ ರಾಜ್ಯೋತ್ಸವ
 ಪ್ರಶಸ್ತಿ ನೀಡಿ ಗೌರವಿಸಲಾಗುವುದು

123 ನಿಮಿಷದಲ್ಲಿ 123 ಮಹಿಳೆಯರಿಗೆ
 ಪ್ರಶಸ್ತಿ ನೀಡಿ ಗೌರವಿಸಲಾಗುವುದು

ಈ ವಿಭಿನ್ನ ಪ್ರಯತ್ನವನ್ನು ಸ್ವರ್ಣ 
 ಭರತ್ ಸಂಸ್ಥೆ ವತಿಯಿಂದ ಡಾಕ್ಟರ್ ರಜನಿ ಸಂತೋಷ್ ರವರ ನೇತೃತ್ವದಲ್ಲಿ 
 ನಡೆಸಿಕೊಡಲಾಗುವುದು
ಈ ವಿಶೇಷ ಕಾರ್ಯಕ್ರಮವನ್ನು
 ರೆಕಾರ್ಡ್ ಎಂದು ಪರಿಗಣಿಸಿ ಭಾರತ್ ಬುಕ್ ಆಫ್ ರೆಕಾರ್ಡ್ ಸಂಸ್ಥೆ ವತಿಯಿಂದ
ಇದನ್ನು ರೆಕಾರ್ಡ್ ಬುಕ್ಕಿಗೆ ಸೇರಿಸಲಾಯಿತು",TRUE,FALSE,FALSE,FALSE,FALSE,2024-11-21T10:36:17+0000
107248091187807_695658689272710,https://scontent.fccu3-1.fna.fbcdn.net/v/t39.30808-6/480826458_1052865156885393_2203209463738216137_n.jpg?stp=dst-jpg_s960x960_tt6&_nc_cat=106&ccb=1-7&_nc_sid=833d8c&_nc_ohc=sZhylgm07ZAQ7kNvwGEywNt&_nc_oc=AdoKSgUD2PE5nu8RF5BwFEGZoXGa5yC06UHaSNLyhyNTuFnHgkcm5oBYPQi34Up5pXM&_nc_zt=23&_nc_ht=scontent.fccu3-1.fna&edm=AKIiGfEEAAAA&_nc_gid=0PrDcyjr46WUg0DF5ixRXA&_nc_tpa=Q5bMBQF4AZCNzJS_HcWc0I39gTvDYijL5Pkgkml6Y80LABl6xNqxlqTo92GcWTmRSAL88YrOaGoUCMw5Sw&oh=00_Af4ubUeqUyXHZY__6QVbRlWTW__PDVZfeUtG56K6DXTAiA&oe=6A18CD97,https://scontent.fccu3-1.fna.fbcdn.net/v/t39.30808-6/480826458_1052865156885393_2203209463738216137_n.jpg?stp=dst-jpg_s960x960_tt6&_nc_cat=106&ccb=1-7&_nc_sid=833d8c&_nc_ohc=sZhylgm07ZAQ7kNvwGEywNt&_nc_oc=AdoKSgUD2PE5nu8RF5BwFEGZoXGa5yC06UHaSNLyhyNTuFnHgkcm5oBYPQi34Up5pXM&_nc_zt=23&_nc_ht=scontent.fccu3-1.fna&edm=AKIiGfEEAAAA&_nc_gid=0PrDcyjr46WUg0DF5ixRXA&_nc_tpa=Q5bMBQEb-jsqM1bpzmP7SD0rwpuOCSL8m7_nuitAUbt99aszByDIev0w2n8PLoHMrjXOfp1mig9IQ-GOmw&oh=00_Af5uHP8cgZAaiT-OIJPTjR0o2PPWo6Ox5_iLKI8zdIi1UA&oe=6A18CD97,https://www.facebook.com/photo.php?fbid=695658659272713&set=a.448214567350458&type=3,960,720,photo,photo,"#Bharat_Book_Of_Records
🇮🇳🏅🇮🇳🏅🇮🇳🏅🇮🇳🏅🇮🇳🏅🇮🇳🏅🇮🇳🏅🇮🇳🏅🇮🇳
#Record_Holder

Smt. SMITHA PRABHU

For demonstrating the outstanding talent of Performing Vrikshana Yoga continuously for 20 minutes on 06th January 2023 at Bangaluru Karnataka. Your talent has been verified approved and accepted to be a part of The prestigious book
BHARAT BOOK OF RECORDS",https://www.facebook.com/1425872462917992/posts/695658689272710,"#Bharat_Book_Of_Records
🇮🇳🏅🇮🇳🏅🇮🇳🏅🇮🇳🏅🇮🇳🏅🇮🇳🏅🇮🇳🏅🇮🇳🏅🇮🇳
#Record_Holder

Smt. SMITHA PRABHU

For demonstrating the outstanding talent of Performing Vrikshana Yoga continuously for 20 minutes on 06th January 2023 at Bangaluru Karnataka. Your talent has been verified approved and accepted to be a part of The prestigious book
BHARAT BOOK OF RECORDS",TRUE,FALSE,FALSE,FALSE,FALSE,2023-09-09T08:01:35+0000
107248091187807_685441483627764,https://scontent.fccu31-1.fna.fbcdn.net/v/t39.30808-6/480644271_1052416470263595_171085013361480387_n.jpg?stp=dst-jpg_p720x720_tt6&_nc_cat=100&ccb=1-7&_nc_sid=833d8c&_nc_ohc=psHjEax3DJQQ7kNvwFpneIa&_nc_oc=AdrDEzEpWbgSrbeEFvi1gG_Kl9aHf_MAE995rzZOIT1LHcoctFjGzPE6B6fs8QjlbY8&_nc_zt=23&_nc_ht=scontent.fccu31-1.fna&edm=AKIiGfEEAAAA&_nc_gid=0PrDcyjr46WUg0DF5ixRXA&_nc_tpa=Q5bMBQEunquPLHOq9VMmcqSQ6fk8UGo2XEcjlvkVwBrl8FZRHqJ1aUp02yoAAlDt9WBsIuPiwQ14PsFPpA&oh=00_Af54kFDh_mpV4pvCcFjRxHwuSW5OEcm2S8xL1WN-ANO5UA&oe=6A18EDBE,https://scontent.fccu31-1.fna.fbcdn.net/v/t39.30808-6/480644271_1052416470263595_171085013361480387_n.jpg?stp=dst-jpg_p720x720_tt6&_nc_cat=100&ccb=1-7&_nc_sid=833d8c&_nc_ohc=psHjEax3DJQQ7kNvwFpneIa&_nc_oc=AdrDEzEpWbgSrbeEFvi1gG_Kl9aHf_MAE995rzZOIT1LHcoctFjGzPE6B6fs8QjlbY8&_nc_zt=23&_nc_ht=scontent.fccu31-1.fna&edm=AKIiGfEEAAAA&_nc_gid=0PrDcyjr46WUg0DF5ixRXA&_nc_tpa=Q5bMBQEV1gMlPBWofjzI6T66VDnYxWlTeJ-LujhYAJvGJkeaVQRc9-kDifF9Xs4mWptzLPAhFOh9VLkh2Q&oh=00_Af65uP4WZcTOf8Ch3ILrj6OBK6UKyBsoaiOX2_ksw72dSA&oe=6A18EDBE,https://www.facebook.com/1425872462917992/posts/685441483627764,973,720,album,album,,https://www.facebook.com/1425872462917992/posts/685441483627764,"#Bharat_Book_Of_Records
🇮🇳🏅🇮🇳🏅🇮🇳🏅🇮🇳🏅🇮🇳🏅🇮🇳🏅🇮🇳🏅🇮🇳🏅🇮🇳
#Record_Holder

🇮🇳🇮🇳🇮🇳🇮🇳🇮🇳🇮🇳🇮🇳🇮🇳🇮🇳🇮🇳🇮🇳🇮🇳🇮🇳🇮🇳🇮🇳🇮🇳
On Occasion of  76th Independence day
 Vijaya Bharathi Public School
created a record of 760 Indian flags in 760 seconds by 760 students,
 ""Bharat Book Of Records""
🇮🇳🇮🇳🇮🇳🇮🇳🇮🇳🇮🇳🇮🇳🇮🇳🇮🇳🇮🇳🇮🇳🇮🇳🇮🇳🇮🇳🇮🇳🇮🇳🇮🇳",TRUE,FALSE,FALSE,FALSE,FALSE,2023-08-21T16:08:59+0000
107248091187807_685440436961202,https://scontent.fccu31-2.fna.fbcdn.net/v/t39.30808-6/480694633_1052416706930238_874824339746658623_n.jpg?stp=dst-jpg_p720x720_tt6&_nc_cat=109&ccb=1-7&_nc_sid=833d8c&_nc_ohc=iJJ4Sn_zy64Q7kNvwE36QmB&_nc_oc=AdrkRHdylbe40GazHvpaRqvrnJTVuC8v99hMpIPdNQk3G9hYQ2ZYiRM0E1m4Ebp_ndw&_nc_zt=23&_nc_ht=scontent.fccu31-2.fna&edm=AKIiGfEEAAAA&_nc_gid=0PrDcyjr46WUg0DF5ixRXA&_nc_tpa=Q5bMBQGMHJc2oY_8JhDhNzQ-p2gEGFacJcXBHn4GWtTCeZKSnHqo8P_ByrckeQBFdCa53kkrn6YQszw-Kw&oh=00_Af576LGpLL17u-VNkqVrnvXRRL5zk4HX4uE_QHybTiO9zw&oe=6A18C8EA,https://scontent.fccu31-2.fna.fbcdn.net/v/t39.30808-6/480694633_1052416706930238_874824339746658623_n.jpg?stp=dst-jpg_p720x720_tt6&_nc_cat=109&ccb=1-7&_nc_sid=833d8c&_nc_ohc=iJJ4Sn_zy64Q7kNvwE36QmB&_nc_oc=AdrkRHdylbe40GazHvpaRqvrnJTVuC8v99hMpIPdNQk3G9hYQ2ZYiRM0E1m4Ebp_ndw&_nc_zt=23&_nc_ht=scontent.fccu31-2.fna&edm=AKIiGfEEAAAA&_nc_gid=0PrDcyjr46WUg0DF5ixRXA&_nc_tpa=Q5bMBQH1Y2f7h3KVT3hIlo3NUv6SX6nXIpz0XFBq0e4heqy5ZUhc5fGY-guwplkIaaTy8u8CQazMjfMtZA&oh=00_Af53wen7uqFMiq3lM4vzVM73VTENaz1nwNFKQv_W625Gtw&oe=6A18C8EA,https://www.facebook.com/1425872462917992/posts/685440436961202,809,720,album,album,,https://www.facebook.com/1425872462917992/posts/685440436961202,"#Bharat_Book_Of_Records
🇮🇳🏅🇮🇳🏅🇮🇳🏅🇮🇳🏅🇮🇳🏅🇮🇳🏅🇮🇳🏅🇮🇳🏅🇮🇳
#Record_Holder

🇮🇳🇮🇳🇮🇳🇮🇳🇮🇳🇮🇳🇮🇳🇮🇳🇮🇳🇮🇳🇮🇳🇮🇳🇮🇳🇮🇳🇮🇳🇮🇳
On Occasion of  76th Independence day
 S V N ENGLISH HIGH SCHOOL THANISANDRA
created a record of 760 Indian flags in 760 seconds by 760 students,
 ""Bharat Book Of Records""
🇮🇳🇮🇳🇮🇳🇮🇳🇮🇳🇮🇳🇮🇳🇮🇳🇮🇳🇮🇳🇮🇳🇮🇳🇮🇳🇮🇳🇮🇳🇮🇳🇮🇳",TRUE,FALSE,FALSE,FALSE,FALSE,2023-08-21T16:07:16+0000
107248091187807_685439420294637,https://scontent.fccu31-1.fna.fbcdn.net/v/t39.30808-6/481071938_1052416743596901_8442364039961822230_n.jpg?_nc_cat=107&ccb=1-7&_nc_sid=833d8c&_nc_ohc=00OD8YKFHAAQ7kNvwFWvwL9&_nc_oc=AdotE8n_iGt-J8PUZ2J-Nj8sJf8201UrVovnj-8hIgqTyqIYDfgRFWc7iI2iCphjryg&_nc_zt=23&_nc_ht=scontent.fccu31-1.fna&edm=AKIiGfEEAAAA&_nc_gid=0PrDcyjr46WUg0DF5ixRXA&_nc_tpa=Q5bMBQFzHB7pbTJQ812sAnUxTyApDqbbnEpv2ZOoa6yflx7j-NOdadHTkStc_gpGOKPHuxWp1-I-_z8Cmg&oh=00_Af4c7_Uy9Rq3Te8-WPc53wAsdlbz57jB2pAplBwgbW9jaA&oe=6A18BE1E,https://scontent.fccu31-1.fna.fbcdn.net/v/t39.30808-6/481071938_1052416743596901_8442364039961822230_n.jpg?_nc_cat=107&ccb=1-7&_nc_sid=833d8c&_nc_ohc=00OD8YKFHAAQ7kNvwFWvwL9&_nc_oc=AdotE8n_iGt-J8PUZ2J-Nj8sJf8201UrVovnj-8hIgqTyqIYDfgRFWc7iI2iCphjryg&_nc_zt=23&_nc_ht=scontent.fccu31-1.fna&edm=AKIiGfEEAAAA&_nc_gid=0PrDcyjr46WUg0DF5ixRXA&_nc_tpa=Q5bMBQGij7Ph-CIJRjIHIJuJ6x0_SorrbauXbaAGXsT52VFQf0Jyn8oTclbpFVCrMDct9ablyY8Jt1zDCA&oh=00_Af67q8pC2GayA6p9qk5etEC_vucozvgN52TUWdQdAFWZTA&oe=6A18BE1E,https://www.facebook.com/1425872462917992/posts/685439420294637,690,738,album,album,,https://www.facebook.com/1425872462917992/posts/685439420294637,"#Bharat_Book_Of_Records
🇮🇳🏅🇮🇳🏅🇮🇳🏅🇮🇳🏅🇮🇳🏅🇮🇳🏅🇮🇳🏅🇮🇳🏅🇮🇳
#Record_Holder

🇮🇳🇮🇳🇮🇳🇮🇳🇮🇳🇮🇳🇮🇳🇮🇳🇮🇳🇮🇳🇮🇳🇮🇳🇮🇳🇮🇳🇮🇳🇮🇳
On Occasion of  76th Independence day
 Sri Sri Ravishankar Vidya Mandir, Bangalore South Students
created a record of 760 Indian flags in 760 seconds by 760 students,
 ""Bharat Book Of Records""
🇮🇳🇮🇳🇮🇳🇮🇳🇮🇳🇮🇳🇮🇳🇮🇳🇮🇳🇮🇳🇮🇳🇮🇳🇮🇳🇮🇳🇮🇳🇮🇳🇮🇳",TRUE,FALSE,FALSE,FALSE,FALSE,2023-08-21T16:06:01+0000
107248091187807_685434576961788,https://scontent.fccu3-1.fna.fbcdn.net/v/t15.5256-10/369626664_172788669166613_6291283175952250148_n.jpg?_nc_cat=102&ccb=1-7&_nc_sid=54741f&_nc_ohc=2MbxvW3MukYQ7kNvwGy0vqN&_nc_oc=Adqe5iAXa3VAEDeCSvrJtqMXIhtl9gz6wh5TtQRzixKlvZUIZbAWiftgN-x81PZze4k&_nc_zt=23&_nc_ht=scontent.fccu3-1.fna&edm=AKIiGfEEAAAA&_nc_gid=0PrDcyjr46WUg0DF5ixRXA&_nc_tpa=Q5bMBQEU3_0WIoMKWfaAGEPcTjvhkn22iCXIuYbYN_ea1CscvnHUnPkaIoLDqYz8cwLR0WDbVczyF8rVvw&oh=00_Af5kHbYcXZlHAE22Y-35vktAopjooUpgM8n7JjYRNdtg2g&oe=6A18D830,https://scontent.fccu3-1.fna.fbcdn.net/v/t15.5256-10/369626664_172788669166613_6291283175952250148_n.jpg?_nc_cat=102&ccb=1-7&_nc_sid=54741f&_nc_ohc=2MbxvW3MukYQ7kNvwGy0vqN&_nc_oc=Adqe5iAXa3VAEDeCSvrJtqMXIhtl9gz6wh5TtQRzixKlvZUIZbAWiftgN-x81PZze4k&_nc_zt=23&_nc_ht=scontent.fccu3-1.fna&edm=AKIiGfEEAAAA&_nc_gid=0PrDcyjr46WUg0DF5ixRXA&_nc_tpa=Q5bMBQFiu65n5CpFbhEZyjIU6Qj8j0BUGdlPTIQh9HWrpfQK7igVLMBrDvOevNVsHeOWpwlF-RJDnh7Yaw&oh=00_Af4ks6u-Mbqo2MKqo6xy6iQj2-vnuLsO0NEAMVvAbd2pJw&oe=6A18D830,https://www.facebook.com/1425872462917992/videos/812731137240292,360,640,video,video_inline,,https://www.facebook.com/1425872462917992/videos/812731137240292,"#Bharat_Book_Of_Records
🇮🇳🏅🇮🇳🏅🇮🇳🏅🇮🇳🏅🇮🇳🏅🇮🇳🏅🇮🇳🏅🇮🇳🏅🇮🇳
#Record_Holder

🇮🇳🇮🇳🇮🇳🇮🇳🇮🇳🇮🇳🇮🇳🇮🇳🇮🇳🇮🇳🇮🇳🇮🇳🇮🇳🇮🇳🇮🇳🇮🇳
On Occasion of  76th Independence day
 Vijaya Bharathi Public School
created a record of 760 Indian flags in 760 seconds by 760 students,
 ""Bharat Book Of Records""
🇮🇳🇮🇳🇮🇳🇮🇳🇮🇳🇮🇳🇮🇳🇮🇳🇮🇳🇮🇳🇮🇳🇮🇳🇮🇳🇮🇳🇮🇳🇮🇳🇮🇳",TRUE,FALSE,FALSE,FALSE,FALSE,2023-08-21T15:57:08+0000
107248091187807_685434266961819,https://scontent.fccu31-1.fna.fbcdn.net/v/t15.5256-10/369535562_284411880887010_6624295811087408558_n.jpg?_nc_cat=107&ccb=1-7&_nc_sid=54741f&_nc_ohc=YcgyCmSggJ8Q7kNvwHT2QUu&_nc_oc=Ado57j245Yy90DHbnGy7gxrEvrko9Dn0rWTRoFEvuToq3nRbLeG25O5EVz8zfOfcu28&_nc_zt=23&_nc_ht=scontent.fccu31-1.fna&edm=AKIiGfEEAAAA&_nc_gid=0PrDcyjr46WUg0DF5ixRXA&_nc_tpa=Q5bMBQEDkows_YKAqcighFYj_5scK8FK4xkLqyOLqj1Ha7Ta3j8CtGi2yWvx34tvpQJayoDdpRKdM6E8uA&oh=00_Af6bhHY4lOiiyZQPV-xCnjczgPnEl95cqRL0xFjYRXyFIw&oe=6A18C11F,https://scontent.fccu31-1.fna.fbcdn.net/v/t15.5256-10/369535562_284411880887010_6624295811087408558_n.jpg?_nc_cat=107&ccb=1-7&_nc_sid=54741f&_nc_ohc=YcgyCmSggJ8Q7kNvwHT2QUu&_nc_oc=Ado57j245Yy90DHbnGy7gxrEvrko9Dn0rWTRoFEvuToq3nRbLeG25O5EVz8zfOfcu28&_nc_zt=23&_nc_ht=scontent.fccu31-1.fna&edm=AKIiGfEEAAAA&_nc_gid=0PrDcyjr46WUg0DF5ixRXA&_nc_tpa=Q5bMBQF2muUTKkstUYvJCwC9goadK0hMc73M9N6Esll_am2DpVa-n8qOjVAa3Zn-sh7iOl9xt40a5JKV0w&oh=00_Af7xcp5BLovbOFosTiLLKIX0Qy-h0elKYMj0mXpROhmTUw&oe=6A18C11F,https://www.facebook.com/1425872462917992/videos/1317626765849600,360,640,video,video_inline,,https://www.facebook.com/1425872462917992/videos/1317626765849600,"#Bharat_Book_Of_Records
🇮🇳🏅🇮🇳🏅🇮🇳🏅🇮🇳🏅🇮🇳🏅🇮🇳🏅🇮🇳🏅🇮🇳🏅🇮🇳
#Record_Holder

🇮🇳🇮🇳🇮🇳🇮🇳🇮🇳🇮🇳🇮🇳🇮🇳🇮🇳🇮🇳🇮🇳🇮🇳🇮🇳🇮🇳🇮🇳🇮🇳
On Occasion of  76th Independence day
 Sri Sri Ravishankar Vidya Mandir, Bangalore South Students
created a record of 760 Indian flags in 760 seconds by 760 students,
 ""Bharat Book Of Records""
🇮🇳🇮🇳🇮🇳🇮🇳🇮🇳🇮🇳🇮🇳🇮🇳🇮🇳🇮🇳🇮🇳🇮🇳🇮🇳🇮🇳🇮🇳🇮🇳🇮🇳",TRUE,FALSE,FALSE,FALSE,FALSE,2023-08-21T15:57:04+0000
107248091187807_682749910563588,https://scontent.fccu31-2.fna.fbcdn.net/v/t39.30808-6/481149877_1052402546931654_4874842282883704186_n.jpg?stp=dst-jpg_s1080x2048_tt6&_nc_cat=103&ccb=1-7&_nc_sid=833d8c&_nc_ohc=VgA1BcAOo1gQ7kNvwGLfhtY&_nc_oc=AdoPcl2rgiuRh8I2H9XQRIJulxMAc5XXQ-7Pb_ODFYfbQSCmA8I6QGQO3qVU4Ozju5k&_nc_zt=23&_nc_ht=scontent.fccu31-2.fna&edm=AKIiGfEEAAAA&_nc_gid=0PrDcyjr46WUg0DF5ixRXA&_nc_tpa=Q5bMBQFRYvepwlsXEuI-BEIEO_3r5hkvJAh6I7PUoyvKriQKwf6IiAThUaHwsyKsjZnJSvS_5_W2AvRKYQ&oh=00_Af7WSA1-iV5cRamfuJNBdF3aqIffsGKfgdDrFC4kkdvfyg&oe=6A18E4E5,https://scontent.fccu31-2.fna.fbcdn.net/v/t39.30808-6/481149877_1052402546931654_4874842282883704186_n.jpg?stp=dst-jpg_s1080x2048_tt6&_nc_cat=103&ccb=1-7&_nc_sid=833d8c&_nc_ohc=VgA1BcAOo1gQ7kNvwGLfhtY&_nc_oc=AdoPcl2rgiuRh8I2H9XQRIJulxMAc5XXQ-7Pb_ODFYfbQSCmA8I6QGQO3qVU4Ozju5k&_nc_zt=23&_nc_ht=scontent.fccu31-2.fna&edm=AKIiGfEEAAAA&_nc_gid=0PrDcyjr46WUg0DF5ixRXA&_nc_tpa=Q5bMBQFaenEkCLysKteOBd1mGL8sFch9FFXi2a6AdNIVJ9JyLNKM66P6ytboF7AVgt8cMHtnwYYEELIBoA&oh=00_Af40nbdiakaCqaG3tn0wZ50Od2xYplmezUp5kadRVJF_UA&oe=6A18E4E5,https://www.facebook.com/photo.php?fbid=682749893896923&set=a.448214567350458&type=3,720,1080,photo,photo,"#Bharat_Book_Of_Records
🇮🇳🏅🇮🇳🏅🇮🇳🏅🇮🇳🏅🇮🇳🏅🇮🇳🏅🇮🇳🏅🇮🇳🏅🇮🇳
#Record_Holder

🇮🇳🇮🇳🇮🇳🇮🇳🇮🇳🇮🇳🇮🇳🇮🇳🇮🇳🇮🇳🇮🇳🇮🇳🇮🇳🇮🇳🇮🇳🇮🇳
On Occasion of  76th Independence day
 S V N ENGLISH HIGH SCHOOL THANISANDRA
created a record of 760 Indian flags in 760 seconds by 760 students,
 ""Bharat Book Of Records""
🇮🇳🇮🇳🇮🇳🇮🇳🇮🇳🇮🇳🇮🇳🇮🇳🇮🇳🇮🇳🇮🇳🇮🇳🇮🇳🇮🇳🇮🇳🇮🇳🇮🇳",https://www.facebook.com/1425872462917992/posts/682749910563588,"#Bharat_Book_Of_Records
🇮🇳🏅🇮🇳🏅🇮🇳🏅🇮🇳🏅🇮🇳🏅🇮🇳🏅🇮🇳🏅🇮🇳🏅🇮🇳
#Record_Holder

🇮🇳🇮🇳🇮🇳🇮🇳🇮🇳🇮🇳🇮🇳🇮🇳🇮🇳🇮🇳🇮🇳🇮🇳🇮🇳🇮🇳🇮🇳🇮🇳
On Occasion of  76th Independence day
 S V N ENGLISH HIGH SCHOOL THANISANDRA
created a record of 760 Indian flags in 760 seconds by 760 students,
 ""Bharat Book Of Records""
🇮🇳🇮🇳🇮🇳🇮🇳🇮🇳🇮🇳🇮🇳🇮🇳🇮🇳🇮🇳🇮🇳🇮🇳🇮🇳🇮🇳🇮🇳🇮🇳🇮🇳",TRUE,FALSE,FALSE,FALSE,FALSE,2023-08-16T16:02:13+0000
107248091187807_682747327230513,https://scontent.fccu31-1.fna.fbcdn.net/v/t15.5256-10/365942448_654068956786474_7716540142472824682_n.jpg?_nc_cat=100&ccb=1-7&_nc_sid=54741f&_nc_ohc=RSNuxS_BIMgQ7kNvwFsvF2m&_nc_oc=AdpA3ia3lRBCOsAg1_g5czeVCUeHRv105Wgo3o-NMqbj4_7ELEYZ_oO8Vee0iMht6yc&_nc_zt=23&_nc_ht=scontent.fccu31-1.fna&edm=AKIiGfEEAAAA&_nc_gid=0PrDcyjr46WUg0DF5ixRXA&_nc_tpa=Q5bMBQHp6-kGQlFzuopJDgtiYkn8QqI_C4iSkJpRBhAJhjOjZyqkEK2c0YBLqUGEsE5OxLoRQB3PC5HPZg&oh=00_Af7qiiVfJ8SgoaUreVpTmA5VLUYhTELWRJI3mB7UX4Q_Mw&oe=6A18BB84,https://scontent.fccu31-1.fna.fbcdn.net/v/t15.5256-10/365942448_654068956786474_7716540142472824682_n.jpg?stp=dst-jpg_s720x720_tt6&_nc_cat=100&ccb=1-7&_nc_sid=54741f&_nc_ohc=RSNuxS_BIMgQ7kNvwFsvF2m&_nc_oc=AdpA3ia3lRBCOsAg1_g5czeVCUeHRv105Wgo3o-NMqbj4_7ELEYZ_oO8Vee0iMht6yc&_nc_zt=23&_nc_ht=scontent.fccu31-1.fna&edm=AKIiGfEEAAAA&_nc_gid=0PrDcyjr46WUg0DF5ixRXA&_nc_tpa=Q5bMBQHtj1mKlGBlbIBiEe2f0KGBEKilo_8YPp29qkkBH1h7TGX4jiDFAWsN449XH_IZH4r74l-12js1ZQ&oh=00_Af7q-Rw8NnUIv3PQ8gMZaOogw8cw_ApAL-VwfGywPg8sFw&oe=6A18BB84,https://www.facebook.com/1425872462917992/videos/780456630538348,405,720,video,video_inline,,https://www.facebook.com/1425872462917992/videos/780456630538348,"#Bharat_Book_Of_Records
🇮🇳🏅🇮🇳🏅🇮🇳🏅🇮🇳🏅🇮🇳🏅🇮🇳🏅🇮🇳🏅🇮🇳🏅🇮🇳
#Record_Holder

🇮🇳🇮🇳🇮🇳🇮🇳🇮🇳🇮🇳🇮🇳🇮🇳🇮🇳🇮🇳🇮🇳🇮🇳🇮🇳🇮🇳🇮🇳🇮🇳
On Occasion of  76th Independence day
 S V N ENGLISH HIGH SCHOOL THANISANDRA
created a record of 760 Indian flags in 760 seconds by 760 students,
 ""Bharat Book Of Records""
🇮🇳🇮🇳🇮🇳🇮🇳🇮🇳🇮🇳🇮🇳🇮🇳🇮🇳🇮🇳🇮🇳🇮🇳🇮🇳🇮🇳🇮🇳🇮🇳🇮🇳",TRUE,FALSE,FALSE,FALSE,FALSE,2023-08-16T15:57:08+0000
107248091187807_682283577276888,https://scontent.fccu31-2.fna.fbcdn.net/v/t15.5256-10/364434830_311984904693372_5617789368281673299_n.jpg?_nc_cat=103&ccb=1-7&_nc_sid=54741f&_nc_ohc=bGsfvywxB9QQ7kNvwGLQs11&_nc_oc=Adp4lEZ1g3FlP77Nk0lMIvw5lOJDSHGp1uqYHRYvzExCwTeb1pJ5UQE7d5uYmgEY6UE&_nc_zt=23&_nc_ht=scontent.fccu31-2.fna&edm=AKIiGfEEAAAA&_nc_gid=0PrDcyjr46WUg0DF5ixRXA&_nc_tpa=Q5bMBQEsCnWkqeRkE71LTNM0SmPfURlgWGGuZuvyE3J2E9uPLydcOshgzOTlAjtnrXhoeD3xkPPJNANQgA&oh=00_Af5Ss7gNsKC6w3uWkRYtQHnKhokP8OzbZY0fDSQuk2KWOQ&oe=6A18EC16,https://scontent.fccu31-2.fna.fbcdn.net/v/t15.5256-10/364434830_311984904693372_5617789368281673299_n.jpg?stp=dst-jpg_s720x720_tt6&_nc_cat=103&ccb=1-7&_nc_sid=54741f&_nc_ohc=bGsfvywxB9QQ7kNvwGLQs11&_nc_oc=Adp4lEZ1g3FlP77Nk0lMIvw5lOJDSHGp1uqYHRYvzExCwTeb1pJ5UQE7d5uYmgEY6UE&_nc_zt=23&_nc_ht=scontent.fccu31-2.fna&edm=AKIiGfEEAAAA&_nc_gid=0PrDcyjr46WUg0DF5ixRXA&_nc_tpa=Q5bMBQFEDfFqNy2hiT-TZraBlF2rd7I__8J9B6w4wkGTvvwQXrdQB_DGb3NfmObeZi-9iUlTuNucsLqOUw&oh=00_Af5MQ-BHfNB5mL1sgqJScJnWJv25exWKUVQJwlomF3179Q&oe=6A18EC16,https://www.facebook.com/1425872462917992/videos/664011355610037,405,720,video,video_inline,,https://www.facebook.com/1425872462917992/videos/664011355610037,"#Bharat_Book_Of_Records
🇮🇳🏅🇮🇳🏅🇮🇳🏅🇮🇳🏅🇮🇳🏅🇮🇳🏅🇮🇳🏅🇮🇳🏅🇮🇳
#Record_Holder

🇮🇳🇮🇳🇮🇳🇮🇳🇮🇳🇮🇳🇮🇳🇮🇳🇮🇳🇮🇳🇮🇳🇮🇳🇮🇳🇮🇳🇮🇳🇮🇳
On Occasion of  76th Independence day
 S V N ENGLISH HIGH SCHOOL #NAGAWARA
created a record of 760 Indian flags in 760 seconds by 760 students,
 ""Bharat Book Of Records""
🇮🇳🇮🇳🇮🇳🇮🇳🇮🇳🇮🇳🇮🇳🇮🇳🇮🇳🇮🇳🇮🇳🇮🇳🇮🇳🇮🇳🇮🇳🇮🇳🇮🇳",TRUE,FALSE,FALSE,FALSE,FALSE,2023-08-15T18:33:13+0000
107248091187807_670299255141987,https://scontent.fccu31-2.fna.fbcdn.net/v/t39.30808-6/481114762_1051488670356375_4819585320399032162_n.jpg?stp=dst-jpg_p720x720_tt6&_nc_cat=103&ccb=1-7&_nc_sid=833d8c&_nc_ohc=URFK5XxjkIAQ7kNvwEQRTIj&_nc_oc=AdoNkKW5UZAcxpUZIlkM51AqPapElubdi1lqUeC7X64Wtuy-lh5EyxybT5_89CO9p7k&_nc_zt=23&_nc_ht=scontent.fccu31-2.fna&edm=AKIiGfEEAAAA&_nc_gid=0PrDcyjr46WUg0DF5ixRXA&_nc_tpa=Q5bMBQG45eosYP1CZfUF9ccOWbWFshCcCG_55iD3nHJUKG_kQNfNglr0hIje1zH6vDKibUDZdK4La-ge8w&oh=00_Af6D56zxuRvOCXKtC-jQlx6Uk0JWonoR_S_e2JUCZaUZtw&oe=6A18DFFB,https://scontent.fccu31-2.fna.fbcdn.net/v/t39.30808-6/481114762_1051488670356375_4819585320399032162_n.jpg?stp=dst-jpg_p720x720_tt6&_nc_cat=103&ccb=1-7&_nc_sid=833d8c&_nc_ohc=URFK5XxjkIAQ7kNvwEQRTIj&_nc_oc=AdoNkKW5UZAcxpUZIlkM51AqPapElubdi1lqUeC7X64Wtuy-lh5EyxybT5_89CO9p7k&_nc_zt=23&_nc_ht=scontent.fccu31-2.fna&edm=AKIiGfEEAAAA&_nc_gid=0PrDcyjr46WUg0DF5ixRXA&_nc_tpa=Q5bMBQEdXsRHvVYVAVjjVdHqWS63o6fB-V4kOhjkJYDrdOEI_p9rPKeeV0Sg06iNZGTjinLgduJTK0oolQ&oh=00_Af4iTk_2ewNkDOx10aKR6bfmT-pDyaabxY-xhQIIeaUVCw&oe=6A18DFFB,https://www.facebook.com/photo.php?fbid=670299228475323&set=a.448214567350458&type=3,986,720,photo,photo,"#Bharat_Book_Of_Records
🇮🇳🏅🇮🇳🏅🇮🇳🏅🇮🇳🏅🇮🇳🏅🇮🇳🏅🇮🇳🏅🇮🇳🏅🇮🇳
#Record_Holder
Smt. MADHURA ASHOK KUMAR
(Social Activist)

For Voluntarily donating blood for 117 times to encourage women and proved that women can also donate blood without any fear at Bengaluru Karnataka. Your service has been verified approved and accepted to be a part of The prestigious book

""Bharat Book Of Records",https://www.facebook.com/1425872462917992/posts/670299255141987,"#Bharat_Book_Of_Records
🇮🇳🏅🇮🇳🏅🇮🇳🏅🇮🇳🏅🇮🇳🏅🇮🇳🏅🇮🇳🏅🇮🇳🏅🇮🇳
#Record_Holder
Smt. MADHURA ASHOK KUMAR
(Social Activist)

For Voluntarily donating blood for 117 times to encourage women and proved that women can also donate blood without any fear at Bengaluru Karnataka. Your service has been verified approved and accepted to be a part of The prestigious book

""Bharat Book Of Records",TRUE,FALSE,FALSE,FALSE,FALSE,2023-07-25T13:01:00+0000
107248091187807_585708156934431,https://scontent.fccu31-2.fna.fbcdn.net/v/t15.5256-10/334068968_1391836058301342_3901965362899988084_n.jpg?_nc_cat=111&ccb=1-7&_nc_sid=54741f&_nc_ohc=28oHtocjFTMQ7kNvwHS4qzJ&_nc_oc=AdpoSl8XInn72H2gwxR5IdrozLOvvw-B2tIFI6Of44bIdMFJhg2609LBUmllPK3J2H4&_nc_zt=23&_nc_ht=scontent.fccu31-2.fna&edm=AKIiGfEEAAAA&_nc_gid=0PrDcyjr46WUg0DF5ixRXA&_nc_tpa=Q5bMBQFLt8jsvKdzw0XqmqHi4ZTWY5AoPOxOc6oXHFNWGB7XMgx5YYPaRHAMjq9j-nyP0g27zrhlLxGKFg&oh=00_Af43OzKF_S4TzgWsBySl78taR7l0EB8seer2CoEa8755cg&oe=6A18E099,https://scontent.fccu31-2.fna.fbcdn.net/v/t15.5256-10/334068968_1391836058301342_3901965362899988084_n.jpg?stp=dst-jpg_s720x720_tt6&_nc_cat=111&ccb=1-7&_nc_sid=54741f&_nc_ohc=28oHtocjFTMQ7kNvwHS4qzJ&_nc_oc=AdpoSl8XInn72H2gwxR5IdrozLOvvw-B2tIFI6Of44bIdMFJhg2609LBUmllPK3J2H4&_nc_zt=23&_nc_ht=scontent.fccu31-2.fna&edm=AKIiGfEEAAAA&_nc_gid=0PrDcyjr46WUg0DF5ixRXA&_nc_tpa=Q5bMBQEI7RO2ManP20jxmL2moUwrCc2Eb6vhg69vG0J2JPP0eTvg2aia7hDjzmY4iy9noQxIhh7TxPcTKA&oh=00_Af5HYdZ-In0a6u58EJeRfabUGYItUJvMvq4W_iLTh0FqmQ&oe=6A18E099,https://www.facebook.com/1425872462917992/videos/518458330432341,405,720,video,video_inline,,https://www.facebook.com/1425872462917992/videos/518458330432341,"#Bharat_Book_Of_Records
🇮🇳🏅🇮🇳🏅🇮🇳🏅🇮🇳🏅🇮🇳🏅🇮🇳🏅🇮🇳🏅🇮🇳🏅🇮🇳

Successfully Participated in The International Women's day which was conducted on the 7th March 2023 inside the running train VANDE BHARAT EXPRESS Bangalore to Mysore and created a history for the first time in India by celebrating and honouring the Durga Devis of our Nation inside the running train which was appreciated  and accepted to be mentioned in the Prestigious book 
BHARAT BOOK OF RECORDS",TRUE,FALSE,FALSE,FALSE,FALSE,2023-03-09T08:26:59+0000
107248091187807_585708213601092,https://external.fccu3-1.fna.fbcdn.net/emg1/v/t13/14088980961607849954?url=https%3A%2F%2Fetvbharatimages.akamaized.net%2Fetvbharat%2Fprod-images%2F1200-900-17939749-thumbnail-4x3-sanju.jpg&fb_obo=1&utld=akamaized.net&edm=AKIiGfEEAAAA&_nc_gid=0PrDcyjr46WUg0DF5ixRXA&_nc_oc=Adq1kS9ZwLLYwrLohUp5tXVQ0-WmlO5QmJgAemqYLnwhSVXEGSt9P0HXOqUTtbIBrRw&ccb=13-1&stp=dst-emg0_fr_q75_tt6&ur=50234c&_nc_sid=64c8fc&oh=06_Q3-_AVzUq4g0RRBUKIlWBd0zoR-6Rpz5fAQCCt6GYUVg1Y7A&oe=6A14E535,https://external.fccu3-1.fna.fbcdn.net/emg1/v/t13/14088980961607849954?url=https%3A%2F%2Fetvbharatimages.akamaized.net%2Fetvbharat%2Fprod-images%2F1200-900-17939749-thumbnail-4x3-sanju.jpg&fb_obo=1&utld=akamaized.net&stp=c0.5000x0.5000f_dst-emg0_p720x720_q75_tt6&edm=AKIiGfEEAAAA&_nc_gid=0PrDcyjr46WUg0DF5ixRXA&_nc_oc=Adq1kS9ZwLLYwrLohUp5tXVQ0-WmlO5QmJgAemqYLnwhSVXEGSt9P0HXOqUTtbIBrRw&ccb=13-1&oh=06_Q3-_AZlu6w5G3MkfBX6t44NHIaflTkc0_64ok5ir6uTr8t0B&oe=6A14E535&_nc_sid=ef6713,https://l.facebook.com/l.php?u=https%3A%2F%2Fwww.etvbharat.com%2Fkannada%2Fkarnataka%2Fvideos%2Fother-videos%2Fwomens-day-program-celebration-in-moving-vande-bharat-train%2Fka20230308231034623623953&h=AUAmGiIgTt2ilmMpxfU9DhgK-fpPW2pBxAlB4wD0r2X8-sstlDV_y2vNcwu2jHYAJ6pF1OJ_x3hhYEMoeo-XMYSwd3Fiq6VzEidAzE6K_VTtt2Ch2NeS6ERsOMjJBkc0&s=1,720,720,link,share,ಬೆಂಗಳೂರು : ಚಲಿಸುವ ವಂದೇ ಭಾರತ ರೈಲಿನಲ್ಲಿ ಮಹಿಳಾ ದಿನಾಚರಣೆ ಆಚರಣೆ ಕಾರ್ಯಕ್ರಮ ನಡೆದಿದೆ. ಸ್ವರ್ಣ ಭಾರತ್ ಫೌಂಡೇಶನ್ ಸಂಸ್ಥೆಯ ವತಿ....,https://www.facebook.com/1425872462917992/posts/585708213601092,https://www.etvbharat.com/kannada/karnataka/videos/other-videos/womens-day-program-celebration-in-moving-vande-bharat-train/ka20230308231034623623953,TRUE,FALSE,FALSE,FALSE,FALSE,2023-03-09T08:25:51+0000
107248091187807_585703290268251,https://scontent.fccu31-1.fna.fbcdn.net/v/t39.30808-6/477983928_1041951577976751_7214855418128028019_n.jpg?_nc_cat=100&ccb=1-7&_nc_sid=833d8c&_nc_ohc=-o9KYV7VuxYQ7kNvwEtv4Hx&_nc_oc=Adrr1scBw_0CCnQsPywmSPqOX0fOcfhc2zwRcnTUnNmPyBgcCjyW9BXMklUo9vwuf0g&_nc_zt=23&_nc_ht=scontent.fccu31-1.fna&edm=AKIiGfEEAAAA&_nc_gid=0PrDcyjr46WUg0DF5ixRXA&_nc_tpa=Q5bMBQE2v_QNc0olSpQfit8726yCF6-yjNi56bDjEkHLoeCJqBcIK9sZ3_y277Vdx41JGnmV3r3fNfAsWQ&oh=00_Af4ttyYKM7J6qVcnhSrUl184j-N-7JnmK374hVLfaaVWow&oe=6A18DC45,https://scontent.fccu31-1.fna.fbcdn.net/v/t39.30808-6/477983928_1041951577976751_7214855418128028019_n.jpg?_nc_cat=100&ccb=1-7&_nc_sid=833d8c&_nc_ohc=-o9KYV7VuxYQ7kNvwEtv4Hx&_nc_oc=Adrr1scBw_0CCnQsPywmSPqOX0fOcfhc2zwRcnTUnNmPyBgcCjyW9BXMklUo9vwuf0g&_nc_zt=23&_nc_ht=scontent.fccu31-1.fna&edm=AKIiGfEEAAAA&_nc_gid=0PrDcyjr46WUg0DF5ixRXA&_nc_tpa=Q5bMBQE2qZAyk58CqZMWB3qMhT_UrdFP5Cxq6Q9q9z019WmqSS1SIISm8GcWR2VWi3E6Tog6PrzfS8M72A&oh=00_Af4KwAfa_CmvIVbi_3ZE5--g3TBxZWDCQ9YFepy0ehCCOw&oe=6A18DC45,https://www.facebook.com/1425872462917992/posts/585703290268251,640,960,album,album,,https://www.facebook.com/1425872462917992/posts/585703290268251,"#Bharat_Book_Of_Records
🇮🇳🏅🇮🇳🏅🇮🇳🏅🇮🇳🏅🇮🇳🏅🇮🇳🏅🇮🇳🏅🇮🇳🏅🇮🇳
#Record_Holders

Successfully Participated in The International Women's day which was conducted on the 7th March 2023 inside the running train VANDE BHARAT EXPRESS Bangalore to Mysore and created a history for the first time in India by celebrating and honouring the Durga Devis of our Nation inside the running train which was appreciated  and accepted to be mentioned in the Prestigious book 
BHARAT BOOK OF RECORDS",TRUE,FALSE,FALSE,FALSE,FALSE,2023-03-09T08:11:17+0000
107248091187807_585702716934975,https://scontent.fccu3-1.fna.fbcdn.net/v/t39.30808-6/476632231_1041951534643422_1732055604326592706_n.jpg?stp=dst-jpg_s1080x2048_tt6&_nc_cat=106&ccb=1-7&_nc_sid=833d8c&_nc_ohc=w7Sbh_A-SMUQ7kNvwGsaWqS&_nc_oc=AdqXekGBWguCU2fXhlmoP_rLI_Xv9R0BaMsGhYOqkG-DAcdQCQAEUcW59mYzhGRY7kc&_nc_zt=23&_nc_ht=scontent.fccu3-1.fna&edm=AKIiGfEEAAAA&_nc_gid=0PrDcyjr46WUg0DF5ixRXA&_nc_tpa=Q5bMBQEB6XNMwwC-9eXPe_vpz-UR84om37_H2UBTq0wcCCN2CQUsxtoy5fOfoKOYS6s-j5Y_V7vvMQXhag&oh=00_Af79SqUKuTz5DhuUISXS4Gh80X22N8nYul5jC0WvuTcumg&oe=6A18C581,https://scontent.fccu3-1.fna.fbcdn.net/v/t39.30808-6/476632231_1041951534643422_1732055604326592706_n.jpg?stp=dst-jpg_s1080x2048_tt6&_nc_cat=106&ccb=1-7&_nc_sid=833d8c&_nc_ohc=w7Sbh_A-SMUQ7kNvwGsaWqS&_nc_oc=AdqXekGBWguCU2fXhlmoP_rLI_Xv9R0BaMsGhYOqkG-DAcdQCQAEUcW59mYzhGRY7kc&_nc_zt=23&_nc_ht=scontent.fccu3-1.fna&edm=AKIiGfEEAAAA&_nc_gid=0PrDcyjr46WUg0DF5ixRXA&_nc_tpa=Q5bMBQEv7fI7KPGDNPR0mBbGAm9Ew6lccmZCtJOz-xWMG4yXMDG0cIaq0rIrCACK7Gt6ENDTH5ylJHnmow&oh=00_Af5nK6OiJGQOtIK_OwzP_BubYfyfWO0S05zi1678M2e_bw&oe=6A18C581,https://www.facebook.com/1425872462917992/posts/585702716934975,720,1080,album,album,,https://www.facebook.com/1425872462917992/posts/585702716934975,"#Bharat_Book_Of_Records
🇮🇳🏅🇮🇳🏅🇮🇳🏅🇮🇳🏅🇮🇳🏅🇮🇳🏅🇮🇳🏅🇮🇳🏅🇮🇳
#Record_Holders

Successfully Participated in The International Women's day which was conducted on the 7th March 2023 inside the running train VANDE BHARAT EXPRESS Bangalore to Mysore and created a history for the first time in India by celebrating and honouring the Durga Devis of our Nation inside the running train which was appreciated  and accepted to be mentioned in the Prestigious book 
BHARAT BOOK OF RECORDS",TRUE,FALSE,FALSE,FALSE,FALSE,2023-03-09T08:10:04+0000
107248091187807_585685170270063,https://scontent.fccu31-2.fna.fbcdn.net/v/t39.30808-6/478627245_1041951571310085_4854426493679076167_n.jpg?stp=dst-jpg_p720x720_tt6&_nc_cat=103&ccb=1-7&_nc_sid=833d8c&_nc_ohc=QAKBgpW8np0Q7kNvwEPtDVY&_nc_oc=Adqmv1YqIkBdG64pPxe7LSSzgz1U31SdkhYmDFYxZs-NKtu--fVO4uLkWjo0OMCUlEI&_nc_zt=23&_nc_ht=scontent.fccu31-2.fna&edm=AKIiGfEEAAAA&_nc_gid=0PrDcyjr46WUg0DF5ixRXA&_nc_tpa=Q5bMBQGwx4IKWRb1Ace4GqzoQX6qP9t75dbSQ45gpt3S3qQfRAhKFEkRn-79_ccOZBmzd5qvryv7YUCOlA&oh=00_Af6tncGWgDDN-C0Pyx8daVXY11UtcRcwih3K8RmKKBjLhQ&oe=6A18D3AE,https://scontent.fccu31-2.fna.fbcdn.net/v/t39.30808-6/478627245_1041951571310085_4854426493679076167_n.jpg?stp=dst-jpg_p720x720_tt6&_nc_cat=103&ccb=1-7&_nc_sid=833d8c&_nc_ohc=QAKBgpW8np0Q7kNvwEPtDVY&_nc_oc=Adqmv1YqIkBdG64pPxe7LSSzgz1U31SdkhYmDFYxZs-NKtu--fVO4uLkWjo0OMCUlEI&_nc_zt=23&_nc_ht=scontent.fccu31-2.fna&edm=AKIiGfEEAAAA&_nc_gid=0PrDcyjr46WUg0DF5ixRXA&_nc_tpa=Q5bMBQFHWf8VJjVksHu9NOv3KQCAQCXqgSy6j49PcGaxq0vLQhu0MsPVcNYtxd9jXrBSDvv1Wb5KFcmP2w&oh=00_Af4xIcUBEjD-vnM7-plnzEj5mjgSf2gPio5xWED71oqYAA&oe=6A18D3AE,https://www.facebook.com/photo.php?fbid=585685150270065&set=a.448214567350458&type=3,720,815,photo,photo,"#Bharat_Book_Of_Records
🇮🇳🏅🇮🇳🏅🇮🇳🏅🇮🇳🏅🇮🇳🏅🇮🇳🏅🇮🇳🏅🇮🇳🏅🇮🇳
#Record_Holder

Successfully Participated in The International Women's day which was conducted on the 7th March 2023 inside the running train VANDE BHARAT EXPRESS Bangalore to Mysore and created a history for the first time in India by celebrating and honouring the Durga Devis of our Nation inside the running train which was appreciated  and accepted to be mentioned in the Prestigious book 
BHARAT BOOK OF RECORDS",https://www.facebook.com/1425872462917992/posts/585685170270063,"#Bharat_Book_Of_Records
🇮🇳🏅🇮🇳🏅🇮🇳🏅🇮🇳🏅🇮🇳🏅🇮🇳🏅🇮🇳🏅🇮🇳🏅🇮🇳
#Record_Holder

Successfully Participated in The International Women's day which was conducted on the 7th March 2023 inside the running train VANDE BHARAT EXPRESS Bangalore to Mysore and created a history for the first time in India by celebrating and honouring the Durga Devis of our Nation inside the running train which was appreciated  and accepted to be mentioned in the Prestigious book 
BHARAT BOOK OF RECORDS",TRUE,FALSE,FALSE,FALSE,FALSE,2023-03-09T07:20:51+0000
107248091187807_585684910270089,https://scontent.fccu31-1.fna.fbcdn.net/v/t39.30808-6/477189031_1041951604643415_254162193378340954_n.jpg?stp=dst-jpg_p720x720_tt6&_nc_cat=100&ccb=1-7&_nc_sid=833d8c&_nc_ohc=ekkc_uy4Q4wQ7kNvwHtx4xh&_nc_oc=AdrSEzKVI7Z_3hm0G3yG7uov4nC2QGA_yN8Txpu6s9DGaHJPGsCAALolfukojguU998&_nc_zt=23&_nc_ht=scontent.fccu31-1.fna&edm=AKIiGfEEAAAA&_nc_gid=0PrDcyjr46WUg0DF5ixRXA&_nc_tpa=Q5bMBQFm0W0FHVtfTnlF0LKztIYhom6sAPv7jfCuvBsNvxNcQ0JAPNHWpO7XaZwCt-2L6pr1ASm0-0bZOQ&oh=00_Af6yU9fYK94LWyu_h61NReJrZAKoBgJ7H5e1t6GEUJtJPw&oe=6A18CDCC,https://scontent.fccu31-1.fna.fbcdn.net/v/t39.30808-6/477189031_1041951604643415_254162193378340954_n.jpg?stp=dst-jpg_p720x720_tt6&_nc_cat=100&ccb=1-7&_nc_sid=833d8c&_nc_ohc=ekkc_uy4Q4wQ7kNvwHtx4xh&_nc_oc=AdrSEzKVI7Z_3hm0G3yG7uov4nC2QGA_yN8Txpu6s9DGaHJPGsCAALolfukojguU998&_nc_zt=23&_nc_ht=scontent.fccu31-1.fna&edm=AKIiGfEEAAAA&_nc_gid=0PrDcyjr46WUg0DF5ixRXA&_nc_tpa=Q5bMBQEPK_gUahlEYI6RrqDRHfkduduAm_9CqkqQLXgZ2HP4z_PCVFxJRNSWP7y2-eI4afCH7KQ7qHnnOw&oh=00_Af5VCVHVTpgMk_bJuuwEx-1P1fFVZXO1HyXB_sl9LNTZhA&oe=6A18CDCC,https://www.facebook.com/photo.php?fbid=585684896936757&set=a.448214567350458&type=3,720,888,photo,photo,"#Bharat_Book_Of_Records
🇮🇳🏅🇮🇳🏅🇮🇳🏅🇮🇳🏅🇮🇳🏅🇮🇳🏅🇮🇳🏅🇮🇳🏅🇮🇳
#Record_Holder

Successfully Participated in The International Women's day which was conducted on the 7th March 2023 inside the running train VANDE BHARAT EXPRESS Bangalore to Mysore and created a history for the first time in India by celebrating and honouring the Durga Devis of our Nation inside the running train which was appreciated  and accepted to be mentioned in the Prestigious book 
BHARAT BOOK OF RECORDS",https://www.facebook.com/1425872462917992/posts/585684910270089,"#Bharat_Book_Of_Records
🇮🇳🏅🇮🇳🏅🇮🇳🏅🇮🇳🏅🇮🇳🏅🇮🇳🏅🇮🇳🏅🇮🇳🏅🇮🇳
#Record_Holder

Successfully Participated in The International Women's day which was conducted on the 7th March 2023 inside the running train VANDE BHARAT EXPRESS Bangalore to Mysore and created a history for the first time in India by celebrating and honouring the Durga Devis of our Nation inside the running train which was appreciated  and accepted to be mentioned in the Prestigious book 
BHARAT BOOK OF RECORDS",TRUE,FALSE,FALSE,FALSE,FALSE,2023-03-09T07:20:17+0000
107248091187807_585684670270113,https://scontent.fccu31-1.fna.fbcdn.net/v/t39.30808-6/477313863_1041951601310082_7032491177692932679_n.jpg?stp=dst-jpg_p720x720_tt6&_nc_cat=110&ccb=1-7&_nc_sid=833d8c&_nc_ohc=swYgv4EtdjUQ7kNvwEh4Pt5&_nc_oc=AdplVc9VDpP-f02F35Nfs2EZKRccIVgdL4Fms-DxVvg5DU5bvcyf_p4jBC6wkCiXzeM&_nc_zt=23&_nc_ht=scontent.fccu31-1.fna&edm=AKIiGfEEAAAA&_nc_gid=0PrDcyjr46WUg0DF5ixRXA&_nc_tpa=Q5bMBQFAen0ysfNElSOQCqJSdJJnuhHPMaCrIO8KS2AU2I_qrbnK_X6Nj0RqJ1pbGFO-_f5S65nO7rp-fQ&oh=00_Af7UfP9tfLKQ-QCiaHE6Ym1NBnGbjQUDvLM1m9IjDn3-IA&oe=6A18EB3E,https://scontent.fccu31-1.fna.fbcdn.net/v/t39.30808-6/477313863_1041951601310082_7032491177692932679_n.jpg?stp=dst-jpg_p720x720_tt6&_nc_cat=110&ccb=1-7&_nc_sid=833d8c&_nc_ohc=swYgv4EtdjUQ7kNvwEh4Pt5&_nc_oc=AdplVc9VDpP-f02F35Nfs2EZKRccIVgdL4Fms-DxVvg5DU5bvcyf_p4jBC6wkCiXzeM&_nc_zt=23&_nc_ht=scontent.fccu31-1.fna&edm=AKIiGfEEAAAA&_nc_gid=0PrDcyjr46WUg0DF5ixRXA&_nc_tpa=Q5bMBQHiT2h18XYBZ379eyydYkWCRxCdngx5L7hajEvBNW_CNLdYYOdJFl7zV_Ct0MyykJ4B34MRFpDdiQ&oh=00_Af7nme87jz3dUKO_1UpuH7pCIMBgbFrKc7obcYWQiRa29w&oe=6A18EB3E,https://www.facebook.com/photo.php?fbid=585684656936781&set=a.448214567350458&type=3,720,899,photo,photo,"#Bharat_Book_Of_Records
🇮🇳🏅🇮🇳🏅🇮🇳🏅🇮🇳🏅🇮🇳🏅🇮🇳🏅🇮🇳🏅🇮🇳🏅🇮🇳
#Record_Holder

Successfully Participated in The International Women's day which was conducted on the 7th March 2023 inside the running train VANDE BHARAT EXPRESS Bangalore to Mysore and created a history for the first time in India by celebrating and honouring the Durga Devis of our Nation inside the running train which was appreciated  and accepted to be mentioned in the Prestigious book 
BHARAT BOOK OF RECORDS",https://www.facebook.com/1425872462917992/posts/585684670270113,"#Bharat_Book_Of_Records
🇮🇳🏅🇮🇳🏅🇮🇳🏅🇮🇳🏅🇮🇳🏅🇮🇳🏅🇮🇳🏅🇮🇳🏅🇮🇳
#Record_Holder

Successfully Participated in The International Women's day which was conducted on the 7th March 2023 inside the running train VANDE BHARAT EXPRESS Bangalore to Mysore and created a history for the first time in India by celebrating and honouring the Durga Devis of our Nation inside the running train which was appreciated  and accepted to be mentioned in the Prestigious book 
BHARAT BOOK OF RECORDS",TRUE,FALSE,FALSE,FALSE,FALSE,2023-03-09T07:19:43+0000
107248091187807_585684383603475,https://scontent.fccu31-2.fna.fbcdn.net/v/t39.30808-6/477002194_1041951594643416_817395647971918983_n.jpg?stp=dst-jpg_p720x720_tt6&_nc_cat=103&ccb=1-7&_nc_sid=833d8c&_nc_ohc=y996muX9MNoQ7kNvwHIiwIi&_nc_oc=AdpbXmXlEkaNBHoC52D8vGx7iqLvpvhx5V8jB0mUUP992a4_5c4PymPcREW0tnegk2Y&_nc_zt=23&_nc_ht=scontent.fccu31-2.fna&edm=AKIiGfEEAAAA&_nc_gid=0PrDcyjr46WUg0DF5ixRXA&_nc_tpa=Q5bMBQGLSXg2-CJe5vNJd0lNixzIJ2tU9C1EGIUIBk1Ly-vFsqlm_HdhmIDXPJlv5gd-4Ay4rgKETAw1Hg&oh=00_Af6eS72GjbgGyn2dximZE48IHLh0CaltL-gt8qvt14uXLg&oe=6A18E168,https://scontent.fccu31-2.fna.fbcdn.net/v/t39.30808-6/477002194_1041951594643416_817395647971918983_n.jpg?stp=dst-jpg_p720x720_tt6&_nc_cat=103&ccb=1-7&_nc_sid=833d8c&_nc_ohc=y996muX9MNoQ7kNvwHIiwIi&_nc_oc=AdpbXmXlEkaNBHoC52D8vGx7iqLvpvhx5V8jB0mUUP992a4_5c4PymPcREW0tnegk2Y&_nc_zt=23&_nc_ht=scontent.fccu31-2.fna&edm=AKIiGfEEAAAA&_nc_gid=0PrDcyjr46WUg0DF5ixRXA&_nc_tpa=Q5bMBQEH3bt-yyAS8pe1V0FDS34HbAPPSbpUjDdUgJHddNjegMDSmtD69NTgky6K-J3ohipPpCXfkiNcDA&oh=00_Af5pCqyD_JUYTPQ5Wn1wdJOKUTOTlKpHlHobutycngk6kg&oe=6A18E168,https://www.facebook.com/photo.php?fbid=585684363603477&set=a.448214567350458&type=3,720,872,photo,photo,"#Bharat_Book_Of_Records
🇮🇳🏅🇮🇳🏅🇮🇳🏅🇮🇳🏅🇮🇳🏅🇮🇳🏅🇮🇳🏅🇮🇳🏅🇮🇳
#Record_Holder

Successfully Participated in The International Women's day which was conducted on the 7th March 2023 inside the running train VANDE BHARAT EXPRESS Bangalore to Mysore and created a history for the first time in India by celebrating and honouring the Durga Devis of our Nation inside the running train which was appreciated  and accepted to be mentioned in the Prestigious book 
BHARAT BOOK OF RECORDS",https://www.facebook.com/1425872462917992/posts/585684383603475,"#Bharat_Book_Of_Records
🇮🇳🏅🇮🇳🏅🇮🇳🏅🇮🇳🏅🇮🇳🏅🇮🇳🏅🇮🇳🏅🇮🇳🏅🇮🇳
#Record_Holder

Successfully Participated in The International Women's day which was conducted on the 7th March 2023 inside the running train VANDE BHARAT EXPRESS Bangalore to Mysore and created a history for the first time in India by celebrating and honouring the Durga Devis of our Nation inside the running train which was appreciated  and accepted to be mentioned in the Prestigious book 
BHARAT BOOK OF RECORDS",TRUE,FALSE,FALSE,FALSE,FALSE,2023-03-09T07:18:56+0000
107248091187807_585684100270170,https://scontent.fccu31-2.fna.fbcdn.net/v/t39.30808-6/476639652_1041951607976748_7926478533601359449_n.jpg?stp=dst-jpg_p720x720_tt6&_nc_cat=108&ccb=1-7&_nc_sid=833d8c&_nc_ohc=_spG-bmnSl4Q7kNvwFYyPmL&_nc_oc=AdoBE2ge1HX65dF_-g_ullbQljjqUg0cauNbuNLfmT3ayGYz-YMt_yLnrvnsBZRg3vM&_nc_zt=23&_nc_ht=scontent.fccu31-2.fna&edm=AKIiGfEEAAAA&_nc_gid=0PrDcyjr46WUg0DF5ixRXA&_nc_tpa=Q5bMBQEur1LDTwOdTspAbNVLWm879izP3iRGLVyqVPz7BhqBQKj1ptJanStvSw2zsgl2ooq6drl_z_mUTg&oh=00_Af5rIJfxCvfJCUAjOot2fHEe4LLu6YryJ1nkLr673H2A4Q&oe=6A18D41E,https://scontent.fccu31-2.fna.fbcdn.net/v/t39.30808-6/476639652_1041951607976748_7926478533601359449_n.jpg?stp=dst-jpg_p720x720_tt6&_nc_cat=108&ccb=1-7&_nc_sid=833d8c&_nc_ohc=_spG-bmnSl4Q7kNvwFYyPmL&_nc_oc=AdoBE2ge1HX65dF_-g_ullbQljjqUg0cauNbuNLfmT3ayGYz-YMt_yLnrvnsBZRg3vM&_nc_zt=23&_nc_ht=scontent.fccu31-2.fna&edm=AKIiGfEEAAAA&_nc_gid=0PrDcyjr46WUg0DF5ixRXA&_nc_tpa=Q5bMBQEzfuWgyjEh7oRkqLIA_c5bWTINs5kGGytm2g_PtaTfQFa5_On9qff9VVG0z_LN8CW8_WYZTF5gRw&oh=00_Af4lngZPPgs5PBBsGCDw3eVgQeqdjLSD2_phOVdvOndwhA&oe=6A18D41E,https://www.facebook.com/photo.php?fbid=585684086936838&set=a.448214567350458&type=3,720,893,photo,photo,"#Bharat_Book_Of_Records
🇮🇳🏅🇮🇳🏅🇮🇳🏅🇮🇳🏅🇮🇳🏅🇮🇳🏅🇮🇳🏅🇮🇳🏅🇮🇳
#Record_Holder

Successfully Participated in The International Women's day which was conducted on the 7th March 2023 inside the running train VANDE BHARAT EXPRESS Bangalore to Mysore and created a history for the first time in India by celebrating and honouring the Durga Devis of our Nation inside the running train which was appreciated  and accepted to be mentioned in the Prestigious book 
BHARAT BOOK OF RECORDS",https://www.facebook.com/1425872462917992/posts/585684100270170,"#Bharat_Book_Of_Records
🇮🇳🏅🇮🇳🏅🇮🇳🏅🇮🇳🏅🇮🇳🏅🇮🇳🏅🇮🇳🏅🇮🇳🏅🇮🇳
#Record_Holder

Successfully Participated in The International Women's day which was conducted on the 7th March 2023 inside the running train VANDE BHARAT EXPRESS Bangalore to Mysore and created a history for the first time in India by celebrating and honouring the Durga Devis of our Nation inside the running train which was appreciated  and accepted to be mentioned in the Prestigious book 
BHARAT BOOK OF RECORDS",TRUE,FALSE,FALSE,FALSE,FALSE,2023-03-09T07:18:18+0000
107248091187807_585683753603538,https://scontent.fccu31-1.fna.fbcdn.net/v/t39.30808-6/477772167_1041951484643427_4224515162339626828_n.jpg?stp=dst-jpg_p720x720_tt6&_nc_cat=107&ccb=1-7&_nc_sid=833d8c&_nc_ohc=ybhoa2SkJB0Q7kNvwHEcNb-&_nc_oc=AdpIH1ThPvoWjuo3IC7BzLi0RdjxP-GI1mx3uqVUV4TYK3uabOgSHBbLGtdQyDpUTzw&_nc_zt=23&_nc_ht=scontent.fccu31-1.fna&edm=AKIiGfEEAAAA&_nc_gid=0PrDcyjr46WUg0DF5ixRXA&_nc_tpa=Q5bMBQGEmsBmCARk9P8skHsKDKO09PRonF1IX-i2p4ILS4KN63t-ecw-3oJXCuC_l6NisNDe3IzTXTukiA&oh=00_Af75hHSUiOWbJKQ3aWin1szCOvaIKWKTN04svtZPb46ObQ&oe=6A18D263,https://scontent.fccu31-1.fna.fbcdn.net/v/t39.30808-6/477772167_1041951484643427_4224515162339626828_n.jpg?stp=dst-jpg_p720x720_tt6&_nc_cat=107&ccb=1-7&_nc_sid=833d8c&_nc_ohc=ybhoa2SkJB0Q7kNvwHEcNb-&_nc_oc=AdpIH1ThPvoWjuo3IC7BzLi0RdjxP-GI1mx3uqVUV4TYK3uabOgSHBbLGtdQyDpUTzw&_nc_zt=23&_nc_ht=scontent.fccu31-1.fna&edm=AKIiGfEEAAAA&_nc_gid=0PrDcyjr46WUg0DF5ixRXA&_nc_tpa=Q5bMBQEzYJBv-Zdj1vkRx1ygOsFb6tE7qxNjgusyqaAojc3HnuZWn5JsahCLJCDqrkptjrEOBwYmP5tqRw&oh=00_Af6n5yi8bg9aHBkGxt0wd3HAreHdsISYEOy1yFRqrKS8Yw&oe=6A18D263,https://www.facebook.com/photo.php?fbid=585683730270207&set=a.448214567350458&type=3,720,918,photo,photo,"#Bharat_Book_Of_Records
🇮🇳🏅🇮🇳🏅🇮🇳🏅🇮🇳🏅🇮🇳🏅🇮🇳🏅🇮🇳🏅🇮🇳🏅🇮🇳
#Record_Holder

Successfully Participated in The International Women's day which was conducted on the 7th March 2023 inside the running train VANDE BHARAT EXPRESS Bangalore to Mysore and created a history for the first time in India by celebrating and honouring the Durga Devis of our Nation inside the running train which was appreciated  and accepted to be mentioned in the Prestigious book 
BHARAT BOOK OF RECORDS",https://www.facebook.com/1425872462917992/posts/585683753603538,"#Bharat_Book_Of_Records
🇮🇳🏅🇮🇳🏅🇮🇳🏅🇮🇳🏅🇮🇳🏅🇮🇳🏅🇮🇳🏅🇮🇳🏅🇮🇳
#Record_Holder

Successfully Participated in The International Women's day which was conducted on the 7th March 2023 inside the running train VANDE BHARAT EXPRESS Bangalore to Mysore and created a history for the first time in India by celebrating and honouring the Durga Devis of our Nation inside the running train which was appreciated  and accepted to be mentioned in the Prestigious book 
BHARAT BOOK OF RECORDS",TRUE,FALSE,FALSE,FALSE,FALSE,2023-03-09T07:17:31+0000
107248091187807_585683293603584,https://scontent.fccu31-1.fna.fbcdn.net/v/t39.30808-6/477776469_1041951567976752_5545001081257650463_n.jpg?stp=dst-jpg_p720x720_tt6&_nc_cat=110&ccb=1-7&_nc_sid=833d8c&_nc_ohc=jKjMM_cng-UQ7kNvwFAYJ2d&_nc_oc=AdpDMh7KOx86G6I-e4jGEqmHBxvU0ihgxfd0lBLOc3kd09kYGvoPJAef62kbxHM7v_M&_nc_zt=23&_nc_ht=scontent.fccu31-1.fna&edm=AKIiGfEEAAAA&_nc_gid=0PrDcyjr46WUg0DF5ixRXA&_nc_tpa=Q5bMBQELK9Hiez3DcW3hbsXZ5coSAyB1qOLmMDKre-OvearNasdcbACf4fZi9sBrkEyqk610cPIhR0trkg&oh=00_Af6mk8rgLOOTZccHaBUhhgaMbVL0UWZPd-CCDU0gYO6qTQ&oe=6A18EE75,https://scontent.fccu31-1.fna.fbcdn.net/v/t39.30808-6/477776469_1041951567976752_5545001081257650463_n.jpg?stp=dst-jpg_p720x720_tt6&_nc_cat=110&ccb=1-7&_nc_sid=833d8c&_nc_ohc=jKjMM_cng-UQ7kNvwFAYJ2d&_nc_oc=AdpDMh7KOx86G6I-e4jGEqmHBxvU0ihgxfd0lBLOc3kd09kYGvoPJAef62kbxHM7v_M&_nc_zt=23&_nc_ht=scontent.fccu31-1.fna&edm=AKIiGfEEAAAA&_nc_gid=0PrDcyjr46WUg0DF5ixRXA&_nc_tpa=Q5bMBQGVfCTDrsKUT50uxVTTna_u9vCC_swRAQ4T84JF2XVJ3cAnKx8ttdFeBwwqmr5YnKTuaaC-KrygcA&oh=00_Af71Vfv26qweIAGhEGeXkutrfj79yVygYOVyl_BhA3zV2w&oe=6A18EE75,https://www.facebook.com/photo.php?fbid=585683273603586&set=a.448214567350458&type=3,720,939,photo,photo,"#Bharat_Book_Of_Records
🇮🇳🏅🇮🇳🏅🇮🇳🏅🇮🇳🏅🇮🇳🏅🇮🇳🏅🇮🇳🏅🇮🇳🏅🇮🇳
#Record_Holder

Successfully Participated in The International Women's day which was conducted on the 7th March 2023 inside the running train VANDE BHARAT EXPRESS Bangalore to Mysore and created a history for the first time in India by celebrating and honouring the Durga Devis of our Nation inside the running train which was appreciated  and accepted to be mentioned in the Prestigious book 
BHARAT BOOK OF RECORDS",https://www.facebook.com/1425872462917992/posts/585683293603584,"#Bharat_Book_Of_Records
🇮🇳🏅🇮🇳🏅🇮🇳🏅🇮🇳🏅🇮🇳🏅🇮🇳🏅🇮🇳🏅🇮🇳🏅🇮🇳
#Record_Holder

Successfully Participated in The International Women's day which was conducted on the 7th March 2023 inside the running train VANDE BHARAT EXPRESS Bangalore to Mysore and created a history for the first time in India by celebrating and honouring the Durga Devis of our Nation inside the running train which was appreciated  and accepted to be mentioned in the Prestigious book 
BHARAT BOOK OF RECORDS",TRUE,FALSE,FALSE,FALSE,FALSE,2023-03-09T07:16:30+0000
107248091187807_585683030270277,https://scontent.fccu31-1.fna.fbcdn.net/v/t39.30808-6/477725367_1041951364643439_5905253969794685164_n.jpg?stp=dst-jpg_p720x720_tt6&_nc_cat=105&ccb=1-7&_nc_sid=833d8c&_nc_ohc=KuwotG6nvn8Q7kNvwFTW6B_&_nc_oc=AdobIMx1DWhuRWRyoCFfK9j4GXnZHuAPTpyteoHpkFGOF8ZEk9bUU7DC-alSbxyh9tw&_nc_zt=23&_nc_ht=scontent.fccu31-1.fna&edm=AKIiGfEEAAAA&_nc_gid=0PrDcyjr46WUg0DF5ixRXA&_nc_tpa=Q5bMBQHcYsYsoN6WoyxfUUw_RIbyn9q0A1auRleuYj-BrmrI45eq99e91ehoQHS08iLarCfxRsiu6t2WWg&oh=00_Af517pfLKxVhurmEjvre4c6bWGYl_AYlgS62OcpoRAy6IQ&oe=6A18DC7B,https://scontent.fccu31-1.fna.fbcdn.net/v/t39.30808-6/477725367_1041951364643439_5905253969794685164_n.jpg?stp=dst-jpg_p720x720_tt6&_nc_cat=105&ccb=1-7&_nc_sid=833d8c&_nc_ohc=KuwotG6nvn8Q7kNvwFTW6B_&_nc_oc=AdobIMx1DWhuRWRyoCFfK9j4GXnZHuAPTpyteoHpkFGOF8ZEk9bUU7DC-alSbxyh9tw&_nc_zt=23&_nc_ht=scontent.fccu31-1.fna&edm=AKIiGfEEAAAA&_nc_gid=0PrDcyjr46WUg0DF5ixRXA&_nc_tpa=Q5bMBQFA3Zb5vFKwiTD-u_tkFvlUuEIpJmVgE9hILa2FnFw6MaEN_gMy6A16UXiljVT05siqKgzNV3aLTQ&oh=00_Af5GPhSXm3ZTJKDwmqskvsYAV5gcnSrqN7p70KKPCoqbkw&oe=6A18DC7B,https://www.facebook.com/photo.php?fbid=585683010270279&set=a.448214567350458&type=3,720,863,photo,photo,"#Bharat_Book_Of_Records
🇮🇳🏅🇮🇳🏅🇮🇳🏅🇮🇳🏅🇮🇳🏅🇮🇳🏅🇮🇳🏅🇮🇳🏅🇮🇳
#Record_Holder

Successfully Participated in The International Women's day which was conducted on the 7th March 2023 inside the running train VANDE BHARAT EXPRESS Bangalore to Mysore and created a history for the first time in India by celebrating and honouring the Durga Devis of our Nation inside the running train which was appreciated  and accepted to be mentioned in the Prestigious book 
BHARAT BOOK OF RECORDS",https://www.facebook.com/1425872462917992/posts/585683030270277,"#Bharat_Book_Of_Records
🇮🇳🏅🇮🇳🏅🇮🇳🏅🇮🇳🏅🇮🇳🏅🇮🇳🏅🇮🇳🏅🇮🇳🏅🇮🇳
#Record_Holder

Successfully Participated in The International Women's day which was conducted on the 7th March 2023 inside the running train VANDE BHARAT EXPRESS Bangalore to Mysore and created a history for the first time in India by celebrating and honouring the Durga Devis of our Nation inside the running train which was appreciated  and accepted to be mentioned in the Prestigious book 
BHARAT BOOK OF RECORDS",TRUE,FALSE,FALSE,FALSE,FALSE,2023-03-09T07:15:51+0000
107248091187807_585682816936965,https://scontent.fccu31-2.fna.fbcdn.net/v/t39.30808-6/478872011_1041951667976742_337838277014370129_n.jpg?stp=dst-jpg_p720x720_tt6&_nc_cat=111&ccb=1-7&_nc_sid=833d8c&_nc_ohc=JySuA6hl228Q7kNvwEvGSuZ&_nc_oc=Adol_iMGk0hns4YW_C1Sgc79rXJSJOwCmghxCjjCJn4dLW4SyKz2I0HyPXLcxA4mGbE&_nc_zt=23&_nc_ht=scontent.fccu31-2.fna&edm=AKIiGfEEAAAA&_nc_gid=0PrDcyjr46WUg0DF5ixRXA&_nc_tpa=Q5bMBQEpTwV9QB-ZRgTR86jJTyx1M4P7OXKoKgZGeg1bjdOsY3I_GNldMBaozSmDxNcU77kF8xI9o-tw3w&oh=00_Af6qSFP9b0CPvMAb37HgDVQqeoNZeZo0hDFdERwcb_BHiQ&oe=6A18E5B4,https://scontent.fccu31-2.fna.fbcdn.net/v/t39.30808-6/478872011_1041951667976742_337838277014370129_n.jpg?stp=dst-jpg_p720x720_tt6&_nc_cat=111&ccb=1-7&_nc_sid=833d8c&_nc_ohc=JySuA6hl228Q7kNvwEvGSuZ&_nc_oc=Adol_iMGk0hns4YW_C1Sgc79rXJSJOwCmghxCjjCJn4dLW4SyKz2I0HyPXLcxA4mGbE&_nc_zt=23&_nc_ht=scontent.fccu31-2.fna&edm=AKIiGfEEAAAA&_nc_gid=0PrDcyjr46WUg0DF5ixRXA&_nc_tpa=Q5bMBQGegSdvAHWNERZjTwOKJ0ZBim9H1FhhoKQlGr-WH0a1KEqzXMvsS0iB2aRMBi9ZEETwicEb5-EEnQ&oh=00_Af4JOWVQEewn5yxNMCd0RToCWwecMuB3tnGYHBi_TwDXwQ&oe=6A18E5B4,https://www.facebook.com/photo.php?fbid=585682800270300&set=a.448214567350458&type=3,720,918,photo,photo,"#Bharat_Book_Of_Records
🇮🇳🏅🇮🇳🏅🇮🇳🏅🇮🇳🏅🇮🇳🏅🇮🇳🏅🇮🇳🏅🇮🇳🏅🇮🇳
#Record_Holder

Successfully Participated in The International Women's day which was conducted on the 7th March 2023 inside the running train VANDE BHARAT EXPRESS Bangalore to Mysore and created a history for the first time in India by celebrating and honouring the Durga Devis of our Nation inside the running train which was appreciated  and accepted to be mentioned in the Prestigious book 
BHARAT BOOK OF RECORDS",https://www.facebook.com/1425872462917992/posts/585682816936965,"#Bharat_Book_Of_Records
🇮🇳🏅🇮🇳🏅🇮🇳🏅🇮🇳🏅🇮🇳🏅🇮🇳🏅🇮🇳🏅🇮🇳🏅🇮🇳
#Record_Holder

Successfully Participated in The International Women's day which was conducted on the 7th March 2023 inside the running train VANDE BHARAT EXPRESS Bangalore to Mysore and created a history for the first time in India by celebrating and honouring the Durga Devis of our Nation inside the running train which was appreciated  and accepted to be mentioned in the Prestigious book 
BHARAT BOOK OF RECORDS",TRUE,FALSE,FALSE,FALSE,FALSE,2023-03-09T07:15:18+0000
107248091187807_585682646936982,https://scontent.fccu31-2.fna.fbcdn.net/v/t39.30808-6/476638070_1041950427976866_6279063201380074535_n.jpg?stp=dst-jpg_p720x720_tt6&_nc_cat=108&ccb=1-7&_nc_sid=833d8c&_nc_ohc=vO8r9vgcEx0Q7kNvwFZpA0f&_nc_oc=Adr2Crz45DTR48zwvMGI35b6iVJwafoPGLMFOfQ0GO57CET85l5kSFtGtpPoHKJzZKI&_nc_zt=23&_nc_ht=scontent.fccu31-2.fna&edm=AKIiGfEEAAAA&_nc_gid=0PrDcyjr46WUg0DF5ixRXA&_nc_tpa=Q5bMBQGX3ArX3RdxvYZF0OxerYrOrwaThjVDuO0f7ZyjW3JIowrY4_U6bWrphitw3L651Q4tkl5fRCvTTw&oh=00_Af7eCs3ujv-rQ60q4SbKBjeyHRbN7XnBnQaksRqiGs-67w&oe=6A18CA55,https://scontent.fccu31-2.fna.fbcdn.net/v/t39.30808-6/476638070_1041950427976866_6279063201380074535_n.jpg?stp=dst-jpg_p720x720_tt6&_nc_cat=108&ccb=1-7&_nc_sid=833d8c&_nc_ohc=vO8r9vgcEx0Q7kNvwFZpA0f&_nc_oc=Adr2Crz45DTR48zwvMGI35b6iVJwafoPGLMFOfQ0GO57CET85l5kSFtGtpPoHKJzZKI&_nc_zt=23&_nc_ht=scontent.fccu31-2.fna&edm=AKIiGfEEAAAA&_nc_gid=0PrDcyjr46WUg0DF5ixRXA&_nc_tpa=Q5bMBQFK0MT99oDyEnHRFN6UVf-UbyS9CUbTPHx7sydS7ez-RQG_iCgI7vHQNUGvQFlZYLuZqZH9hFYDBQ&oh=00_Af4e6jgJcrWPiP41jurd4Urt17t7s-4CkVIiHTlzAs6zdw&oe=6A18CA55,https://www.facebook.com/photo.php?fbid=585682633603650&set=a.448214567350458&type=3,720,888,photo,photo,"#Bharat_Book_Of_Records
🇮🇳🏅🇮🇳🏅🇮🇳🏅🇮🇳🏅🇮🇳🏅🇮🇳🏅🇮🇳🏅🇮🇳🏅🇮🇳
#Record_Holder

Successfully Participated in The International Women's day which was conducted on the 7th March 2023 inside the running train VANDE BHARAT EXPRESS Bangalore to Mysore and created a history for the first time in India by celebrating and honouring the Durga Devis of our Nation inside the running train which was appreciated  and accepted to be mentioned in the Prestigious book 
BHARAT BOOK OF RECORDS",https://www.facebook.com/1425872462917992/posts/585682646936982,"#Bharat_Book_Of_Records
🇮🇳🏅🇮🇳🏅🇮🇳🏅🇮🇳🏅🇮🇳🏅🇮🇳🏅🇮🇳🏅🇮🇳🏅🇮🇳
#Record_Holder

Successfully Participated in The International Women's day which was conducted on the 7th March 2023 inside the running train VANDE BHARAT EXPRESS Bangalore to Mysore and created a history for the first time in India by celebrating and honouring the Durga Devis of our Nation inside the running train which was appreciated  and accepted to be mentioned in the Prestigious book 
BHARAT BOOK OF RECORDS",TRUE,FALSE,FALSE,FALSE,FALSE,2023-03-09T07:14:51+0000
107248091187807_585681930270387,https://scontent.fccu31-2.fna.fbcdn.net/v/t39.30808-6/476990866_1041950664643509_7821968915021141419_n.jpg?stp=dst-jpg_p720x720_tt6&_nc_cat=103&ccb=1-7&_nc_sid=833d8c&_nc_ohc=cuAVTzOrGGEQ7kNvwFEyIKt&_nc_oc=Adr8xvCtWYj6Kj8b6lJdDKxJSJEd_5YtjsctAcPWtsvmpwzZ7u2fj4I53b7b0yPD6bo&_nc_zt=23&_nc_ht=scontent.fccu31-2.fna&edm=AKIiGfEEAAAA&_nc_gid=0PrDcyjr46WUg0DF5ixRXA&_nc_tpa=Q5bMBQFxUQq20gQthaGlQmoclFPV_EN-WU5J0CAe_ASskhxMjksC4RA5BqeS9N4N1KCZy2u5SpoCUFpijg&oh=00_Af6gxQRkLbG4S3RX2vZJW0ReYbB8tlZvXJf9iW7vrXtYXw&oe=6A18DB5B,https://scontent.fccu31-2.fna.fbcdn.net/v/t39.30808-6/476990866_1041950664643509_7821968915021141419_n.jpg?stp=dst-jpg_p720x720_tt6&_nc_cat=103&ccb=1-7&_nc_sid=833d8c&_nc_ohc=cuAVTzOrGGEQ7kNvwFEyIKt&_nc_oc=Adr8xvCtWYj6Kj8b6lJdDKxJSJEd_5YtjsctAcPWtsvmpwzZ7u2fj4I53b7b0yPD6bo&_nc_zt=23&_nc_ht=scontent.fccu31-2.fna&edm=AKIiGfEEAAAA&_nc_gid=0PrDcyjr46WUg0DF5ixRXA&_nc_tpa=Q5bMBQHBYeBiaGwO2yvkScMPAWUR8QEaK7GsD_ODK8cz-dQGgjIsPvo0FP44yRM146XadPinEspdwqtz0g&oh=00_Af6opZ6Zu2tRATUAUe_SYk5-bSfu12Ge3IOA12NHWfQm7w&oe=6A18DB5B,https://www.facebook.com/photo.php?fbid=585681910270389&set=a.448214567350458&type=3,720,881,photo,photo,"#Bharat_Book_Of_Records
🇮🇳🏅🇮🇳🏅🇮🇳🏅🇮🇳🏅🇮🇳🏅🇮🇳🏅🇮🇳🏅🇮🇳🏅🇮🇳
#Record_Holder

Successful Participated in The International Women's day which was conducted on the 7th March 2023 inside the running train VANDE BHARAT EXPRESS Bangalore to Mysore and created a history for the first time in India by celebrating and honouring the Durga Devis of our Nation inside the running train which was appreciated  and accepted to be mentioned in the Prestigious book 
BHARAT BOOK OF RECORDS",https://www.facebook.com/1425872462917992/posts/585681930270387,"#Bharat_Book_Of_Records
🇮🇳🏅🇮🇳🏅🇮🇳🏅🇮🇳🏅🇮🇳🏅🇮🇳🏅🇮🇳🏅🇮🇳🏅🇮🇳
#Record_Holder

Successful Participated in The International Women's day which was conducted on the 7th March 2023 inside the running train VANDE BHARAT EXPRESS Bangalore to Mysore and created a history for the first time in India by celebrating and honouring the Durga Devis of our Nation inside the running train which was appreciated  and accepted to be mentioned in the Prestigious book 
BHARAT BOOK OF RECORDS",TRUE,FALSE,FALSE,FALSE,FALSE,2023-03-09T07:13:30+0000
107248091187807_585681610270419,https://scontent.fccu31-2.fna.fbcdn.net/v/t39.30808-6/476644185_1041950434643532_787973694152768272_n.jpg?stp=dst-jpg_p720x720_tt6&_nc_cat=103&ccb=1-7&_nc_sid=833d8c&_nc_ohc=XTgh7IIRVDEQ7kNvwFIadkz&_nc_oc=AdovqKYOEoGWXwL_JPT9demuBu1AK8xIxhRqZcpl1FDVYKCHMo3Z-Sv_MW2IAcH6OqE&_nc_zt=23&_nc_ht=scontent.fccu31-2.fna&edm=AKIiGfEEAAAA&_nc_gid=0PrDcyjr46WUg0DF5ixRXA&_nc_tpa=Q5bMBQGgmm5wWuGWh8F_lz0ntcyMVO0BJ54CprV7DgPuy8_F-trR3kI9HDjVKnKTUAj6zAtBRRMUDv8IHw&oh=00_Af4cSDS9FiVzNsxjf1nXt16JZ8ef72CtFnySEERPMtTLOQ&oe=6A18E3C4,https://scontent.fccu31-2.fna.fbcdn.net/v/t39.30808-6/476644185_1041950434643532_787973694152768272_n.jpg?stp=dst-jpg_p720x720_tt6&_nc_cat=103&ccb=1-7&_nc_sid=833d8c&_nc_ohc=XTgh7IIRVDEQ7kNvwFIadkz&_nc_oc=AdovqKYOEoGWXwL_JPT9demuBu1AK8xIxhRqZcpl1FDVYKCHMo3Z-Sv_MW2IAcH6OqE&_nc_zt=23&_nc_ht=scontent.fccu31-2.fna&edm=AKIiGfEEAAAA&_nc_gid=0PrDcyjr46WUg0DF5ixRXA&_nc_tpa=Q5bMBQHgX1XS3tSSpDEDMepQUfzN3HxUpd1ZEqjTF9j85r6DWMvH1EzZwHq3CBjh0q9so9P6Xm_z0RKNvg&oh=00_Af7CK84L7sNmt_geyePJ-He8DoxmxhtCZ4Fe0En_JTS0BQ&oe=6A18E3C4,https://www.facebook.com/photo.php?fbid=585681596937087&set=a.448214567350458&type=3,720,909,photo,photo,"#Bharat_Book_Of_Records
🇮🇳🏅🇮🇳🏅🇮🇳🏅🇮🇳🏅🇮🇳🏅🇮🇳🏅🇮🇳🏅🇮🇳🏅🇮🇳
#Record_Holder

Successful Participated in The International Women's day which was conducted on the 7th March 2023 inside the running train VANDE BHARAT EXPRESS Bangalore to Mysore and created a history for the first time in India by celebrating and honouring the Durga Devis of our Nation inside the running train which was appreciated  and accepted to be mentioned in the Prestigious book 
BHARAT BOOK OF RECORDS",https://www.facebook.com/1425872462917992/posts/585681610270419,"#Bharat_Book_Of_Records
🇮🇳🏅🇮🇳🏅🇮🇳🏅🇮🇳🏅🇮🇳🏅🇮🇳🏅🇮🇳🏅🇮🇳🏅🇮🇳
#Record_Holder

Successful Participated in The International Women's day which was conducted on the 7th March 2023 inside the running train VANDE BHARAT EXPRESS Bangalore to Mysore and created a history for the first time in India by celebrating and honouring the Durga Devis of our Nation inside the running train which was appreciated  and accepted to be mentioned in the Prestigious book 
BHARAT BOOK OF RECORDS",TRUE,FALSE,FALSE,FALSE,FALSE,2023-03-09T07:12:42+0000
107248091187807_585681376937109,https://scontent.fccu3-1.fna.fbcdn.net/v/t39.30808-6/477977223_1041950667976842_7848593144119974913_n.jpg?stp=dst-jpg_p720x720_tt6&_nc_cat=104&ccb=1-7&_nc_sid=833d8c&_nc_ohc=g57BWSywyikQ7kNvwG6SGwP&_nc_oc=AdqkvGjePjsOTvT9wxdAxlO-VxTOyEUGvCc0DkFys5NNCuQoERv7SL7-ed2PiveuZnM&_nc_zt=23&_nc_ht=scontent.fccu3-1.fna&edm=AKIiGfEEAAAA&_nc_gid=0PrDcyjr46WUg0DF5ixRXA&_nc_tpa=Q5bMBQGRV_zUvwENrORHDxw0Sq_WT45hMqGw4FJUeCll1RsJrdNt48w8fT5mH9oBfkrcJ5neLH7j0ZN9PQ&oh=00_Af6jY9xSpgh6bOo-lbh1TQ7D1-tErd7YD6klYnG14L5SJw&oe=6A18C630,https://scontent.fccu3-1.fna.fbcdn.net/v/t39.30808-6/477977223_1041950667976842_7848593144119974913_n.jpg?stp=dst-jpg_p720x720_tt6&_nc_cat=104&ccb=1-7&_nc_sid=833d8c&_nc_ohc=g57BWSywyikQ7kNvwG6SGwP&_nc_oc=AdqkvGjePjsOTvT9wxdAxlO-VxTOyEUGvCc0DkFys5NNCuQoERv7SL7-ed2PiveuZnM&_nc_zt=23&_nc_ht=scontent.fccu3-1.fna&edm=AKIiGfEEAAAA&_nc_gid=0PrDcyjr46WUg0DF5ixRXA&_nc_tpa=Q5bMBQHblsUqLP3eA_NbXOImsxJIE0q0RFLgDFxXNrOhaF6-kFjSQmzzORJL4IQLsvsZZO6uhb14AeZsdA&oh=00_Af4Pdezq8a6aaqqRQ9m1pnA3EmXagl1jIN5aCVwZsmzUOA&oe=6A18C630,https://www.facebook.com/photo.php?fbid=585681356937111&set=a.448214567350458&type=3,720,935,photo,photo,"#Bharat_Book_Of_Records
🇮🇳🏅🇮🇳🏅🇮🇳🏅🇮🇳🏅🇮🇳🏅🇮🇳🏅🇮🇳🏅🇮🇳🏅🇮🇳
#Record_Holder

Successful Participated in The International Women's day which was conducted on the 7th March 2023 inside the running train VANDE BHARAT EXPRESS Bangalore to Mysore and created a history for the first time in India by celebrating and honouring the Durga Devis of our Nation inside the running train which was appreciated  and accepted to be mentioned in the Prestigious book 
BHARAT BOOK OF RECORDS",https://www.facebook.com/1425872462917992/posts/585681376937109,"#Bharat_Book_Of_Records
🇮🇳🏅🇮🇳🏅🇮🇳🏅🇮🇳🏅🇮🇳🏅🇮🇳🏅🇮🇳🏅🇮🇳🏅🇮🇳
#Record_Holder

Successful Participated in The International Women's day which was conducted on the 7th March 2023 inside the running train VANDE BHARAT EXPRESS Bangalore to Mysore and created a history for the first time in India by celebrating and honouring the Durga Devis of our Nation inside the running train which was appreciated  and accepted to be mentioned in the Prestigious book 
BHARAT BOOK OF RECORDS",TRUE,FALSE,FALSE,FALSE,FALSE,2023-03-09T07:11:59+0000
107248091187807_585681060270474,https://scontent.fccu31-2.fna.fbcdn.net/v/t39.30808-6/476925625_1041950724643503_2784784708785875862_n.jpg?stp=dst-jpg_p720x720_tt6&_nc_cat=111&ccb=1-7&_nc_sid=833d8c&_nc_ohc=lY2pHDBlBbIQ7kNvwEZtHYh&_nc_oc=AdrBRyK9eghgz1UjtpKVyczYd8lkyd2CYIhW_iNVN9MhJ1QUwo-YVHqjX6OnVC_zUXY&_nc_zt=23&_nc_ht=scontent.fccu31-2.fna&edm=AKIiGfEEAAAA&_nc_gid=0PrDcyjr46WUg0DF5ixRXA&_nc_tpa=Q5bMBQHAoM3mskMGanrpDGbn4fiblxqeYjX6u06Cr47mfxcLCEoWGk385OtPRrzFTSt4xVo5NpEBtgMo6g&oh=00_Af45BawCvwPGcIT9ASPL0vnJ8h3wZc_UPjS9U-Qbou8uBQ&oe=6A18BB4A,https://scontent.fccu31-2.fna.fbcdn.net/v/t39.30808-6/476925625_1041950724643503_2784784708785875862_n.jpg?stp=dst-jpg_p720x720_tt6&_nc_cat=111&ccb=1-7&_nc_sid=833d8c&_nc_ohc=lY2pHDBlBbIQ7kNvwEZtHYh&_nc_oc=AdrBRyK9eghgz1UjtpKVyczYd8lkyd2CYIhW_iNVN9MhJ1QUwo-YVHqjX6OnVC_zUXY&_nc_zt=23&_nc_ht=scontent.fccu31-2.fna&edm=AKIiGfEEAAAA&_nc_gid=0PrDcyjr46WUg0DF5ixRXA&_nc_tpa=Q5bMBQEd1jCrlsn5s7XkIE_mfhdYLxAiidnpAF95ViypYMpyLXHhNI2ZV5qv3Q3InD_Rq7YpEtUapIpRdw&oh=00_Af5Qd7FiyPWyj4DQFobZJ61DQwOIpibc2elOzZapb6KQUw&oe=6A18BB4A,https://www.facebook.com/photo.php?fbid=585681043603809&set=a.448214567350458&type=3,720,935,photo,photo,"#Bharat_Book_Of_Records
🇮🇳🏅🇮🇳🏅🇮🇳🏅🇮🇳🏅🇮🇳🏅🇮🇳🏅🇮🇳🏅🇮🇳🏅🇮🇳
#Record_Holder

Successful Participated in The International Women's day which was conducted on the 7th March 2023 inside the running train VANDE BHARAT EXPRESS Bangalore to Mysore and created a history for the first time in India by celebrating and honouring the Durga Devis of our Nation inside the running train which was appreciated  and accepted to be mentioned in the Prestigious book 
BHARAT BOOK OF RECORDS",https://www.facebook.com/1425872462917992/posts/585681060270474,"#Bharat_Book_Of_Records
🇮🇳🏅🇮🇳🏅🇮🇳🏅🇮🇳🏅🇮🇳🏅🇮🇳🏅🇮🇳🏅🇮🇳🏅🇮🇳
#Record_Holder

Successful Participated in The International Women's day which was conducted on the 7th March 2023 inside the running train VANDE BHARAT EXPRESS Bangalore to Mysore and created a history for the first time in India by celebrating and honouring the Durga Devis of our Nation inside the running train which was appreciated  and accepted to be mentioned in the Prestigious book 
BHARAT BOOK OF RECORDS",TRUE,FALSE,FALSE,FALSE,FALSE,2023-03-09T07:11:09+0000
107248091187807_585680803603833,https://scontent.fccu31-1.fna.fbcdn.net/v/t39.30808-6/478590208_1041950381310204_4175947294052638152_n.jpg?stp=dst-jpg_p720x720_tt6&_nc_cat=105&ccb=1-7&_nc_sid=833d8c&_nc_ohc=JbI9hx2PF78Q7kNvwFwBHRH&_nc_oc=AdrF4aPZMaLojidpTidZCwjxLfkbJJDgA1DYtDLZoedgtc87mwQIIGYdq1vZWJ-iQZQ&_nc_zt=23&_nc_ht=scontent.fccu31-1.fna&edm=AKIiGfEEAAAA&_nc_gid=0PrDcyjr46WUg0DF5ixRXA&_nc_tpa=Q5bMBQFShpKxfTaUwTI2crd32kZjBPgZdpMdUWTmSXBxGO_1viuhVW1LK38zQOBIK23DVWQE_sm8lok4Cw&oh=00_Af5rsDq9oUZ1CNh34q3l9siCT_RXH2pUKXwcKhpbfyYUVg&oe=6A18BBEE,https://scontent.fccu31-1.fna.fbcdn.net/v/t39.30808-6/478590208_1041950381310204_4175947294052638152_n.jpg?stp=dst-jpg_p720x720_tt6&_nc_cat=105&ccb=1-7&_nc_sid=833d8c&_nc_ohc=JbI9hx2PF78Q7kNvwFwBHRH&_nc_oc=AdrF4aPZMaLojidpTidZCwjxLfkbJJDgA1DYtDLZoedgtc87mwQIIGYdq1vZWJ-iQZQ&_nc_zt=23&_nc_ht=scontent.fccu31-1.fna&edm=AKIiGfEEAAAA&_nc_gid=0PrDcyjr46WUg0DF5ixRXA&_nc_tpa=Q5bMBQHHNRSuk6YitDJ1Pf6Bq-5rKjsmYDetOrtRBvFrVi5sN3vA2ajDcS5yzxzJ3Ad6bQnXybHj6Zk2fw&oh=00_Af7AJhkZDrKEB0sANteEoazGGmSnKPvVGgaZLYWcEpgh4A&oe=6A18BBEE,https://www.facebook.com/photo.php?fbid=585680786937168&set=a.448214567350458&type=3,720,908,photo,photo,"#Bharat_Book_Of_Records
🇮🇳🏅🇮🇳🏅🇮🇳🏅🇮🇳🏅🇮🇳🏅🇮🇳🏅🇮🇳🏅🇮🇳🏅🇮🇳
#Record_Holder

Successful Participated in The International Women's day which was conducted on the 7th March 2023 inside the running train VANDE BHARAT EXPRESS Bangalore to Mysore and created a history for the first time in India by celebrating and honouring the Durga Devis of our Nation inside the running train which was appreciated  and accepted to be mentioned in the Prestigious book 
BHARAT BOOK OF RECORDS",https://www.facebook.com/1425872462917992/posts/585680803603833,"#Bharat_Book_Of_Records
🇮🇳🏅🇮🇳🏅🇮🇳🏅🇮🇳🏅🇮🇳🏅🇮🇳🏅🇮🇳🏅🇮🇳🏅🇮🇳
#Record_Holder

Successful Participated in The International Women's day which was conducted on the 7th March 2023 inside the running train VANDE BHARAT EXPRESS Bangalore to Mysore and created a history for the first time in India by celebrating and honouring the Durga Devis of our Nation inside the running train which was appreciated  and accepted to be mentioned in the Prestigious book 
BHARAT BOOK OF RECORDS",TRUE,FALSE,FALSE,FALSE,FALSE,2023-03-09T07:10:30+0000
107248091187807_585680510270529,https://scontent.fccu3-1.fna.fbcdn.net/v/t39.30808-6/477849452_1041950791310163_6702849678755545908_n.jpg?stp=dst-jpg_p720x720_tt6&_nc_cat=106&ccb=1-7&_nc_sid=833d8c&_nc_ohc=W8eapeCxg5AQ7kNvwGQWbND&_nc_oc=AdpSB797sMAvMYv9rQ4gn79IdUGMAbC7GLNEO5v9OX2T1sI4bccaYCVBr9n1d9PWR_U&_nc_zt=23&_nc_ht=scontent.fccu3-1.fna&edm=AKIiGfEEAAAA&_nc_gid=0PrDcyjr46WUg0DF5ixRXA&_nc_tpa=Q5bMBQHcAFUYnqbh_B7fCynbVk6TnGKI96esHZdaWFC_tydy2eKyLfQCuSMts94qjpHm8QbAHEHAKzNYCw&oh=00_Af69DSYti2wOR2osD3hnIUbxYyVW2dg-5CrouyYJSOhg-Q&oe=6A18CFC8,https://scontent.fccu3-1.fna.fbcdn.net/v/t39.30808-6/477849452_1041950791310163_6702849678755545908_n.jpg?stp=dst-jpg_p720x720_tt6&_nc_cat=106&ccb=1-7&_nc_sid=833d8c&_nc_ohc=W8eapeCxg5AQ7kNvwGQWbND&_nc_oc=AdpSB797sMAvMYv9rQ4gn79IdUGMAbC7GLNEO5v9OX2T1sI4bccaYCVBr9n1d9PWR_U&_nc_zt=23&_nc_ht=scontent.fccu3-1.fna&edm=AKIiGfEEAAAA&_nc_gid=0PrDcyjr46WUg0DF5ixRXA&_nc_tpa=Q5bMBQFTVC1lbKKOCln0gMzz-hB1N0Sf_OULNm_RCvRyelCC68JlAqjnA3J_asTXUY55aL271BFERI8fTA&oh=00_Af5bMCs3H-_lb2JaaCta4kR1vRWrY8G7lR7L5_RDTs8uYQ&oe=6A18CFC8,https://www.facebook.com/photo.php?fbid=585680403603873&set=a.448214567350458&type=3,720,994,photo,photo,"#Bharat_Book_Of_Records
🇮🇳🏅🇮🇳🏅🇮🇳🏅🇮🇳🏅🇮🇳🏅🇮🇳🏅🇮🇳🏅🇮🇳🏅🇮🇳
#Record_Holder

Successful Participated in The International Women's day which was conducted on the 7th March 2023 inside the running train VANDE BHARAT EXPRESS Bangalore to Mysore and created a history for the first time in India by celebrating and honouring the Durga Devis of our Nation inside the running train which was appreciated  and accepted to be mentioned in the Prestigious book 
BHARAT BOOK OF RECORDS",https://www.facebook.com/1425872462917992/posts/585680510270529,"#Bharat_Book_Of_Records
🇮🇳🏅🇮🇳🏅🇮🇳🏅🇮🇳🏅🇮🇳🏅🇮🇳🏅🇮🇳🏅🇮🇳🏅🇮🇳
#Record_Holder

Successful Participated in The International Women's day which was conducted on the 7th March 2023 inside the running train VANDE BHARAT EXPRESS Bangalore to Mysore and created a history for the first time in India by celebrating and honouring the Durga Devis of our Nation inside the running train which was appreciated  and accepted to be mentioned in the Prestigious book 
BHARAT BOOK OF RECORDS",TRUE,FALSE,FALSE,FALSE,FALSE,2023-03-09T07:09:42+0000
107248091187807_585680163603897,https://scontent.fccu31-2.fna.fbcdn.net/v/t39.30808-6/476643663_1041950614643514_6685268514148602044_n.jpg?stp=dst-jpg_p720x720_tt6&_nc_cat=109&ccb=1-7&_nc_sid=833d8c&_nc_ohc=TRY38muVeMMQ7kNvwH-P49T&_nc_oc=Adp0aFUkoGE3A3dVYjX4QBNoMUVHw_iVoD971QGpOfyJ08VuBG2uwLKIz9GuiVEOtVY&_nc_zt=23&_nc_ht=scontent.fccu31-2.fna&edm=AKIiGfEEAAAA&_nc_gid=0PrDcyjr46WUg0DF5ixRXA&_nc_tpa=Q5bMBQFLc1f7VC6vAkMzmZzzE58ASRWzvugInvNidoycJOEwrYLLVnBQ4Ye8QzSq37Mkf6sHrQPXNvLH0Q&oh=00_Af4p4IEjuYbXY_yIg5WaSQBq3qaNKAb9L2is0p2Gv6nRMA&oe=6A18E9A7,https://scontent.fccu31-2.fna.fbcdn.net/v/t39.30808-6/476643663_1041950614643514_6685268514148602044_n.jpg?stp=dst-jpg_p720x720_tt6&_nc_cat=109&ccb=1-7&_nc_sid=833d8c&_nc_ohc=TRY38muVeMMQ7kNvwH-P49T&_nc_oc=Adp0aFUkoGE3A3dVYjX4QBNoMUVHw_iVoD971QGpOfyJ08VuBG2uwLKIz9GuiVEOtVY&_nc_zt=23&_nc_ht=scontent.fccu31-2.fna&edm=AKIiGfEEAAAA&_nc_gid=0PrDcyjr46WUg0DF5ixRXA&_nc_tpa=Q5bMBQEzmMT2JQOhXW5wABm5q1zXsB_JJxC7tNBaLrpzQHSSAa1BmjUy5qE2KSFCy-KcL__crlzqDVy90w&oh=00_Af5EOSRoFJVRJUxaRfflmuwiFs7dLJki0KTLI6B8IYtNrA&oe=6A18E9A7,https://www.facebook.com/photo.php?fbid=585680140270566&set=a.448214567350458&type=3,720,937,photo,photo,"#Bharat_Book_Of_Records
🇮🇳🏅🇮🇳🏅🇮🇳🏅🇮🇳🏅🇮🇳🏅🇮🇳🏅🇮🇳🏅🇮🇳🏅🇮🇳
#Record_Holder

Successful Participated in The International Women's day which was conducted on the 7th March 2023 inside the running train VANDE BHARAT EXPRESS Bangalore to Mysore and created a history for the first time in India by celebrating and honouring the Durga Devis of our Nation inside the running train which was appreciated  and accepted to be mentioned in the Prestigious book 
BHARAT BOOK OF RECORDS",https://www.facebook.com/1425872462917992/posts/585680163603897,"#Bharat_Book_Of_Records
🇮🇳🏅🇮🇳🏅🇮🇳🏅🇮🇳🏅🇮🇳🏅🇮🇳🏅🇮🇳🏅🇮🇳🏅🇮🇳
#Record_Holder

Successful Participated in The International Women's day which was conducted on the 7th March 2023 inside the running train VANDE BHARAT EXPRESS Bangalore to Mysore and created a history for the first time in India by celebrating and honouring the Durga Devis of our Nation inside the running train which was appreciated  and accepted to be mentioned in the Prestigious book 
BHARAT BOOK OF RECORDS",TRUE,FALSE,FALSE,FALSE,FALSE,2023-03-09T07:09:06+0000
107248091187807_585679750270605,https://scontent.fccu3-1.fna.fbcdn.net/v/t39.30808-6/479725281_1041950774643498_8038703996159428312_n.jpg?stp=dst-jpg_p720x720_tt6&_nc_cat=104&ccb=1-7&_nc_sid=833d8c&_nc_ohc=XRBf8PYByhkQ7kNvwHMIi9u&_nc_oc=AdrkjclK7HMMvPARYXpo336wS_u3YnCWR4MuOSJEuxQoWCfugsOxF9kxcHbrisAC4VY&_nc_zt=23&_nc_ht=scontent.fccu3-1.fna&edm=AKIiGfEEAAAA&_nc_gid=0PrDcyjr46WUg0DF5ixRXA&_nc_tpa=Q5bMBQGVcDhC8DPbS3q4vkjiHIsc2mRApjjVe5rvQHqrHiDBFpsQLpmHk_OCchYbN2clj2bc-rz5NbPBVg&oh=00_Af4hGq14Jnth0ZCZVUei_KxLvTbgTyKg-tt16KOWEr-Pqw&oe=6A18C6CD,https://scontent.fccu3-1.fna.fbcdn.net/v/t39.30808-6/479725281_1041950774643498_8038703996159428312_n.jpg?stp=dst-jpg_p720x720_tt6&_nc_cat=104&ccb=1-7&_nc_sid=833d8c&_nc_ohc=XRBf8PYByhkQ7kNvwHMIi9u&_nc_oc=AdrkjclK7HMMvPARYXpo336wS_u3YnCWR4MuOSJEuxQoWCfugsOxF9kxcHbrisAC4VY&_nc_zt=23&_nc_ht=scontent.fccu3-1.fna&edm=AKIiGfEEAAAA&_nc_gid=0PrDcyjr46WUg0DF5ixRXA&_nc_tpa=Q5bMBQGPjlO5HpyJRBTlDDEAl-bwCo_Y9zo6sbBHSXDBPyisi-zvWosSETHiqKrTILo43oTbnv-fzt8pmw&oh=00_Af7kiElPevx84jI3UGa5yZNxevRu2yAPK499aPMmK24aoQ&oe=6A18C6CD,https://www.facebook.com/photo.php?fbid=585679733603940&set=a.448214567350458&type=3,720,925,photo,photo,"#Bharat_Book_Of_Records
🇮🇳🏅🇮🇳🏅🇮🇳🏅🇮🇳🏅🇮🇳🏅🇮🇳🏅🇮🇳🏅🇮🇳🏅🇮🇳
#Record_Holder

Successful Participated in The International Women's day which was conducted on the 7th March 2023 inside the running train VANDE BHARAT EXPRESS Bangalore to Mysore and created a history for the first time in India by celebrating and honouring the Durga Devis of our Nation inside the running train which was appreciated  and accepted to be mentioned in the Prestigious book 
BHARAT BOOK OF RECORDS",https://www.facebook.com/1425872462917992/posts/585679750270605,"#Bharat_Book_Of_Records
🇮🇳🏅🇮🇳🏅🇮🇳🏅🇮🇳🏅🇮🇳🏅🇮🇳🏅🇮🇳🏅🇮🇳🏅🇮🇳
#Record_Holder

Successful Participated in The International Women's day which was conducted on the 7th March 2023 inside the running train VANDE BHARAT EXPRESS Bangalore to Mysore and created a history for the first time in India by celebrating and honouring the Durga Devis of our Nation inside the running train which was appreciated  and accepted to be mentioned in the Prestigious book 
BHARAT BOOK OF RECORDS",TRUE,FALSE,FALSE,FALSE,FALSE,2023-03-09T07:08:22+0000
107248091187807_585679573603956,https://scontent.fccu31-1.fna.fbcdn.net/v/t39.30808-6/477857006_1041950637976845_8551158341225792099_n.jpg?stp=dst-jpg_p720x720_tt6&_nc_cat=105&ccb=1-7&_nc_sid=833d8c&_nc_ohc=b58voa6yEFcQ7kNvwFxahYJ&_nc_oc=AdoRJqh8-eOf34kfsmN3Ojs_ANN8hmwilDHIyjkU_3BwlFl75r1FJZc3NF4JBlsmqqw&_nc_zt=23&_nc_ht=scontent.fccu31-1.fna&edm=AKIiGfEEAAAA&_nc_gid=0PrDcyjr46WUg0DF5ixRXA&_nc_tpa=Q5bMBQH3YWz3CGtv6fbREJHaPbtxo1N-gKqQIHArF_SBxLifQN5DbFg5Daqd3uUu3LbmqK6nNAv5J-P2sg&oh=00_Af6HqjWLWEh5oBegFN02nLmINwKVQC6UpEhpRlmEI8kSlA&oe=6A18E4FC,https://scontent.fccu31-1.fna.fbcdn.net/v/t39.30808-6/477857006_1041950637976845_8551158341225792099_n.jpg?stp=dst-jpg_p720x720_tt6&_nc_cat=105&ccb=1-7&_nc_sid=833d8c&_nc_ohc=b58voa6yEFcQ7kNvwFxahYJ&_nc_oc=AdoRJqh8-eOf34kfsmN3Ojs_ANN8hmwilDHIyjkU_3BwlFl75r1FJZc3NF4JBlsmqqw&_nc_zt=23&_nc_ht=scontent.fccu31-1.fna&edm=AKIiGfEEAAAA&_nc_gid=0PrDcyjr46WUg0DF5ixRXA&_nc_tpa=Q5bMBQFO9Dyb8euMz_8E428kvYDwUYVaF950yut4FMr6lNnV66CI93fKRfxtgvnNBTrxCmpOKy6H-fInjQ&oh=00_Af7XDj-35WiBQ7KtzYWHj-ISujCKGZaE4oeWCQS6IPMRPA&oe=6A18E4FC,https://www.facebook.com/photo.php?fbid=585679553603958&set=a.448214567350458&type=3,720,939,photo,photo,"#Bharat_Book_Of_Records
🇮🇳🏅🇮🇳🏅🇮🇳🏅🇮🇳🏅🇮🇳🏅🇮🇳🏅🇮🇳🏅🇮🇳🏅🇮🇳
#Record_Holder

Successful Participated in The International Women's day which was conducted on the 7th March 2023 inside the running train VANDE BHARAT EXPRESS Bangalore to Mysore and created a history for the first time in India by celebrating and honouring the Durga Devis of our Nation inside the running train which was appreciated  and accepted to be mentioned in the Prestigious book 
BHARAT BOOK OF RECORDS",https://www.facebook.com/1425872462917992/posts/585679573603956,"#Bharat_Book_Of_Records
🇮🇳🏅🇮🇳🏅🇮🇳🏅🇮🇳🏅🇮🇳🏅🇮🇳🏅🇮🇳🏅🇮🇳🏅🇮🇳
#Record_Holder

Successful Participated in The International Women's day which was conducted on the 7th March 2023 inside the running train VANDE BHARAT EXPRESS Bangalore to Mysore and created a history for the first time in India by celebrating and honouring the Durga Devis of our Nation inside the running train which was appreciated  and accepted to be mentioned in the Prestigious book 
BHARAT BOOK OF RECORDS",TRUE,FALSE,FALSE,FALSE,FALSE,2023-03-09T07:07:53+0000
107248091187807_585679320270648,https://scontent.fccu31-1.fna.fbcdn.net/v/t39.30808-6/477136655_1041950421310200_4524426500166385378_n.jpg?stp=dst-jpg_p720x720_tt6&_nc_cat=100&ccb=1-7&_nc_sid=833d8c&_nc_ohc=LZ7WfxtjOxYQ7kNvwHGfeM5&_nc_oc=AdoCGwut-Chf1HXqCBe5HZK4x5B9TQ1gdj-DpHV5KKNUIdXVeqnTfp9dnu_4AgtgQIU&_nc_zt=23&_nc_ht=scontent.fccu31-1.fna&edm=AKIiGfEEAAAA&_nc_gid=0PrDcyjr46WUg0DF5ixRXA&_nc_tpa=Q5bMBQFYnuarnhq9CsxpThpv_oDeoCtuyZ9IkDcPlcBlhchq-1kDt_OPtnGFifVdbcB2AlSHFxYQpJEiPA&oh=00_Af6lLmj1gmTuq8rjTQG4MDBmOvzN-ums4-JmP5MSmG9McQ&oe=6A18DADA,https://scontent.fccu31-1.fna.fbcdn.net/v/t39.30808-6/477136655_1041950421310200_4524426500166385378_n.jpg?stp=dst-jpg_p720x720_tt6&_nc_cat=100&ccb=1-7&_nc_sid=833d8c&_nc_ohc=LZ7WfxtjOxYQ7kNvwHGfeM5&_nc_oc=AdoCGwut-Chf1HXqCBe5HZK4x5B9TQ1gdj-DpHV5KKNUIdXVeqnTfp9dnu_4AgtgQIU&_nc_zt=23&_nc_ht=scontent.fccu31-1.fna&edm=AKIiGfEEAAAA&_nc_gid=0PrDcyjr46WUg0DF5ixRXA&_nc_tpa=Q5bMBQFiAqONax8QA2muF9OwwXiWjEGdvGPgr44FDzcpS-g_fJORG22GAG8-1juy3YIa9Y1-QT98Fmmn5A&oh=00_Af7GOt6-a1fwlszoje6OiIg49SZdNCeEuuJo-smZtRG37A&oe=6A18DADA,https://www.facebook.com/photo.php?fbid=585679296937317&set=a.448214567350458&type=3,720,887,photo,photo,"#Bharat_Book_Of_Records
🇮🇳🏅🇮🇳🏅🇮🇳🏅🇮🇳🏅🇮🇳🏅🇮🇳🏅🇮🇳🏅🇮🇳🏅🇮🇳
#Record_Holder

Successful Participated in The International Women's day which was conducted on the 7th March 2023 inside the running train VANDE BHARAT EXPRESS Bangalore to Mysore and created a history for the first time in India by celebrating and honouring the Durga Devis of our Nation inside the running train which was appreciated  and accepted to be mentioned in the Prestigious book 
BHARAT BOOK OF RECORDS",https://www.facebook.com/1425872462917992/posts/585679320270648,"#Bharat_Book_Of_Records
🇮🇳🏅🇮🇳🏅🇮🇳🏅🇮🇳🏅🇮🇳🏅🇮🇳🏅🇮🇳🏅🇮🇳🏅🇮🇳
#Record_Holder

Successful Participated in The International Women's day which was conducted on the 7th March 2023 inside the running train VANDE BHARAT EXPRESS Bangalore to Mysore and created a history for the first time in India by celebrating and honouring the Durga Devis of our Nation inside the running train which was appreciated  and accepted to be mentioned in the Prestigious book 
BHARAT BOOK OF RECORDS",TRUE,FALSE,FALSE,FALSE,FALSE,2023-03-09T07:07:18+0000
107248091187807_585679030270677,https://scontent.fccu31-1.fna.fbcdn.net/v/t39.30808-6/477230741_1041950454643530_4151736061081289042_n.jpg?stp=dst-jpg_p720x720_tt6&_nc_cat=107&ccb=1-7&_nc_sid=833d8c&_nc_ohc=j_k1cDilHy0Q7kNvwGGX0pf&_nc_oc=AdojHoNAgwnBCqlR7zeQ5P87LxU1Tpw18hc6IfRm0Mkt15HZnxjLB33cUttX5R3Q5yE&_nc_zt=23&_nc_ht=scontent.fccu31-1.fna&edm=AKIiGfEEAAAA&_nc_gid=0PrDcyjr46WUg0DF5ixRXA&_nc_tpa=Q5bMBQGW2uPelsbdgrhwBANzbLRQzrKQPW6vFPvWHdgA4S9ATJ87QleF2AdrY561aJfzufmoncOn_KYjyA&oh=00_Af48EWxbyqhqtKdCTkACxt2C76BAXbOVRN-FnCY_s-8pyQ&oe=6A18D4DD,https://scontent.fccu31-1.fna.fbcdn.net/v/t39.30808-6/477230741_1041950454643530_4151736061081289042_n.jpg?stp=dst-jpg_p720x720_tt6&_nc_cat=107&ccb=1-7&_nc_sid=833d8c&_nc_ohc=j_k1cDilHy0Q7kNvwGGX0pf&_nc_oc=AdojHoNAgwnBCqlR7zeQ5P87LxU1Tpw18hc6IfRm0Mkt15HZnxjLB33cUttX5R3Q5yE&_nc_zt=23&_nc_ht=scontent.fccu31-1.fna&edm=AKIiGfEEAAAA&_nc_gid=0PrDcyjr46WUg0DF5ixRXA&_nc_tpa=Q5bMBQHp3X9cyUK8ZJJyLCBkpK5TFPmUZlVtmIrzHq9OjNPfRpRtCB942WGADXqTbW4ucdytg9rvqCgYxQ&oh=00_Af5BEdfX8HntSLmehIsTEzczrl195oYYRNp9-ShZplKTeQ&oe=6A18D4DD,https://www.facebook.com/photo.php?fbid=585679013604012&set=a.448214567350458&type=3,720,908,photo,photo,"#Bharat_Book_Of_Records
🇮🇳🏅🇮🇳🏅🇮🇳🏅🇮🇳🏅🇮🇳🏅🇮🇳🏅🇮🇳🏅🇮🇳🏅🇮🇳
#Record_Holder

Successful Participated in The International Women's day which was conducted on the 7th March 2023 inside the running train VANDE BHARAT EXPRESS Bangalore to Mysore and created a history for the first time in India by celebrating and honouring the Durga Devis of our Nation inside the running train which was appreciated  and accepted to be mentioned in the Prestigious book 
BHARAT BOOK OF RECORDS",https://www.facebook.com/1425872462917992/posts/585679030270677,"#Bharat_Book_Of_Records
🇮🇳🏅🇮🇳🏅🇮🇳🏅🇮🇳🏅🇮🇳🏅🇮🇳🏅🇮🇳🏅🇮🇳🏅🇮🇳
#Record_Holder

Successful Participated in The International Women's day which was conducted on the 7th March 2023 inside the running train VANDE BHARAT EXPRESS Bangalore to Mysore and created a history for the first time in India by celebrating and honouring the Durga Devis of our Nation inside the running train which was appreciated  and accepted to be mentioned in the Prestigious book 
BHARAT BOOK OF RECORDS",TRUE,FALSE,FALSE,FALSE,FALSE,2023-03-09T07:06:41+0000
107248091187807_585678580270722,https://scontent.fccu3-1.fna.fbcdn.net/v/t39.30808-6/476642160_1041950677976841_7658150155224620888_n.jpg?stp=dst-jpg_p720x720_tt6&_nc_cat=106&ccb=1-7&_nc_sid=833d8c&_nc_ohc=8Rjx9-MGuaAQ7kNvwFckIaO&_nc_oc=AdrGoZifD4tY04KCJc7xfoSx8A71tjVuLk63wYlSchdw-9lASTfrw3niuuiwrG6JxPk&_nc_zt=23&_nc_ht=scontent.fccu3-1.fna&edm=AKIiGfEEAAAA&_nc_gid=0PrDcyjr46WUg0DF5ixRXA&_nc_tpa=Q5bMBQHVTsPhBkzFG0lXCFl8T20jgCNf37a9jr4A4L-HnpAR0dmp5py3bNZKTexeNWMnV9tpqUMtDakqLA&oh=00_Af4lOkdixqW7SH2wjcJxB191t2GbahcX3O_NgGD2L-tyPw&oe=6A18D9ED,https://scontent.fccu3-1.fna.fbcdn.net/v/t39.30808-6/476642160_1041950677976841_7658150155224620888_n.jpg?stp=dst-jpg_p720x720_tt6&_nc_cat=106&ccb=1-7&_nc_sid=833d8c&_nc_ohc=8Rjx9-MGuaAQ7kNvwFckIaO&_nc_oc=AdrGoZifD4tY04KCJc7xfoSx8A71tjVuLk63wYlSchdw-9lASTfrw3niuuiwrG6JxPk&_nc_zt=23&_nc_ht=scontent.fccu3-1.fna&edm=AKIiGfEEAAAA&_nc_gid=0PrDcyjr46WUg0DF5ixRXA&_nc_tpa=Q5bMBQFWcaR0oMHBrF-3StheStTO9WUFaPACbAhkvryCwy6WMJ2bDnPCipBvqQY0MrsAulPqcx4ZhYSoRA&oh=00_Af5Cyx7-0IWYiEiWXvLEkybnA_zLAf_Rg85pnblPa6xuww&oe=6A18D9ED,https://www.facebook.com/photo.php?fbid=585678556937391&set=a.448214567350458&type=3,720,919,photo,photo,"#Bharat_Book_Of_Records
🇮🇳🏅🇮🇳🏅🇮🇳🏅🇮🇳🏅🇮🇳🏅🇮🇳🏅🇮🇳🏅🇮🇳🏅🇮🇳
#Record_Holder

Successful Participated in The International Women's day which was conducted on the 7th March 2023 inside the running train VANDE BHARAT EXPRESS Bangalore to Mysore and created a history for the first time in India by celebrating and honouring the Durga Devis of our Nation inside the running train which was appreciated  and accepted to be mentioned in the Prestigious book 
BHARAT BOOK OF RECORDS",https://www.facebook.com/1425872462917992/posts/585678580270722,"#Bharat_Book_Of_Records
🇮🇳🏅🇮🇳🏅🇮🇳🏅🇮🇳🏅🇮🇳🏅🇮🇳🏅🇮🇳🏅🇮🇳🏅🇮🇳
#Record_Holder

Successful Participated in The International Women's day which was conducted on the 7th March 2023 inside the running train VANDE BHARAT EXPRESS Bangalore to Mysore and created a history for the first time in India by celebrating and honouring the Durga Devis of our Nation inside the running train which was appreciated  and accepted to be mentioned in the Prestigious book 
BHARAT BOOK OF RECORDS",TRUE,FALSE,FALSE,FALSE,FALSE,2023-03-09T07:05:15+0000
107248091187807_585678323604081,https://scontent.fccu31-2.fna.fbcdn.net/v/t39.30808-6/477640269_1041950624643513_5147530583511325421_n.jpg?stp=dst-jpg_p720x720_tt6&_nc_cat=103&ccb=1-7&_nc_sid=833d8c&_nc_ohc=xaxeUoz1BBAQ7kNvwFTvJyv&_nc_oc=AdrnBZUCAEHWl9NP_YpiE91H6Loe_jHwDinPwm796TY2vncYRG9wmcYCwxKEtu1KYWo&_nc_zt=23&_nc_ht=scontent.fccu31-2.fna&edm=AKIiGfEEAAAA&_nc_gid=0PrDcyjr46WUg0DF5ixRXA&_nc_tpa=Q5bMBQF4AjO9AsZSW7ZMEU5Ll6wUL2PLCyz_FItnzslVSqm6asLHmNb4Fra53un67RnRhBh9nQlbzbnqKQ&oh=00_Af7Arn3ZEYZ9Zx9sDhNHx-bUJRGAJBI1QAdOb2jeJmWk3w&oe=6A18D7A6,https://scontent.fccu31-2.fna.fbcdn.net/v/t39.30808-6/477640269_1041950624643513_5147530583511325421_n.jpg?stp=dst-jpg_p720x720_tt6&_nc_cat=103&ccb=1-7&_nc_sid=833d8c&_nc_ohc=xaxeUoz1BBAQ7kNvwFTvJyv&_nc_oc=AdrnBZUCAEHWl9NP_YpiE91H6Loe_jHwDinPwm796TY2vncYRG9wmcYCwxKEtu1KYWo&_nc_zt=23&_nc_ht=scontent.fccu31-2.fna&edm=AKIiGfEEAAAA&_nc_gid=0PrDcyjr46WUg0DF5ixRXA&_nc_tpa=Q5bMBQE-j-IhKCrbA02bNpKwIE7xAuMtimPd4STjM-aDAKeJHpjni_nht68iv-BtO_tC9uMYAH0qh_hUzg&oh=00_Af4xDXcWEq_T9P89cstxyu7ZMlfr1kV5j92kstY13Fi0bg&oe=6A18D7A6,https://www.facebook.com/photo.php?fbid=585678306937416&set=a.448214567350458&type=3,720,919,photo,photo,"#Bharat_Book_Of_Records
🇮🇳🏅🇮🇳🏅🇮🇳🏅🇮🇳🏅🇮🇳🏅🇮🇳🏅🇮🇳🏅🇮🇳🏅🇮🇳
#Record_Holder

Successful Participated in The International Women's day which was conducted on the 7th March 2023 inside the running train VANDE BHARAT EXPRESS Bangalore to Mysore and created a history for the first time in India by celebrating and honouring the Durga Devis of our Nation inside the running train which was appreciated  and accepted to be mentioned in the Prestigious book 
BHARAT BOOK OF RECORDS",https://www.facebook.com/1425872462917992/posts/585678323604081,"#Bharat_Book_Of_Records
🇮🇳🏅🇮🇳🏅🇮🇳🏅🇮🇳🏅🇮🇳🏅🇮🇳🏅🇮🇳🏅🇮🇳🏅🇮🇳
#Record_Holder

Successful Participated in The International Women's day which was conducted on the 7th March 2023 inside the running train VANDE BHARAT EXPRESS Bangalore to Mysore and created a history for the first time in India by celebrating and honouring the Durga Devis of our Nation inside the running train which was appreciated  and accepted to be mentioned in the Prestigious book 
BHARAT BOOK OF RECORDS",TRUE,FALSE,FALSE,FALSE,FALSE,2023-03-09T07:04:43+0000
107248091187807_585677900270790,https://scontent.fccu31-1.fna.fbcdn.net/v/t39.30808-6/478615171_1041950621310180_9101261255956922289_n.jpg?stp=dst-jpg_p720x720_tt6&_nc_cat=107&ccb=1-7&_nc_sid=833d8c&_nc_ohc=Td1psPe4qigQ7kNvwHQuVZ5&_nc_oc=AdpjE0fbe3bXrXHs8-_mVGCdkg6PzKlJPjN3ms-quU2yZu4evFO0gAVrAUmEIzSbRoE&_nc_zt=23&_nc_ht=scontent.fccu31-1.fna&edm=AKIiGfEEAAAA&_nc_gid=0PrDcyjr46WUg0DF5ixRXA&_nc_tpa=Q5bMBQHbU-Bp252nZ6Y0tov2GvvaWajNhB1u1B2DeyXPLwONx8PvaTl-k2lIMgoKqxhlgkZwTkTQUOAMJg&oh=00_Af7sKhed5JLWMYZ_MQ2XwMhf6JB44nJMdpJzAacS6sdjJA&oe=6A18E558,https://scontent.fccu31-1.fna.fbcdn.net/v/t39.30808-6/478615171_1041950621310180_9101261255956922289_n.jpg?stp=dst-jpg_p720x720_tt6&_nc_cat=107&ccb=1-7&_nc_sid=833d8c&_nc_ohc=Td1psPe4qigQ7kNvwHQuVZ5&_nc_oc=AdpjE0fbe3bXrXHs8-_mVGCdkg6PzKlJPjN3ms-quU2yZu4evFO0gAVrAUmEIzSbRoE&_nc_zt=23&_nc_ht=scontent.fccu31-1.fna&edm=AKIiGfEEAAAA&_nc_gid=0PrDcyjr46WUg0DF5ixRXA&_nc_tpa=Q5bMBQFuFX5Z-8s5PKwWUuGcypyP7sTmmlKiaET02QWHr-yQmwZEEc_ezXNl-d7PnM5ITHI0aCkO61edPA&oh=00_Af5bY1e2h7LTBiH0i2fNw-OAU5rZFrheNwZnziPQgUOemA&oe=6A18E558,https://www.facebook.com/photo.php?fbid=585677873604126&set=a.448214567350458&type=3,720,934,photo,photo,"#Bharat_Book_Of_Records
🇮🇳🏅🇮🇳🏅🇮🇳🏅🇮🇳🏅🇮🇳🏅🇮🇳🏅🇮🇳🏅🇮🇳🏅🇮🇳
#Record_Holder

Successful Participated in The International Women's day which was conducted on the 7th March 2023 inside the running train VANDE BHARAT EXPRESS Bangalore to Mysore and created a history for the first time in India by celebrating and honouring the Durga Devis of our Nation inside the running train which was appreciated  and accepted to be mentioned in the Prestigious book 
BHARAT BOOK OF RECORDS",https://www.facebook.com/1425872462917992/posts/585677900270790,"#Bharat_Book_Of_Records
🇮🇳🏅🇮🇳🏅🇮🇳🏅🇮🇳🏅🇮🇳🏅🇮🇳🏅🇮🇳🏅🇮🇳🏅🇮🇳
#Record_Holder

Successful Participated in The International Women's day which was conducted on the 7th March 2023 inside the running train VANDE BHARAT EXPRESS Bangalore to Mysore and created a history for the first time in India by celebrating and honouring the Durga Devis of our Nation inside the running train which was appreciated  and accepted to be mentioned in the Prestigious book 
BHARAT BOOK OF RECORDS",TRUE,FALSE,FALSE,FALSE,FALSE,2023-03-09T07:03:44+0000
107248091187807_585677670270813,https://scontent.fccu31-1.fna.fbcdn.net/v/t39.30808-6/477036847_1041950687976840_9207563224214088718_n.jpg?stp=dst-jpg_p720x720_tt6&_nc_cat=110&ccb=1-7&_nc_sid=833d8c&_nc_ohc=lgpvTwszbYAQ7kNvwFtmPeF&_nc_oc=AdpNxiUeN2SZlcJYpJ5tnJqw6WQT-m2wPpbUwHbSjTpv53yr--k2L809oz1_vk0IesA&_nc_zt=23&_nc_ht=scontent.fccu31-1.fna&edm=AKIiGfEEAAAA&_nc_gid=0PrDcyjr46WUg0DF5ixRXA&_nc_tpa=Q5bMBQFfkKzYxeHqa_Hh0MK3528mmr3upJRlRx7c69OZkX1YbbnB4xpMlmM5RA6otKh9Ihzr8sEEoJdM0w&oh=00_Af6YI-mprKkk3MQoc5cDGyLNwl04NTrDh7AEVpcyl9sbdw&oe=6A18F1A1,https://scontent.fccu31-1.fna.fbcdn.net/v/t39.30808-6/477036847_1041950687976840_9207563224214088718_n.jpg?stp=dst-jpg_p720x720_tt6&_nc_cat=110&ccb=1-7&_nc_sid=833d8c&_nc_ohc=lgpvTwszbYAQ7kNvwFtmPeF&_nc_oc=AdpNxiUeN2SZlcJYpJ5tnJqw6WQT-m2wPpbUwHbSjTpv53yr--k2L809oz1_vk0IesA&_nc_zt=23&_nc_ht=scontent.fccu31-1.fna&edm=AKIiGfEEAAAA&_nc_gid=0PrDcyjr46WUg0DF5ixRXA&_nc_tpa=Q5bMBQGOOUdieJFVd-EE83-2n1Czq6Hsg5Fgk1J5gOn5zUMoj-snpd0qWRQOCuvH51-23rgrZsLu7N-Png&oh=00_Af63M0hZRV1KQJcbCkUm5UnaRv4rqMidrIq3sZKFDtSYHA&oe=6A18F1A1,https://www.facebook.com/photo.php?fbid=585677646937482&set=a.448214567350458&type=3,720,915,photo,photo,"#Bharat_Book_Of_Records
🇮🇳🏅🇮🇳🏅🇮🇳🏅🇮🇳🏅🇮🇳🏅🇮🇳🏅🇮🇳🏅🇮🇳🏅🇮🇳
#Record_Holder

Successful Participated in The International Women's day which was conducted on the 7th March 2023 inside the running train VANDE BHARAT EXPRESS Bangalore to Mysore and created a history for the first time in India by celebrating and honouring the Durga Devis of our Nation inside the running train which was appreciated  and accepted to be mentioned in the Prestigious book 
BHARAT BOOK OF RECORDS",https://www.facebook.com/1425872462917992/posts/585677670270813,"#Bharat_Book_Of_Records
🇮🇳🏅🇮🇳🏅🇮🇳🏅🇮🇳🏅🇮🇳🏅🇮🇳🏅🇮🇳🏅🇮🇳🏅🇮🇳
#Record_Holder

Successful Participated in The International Women's day which was conducted on the 7th March 2023 inside the running train VANDE BHARAT EXPRESS Bangalore to Mysore and created a history for the first time in India by celebrating and honouring the Durga Devis of our Nation inside the running train which was appreciated  and accepted to be mentioned in the Prestigious book 
BHARAT BOOK OF RECORDS",TRUE,FALSE,FALSE,FALSE,FALSE,2023-03-09T07:03:07+0000
107248091187807_585677443604169,https://scontent.fccu31-2.fna.fbcdn.net/v/t39.30808-6/477592011_1041950681310174_2999300921635280698_n.jpg?_nc_cat=103&ccb=1-7&_nc_sid=833d8c&_nc_ohc=n0LG2lJVSk0Q7kNvwEg8eNU&_nc_oc=AdqMg0u79j3Q1g079w7U2Akt3ui28BGH599Gx1MQmxta2tv6ENi_KG5MWT2mwGJw7vM&_nc_zt=23&_nc_ht=scontent.fccu31-2.fna&edm=AKIiGfEEAAAA&_nc_gid=0PrDcyjr46WUg0DF5ixRXA&_nc_tpa=Q5bMBQHNhEMBLD_f7aoN9cCmUQ3nuzUzk8d_3CbtvWSWY1mDq9jAC5AMZnM6o87ggX8jRDWM1yjkafmung&oh=00_Af4DNKRVIK-I0Yek5Du6vsbHl_Cq7jM6ZKdu17NPELjjhg&oe=6A18CC15,https://scontent.fccu31-2.fna.fbcdn.net/v/t39.30808-6/477592011_1041950681310174_2999300921635280698_n.jpg?_nc_cat=103&ccb=1-7&_nc_sid=833d8c&_nc_ohc=n0LG2lJVSk0Q7kNvwEg8eNU&_nc_oc=AdqMg0u79j3Q1g079w7U2Akt3ui28BGH599Gx1MQmxta2tv6ENi_KG5MWT2mwGJw7vM&_nc_zt=23&_nc_ht=scontent.fccu31-2.fna&edm=AKIiGfEEAAAA&_nc_gid=0PrDcyjr46WUg0DF5ixRXA&_nc_tpa=Q5bMBQEjOTvaJF3cIr3AQIqSo4BgipuKJNx-o1rEvHcLCKreDpNfjcuhgpE4bn0u54NSf0ltM9jHBYMDsg&oh=00_Af4Bcs7f0W2DjlxXcMn5nDqfimeex1-WLddMy5_AP7qfRw&oe=6A18CC15,https://www.facebook.com/photo.php?fbid=585677423604171&set=a.448214567350458&type=3,715,960,photo,photo,"#Bharat_Book_Of_Records
🇮🇳🏅🇮🇳🏅🇮🇳🏅🇮🇳🏅🇮🇳🏅🇮🇳🏅🇮🇳🏅🇮🇳🏅🇮🇳
#Record_Holder

Successful Participated in The International Women's day which was conducted on the 7th March 2023 inside the running train VANDE BHARAT EXPRESS Bangalore to Mysore and created a history for the first time in India by celebrating and honouring the Durga Devis of our Nation inside the running train which was appreciated  and accepted to be mentioned in the Prestigious book 
BHARAT BOOK OF RECORDS",https://www.facebook.com/1425872462917992/posts/585677443604169,"#Bharat_Book_Of_Records
🇮🇳🏅🇮🇳🏅🇮🇳🏅🇮🇳🏅🇮🇳🏅🇮🇳🏅🇮🇳🏅🇮🇳🏅🇮🇳
#Record_Holder

Successful Participated in The International Women's day which was conducted on the 7th March 2023 inside the running train VANDE BHARAT EXPRESS Bangalore to Mysore and created a history for the first time in India by celebrating and honouring the Durga Devis of our Nation inside the running train which was appreciated  and accepted to be mentioned in the Prestigious book 
BHARAT BOOK OF RECORDS",TRUE,FALSE,FALSE,FALSE,FALSE,2023-03-09T07:02:38+0000
107248091187807_585677233604190,https://scontent.fccu31-2.fna.fbcdn.net/v/t39.30808-6/477921352_1041950437976865_5445306157033025568_n.jpg?stp=dst-jpg_p720x720_tt6&_nc_cat=111&ccb=1-7&_nc_sid=833d8c&_nc_ohc=QSxEHi7wnpIQ7kNvwF-td-U&_nc_oc=AdpcCHsRHi1Bl1Do8sKODu3tl9_TTRwm7XROBIMS21irEjNbipnNYGNqBUe-qNwXejs&_nc_zt=23&_nc_ht=scontent.fccu31-2.fna&edm=AKIiGfEEAAAA&_nc_gid=0PrDcyjr46WUg0DF5ixRXA&_nc_tpa=Q5bMBQEs_jpNfD2gxK6MLYcX5CSLhyRNSybA-MhtP97yIObUVNZk5eSNO-p3sm1GisQMapsehG5HHSesbw&oh=00_Af7JczcMHRH9LWGBRNRVVFn7C1AL3tTTvv34iwA70URaZQ&oe=6A18E1B5,https://scontent.fccu31-2.fna.fbcdn.net/v/t39.30808-6/477921352_1041950437976865_5445306157033025568_n.jpg?stp=dst-jpg_p720x720_tt6&_nc_cat=111&ccb=1-7&_nc_sid=833d8c&_nc_ohc=QSxEHi7wnpIQ7kNvwF-td-U&_nc_oc=AdpcCHsRHi1Bl1Do8sKODu3tl9_TTRwm7XROBIMS21irEjNbipnNYGNqBUe-qNwXejs&_nc_zt=23&_nc_ht=scontent.fccu31-2.fna&edm=AKIiGfEEAAAA&_nc_gid=0PrDcyjr46WUg0DF5ixRXA&_nc_tpa=Q5bMBQGSKjEndx7-hWaL0LoaC1o_Cpk0d5cua6ZK676SBgujgOPzVdroSyfSQsFG1loinP-3haVvepWA1Q&oh=00_Af4tYMzvsW1RBvSgaftJySL2csKyeO2vfbe9YkH0ow8Cow&oe=6A18E1B5,https://www.facebook.com/photo.php?fbid=585677213604192&set=a.448214567350458&type=3,720,786,photo,photo,"#Bharat_Book_Of_Records
🇮🇳🏅🇮🇳🏅🇮🇳🏅🇮🇳🏅🇮🇳🏅🇮🇳🏅🇮🇳🏅🇮🇳🏅🇮🇳
#Record_Holder

Successful Participated in The International Women's day which was conducted on the 7th March 2023 inside the running train VANDE BHARAT EXPRESS Bangalore to Mysore and created a history for the first time in India by celebrating and honouring the Durga Devis of our Nation inside the running train which was appreciated  and accepted to be mentioned in the Prestigious book 
BHARAT BOOK OF RECORDS",https://www.facebook.com/1425872462917992/posts/585677233604190,"#Bharat_Book_Of_Records
🇮🇳🏅🇮🇳🏅🇮🇳🏅🇮🇳🏅🇮🇳🏅🇮🇳🏅🇮🇳🏅🇮🇳🏅🇮🇳
#Record_Holder

Successful Participated in The International Women's day which was conducted on the 7th March 2023 inside the running train VANDE BHARAT EXPRESS Bangalore to Mysore and created a history for the first time in India by celebrating and honouring the Durga Devis of our Nation inside the running train which was appreciated  and accepted to be mentioned in the Prestigious book 
BHARAT BOOK OF RECORDS",TRUE,FALSE,FALSE,FALSE,FALSE,2023-03-09T07:02:11+0000
107248091187807_585676823604231,https://scontent.fccu31-1.fna.fbcdn.net/v/t39.30808-6/478018472_1041950364643539_3336225856509077026_n.jpg?stp=dst-jpg_p720x720_tt6&_nc_cat=110&ccb=1-7&_nc_sid=833d8c&_nc_ohc=YGelG1g4c0gQ7kNvwF5g-Sz&_nc_oc=AdraGAhQfMen3XcdDs2EPC15X2oPAAXNdd_KJ5xMzCqJ0NIxVx-E3MugUFR9IxZ0pHE&_nc_zt=23&_nc_ht=scontent.fccu31-1.fna&edm=AKIiGfEEAAAA&_nc_gid=0PrDcyjr46WUg0DF5ixRXA&_nc_tpa=Q5bMBQEnbCSQaRGhnSS3f1jyjRoowBR9heLcOXpIJje6EMVKj0S2KJ68drOzQ4s9_Vf6yu1HeGWBaRGRPw&oh=00_Af5LOfBR6ohnY8tfdYpuOtSGJCVXcwKbNujejS0KNKC-IQ&oe=6A18F05B,https://scontent.fccu31-1.fna.fbcdn.net/v/t39.30808-6/478018472_1041950364643539_3336225856509077026_n.jpg?stp=dst-jpg_p720x720_tt6&_nc_cat=110&ccb=1-7&_nc_sid=833d8c&_nc_ohc=YGelG1g4c0gQ7kNvwF5g-Sz&_nc_oc=AdraGAhQfMen3XcdDs2EPC15X2oPAAXNdd_KJ5xMzCqJ0NIxVx-E3MugUFR9IxZ0pHE&_nc_zt=23&_nc_ht=scontent.fccu31-1.fna&edm=AKIiGfEEAAAA&_nc_gid=0PrDcyjr46WUg0DF5ixRXA&_nc_tpa=Q5bMBQEN5FbQB7mZTgOOz2w2XasAE_514DmQrs-0ksQRDiF-nn8LghmO_nF56rFqqhYbWvy_iizQg1b6ug&oh=00_Af43hQiKSjS85r7xaAlVBoRs2Kj23twQivlIylwnh4kJTw&oe=6A18F05B,https://www.facebook.com/photo.php?fbid=585676796937567&set=a.448214567350458&type=3,720,894,photo,photo,"#Bharat_Book_Of_Records
🇮🇳🏅🇮🇳🏅🇮🇳🏅🇮🇳🏅🇮🇳🏅🇮🇳🏅🇮🇳🏅🇮🇳🏅🇮🇳
#Record_Holder

Successful Participated in The International Women's day which was conducted on the 7th March 2023 inside the running train VANDE BHARAT EXPRESS Bangalore to Mysore and created a history for the first time in India by celebrating and honouring the Durga Devis of our Nation inside the running train which was appreciated  and accepted to be mentioned in the Prestigious book 
BHARAT BOOK OF RECORDS",https://www.facebook.com/1425872462917992/posts/585676823604231,"#Bharat_Book_Of_Records
🇮🇳🏅🇮🇳🏅🇮🇳🏅🇮🇳🏅🇮🇳🏅🇮🇳🏅🇮🇳🏅🇮🇳🏅🇮🇳
#Record_Holder

Successful Participated in The International Women's day which was conducted on the 7th March 2023 inside the running train VANDE BHARAT EXPRESS Bangalore to Mysore and created a history for the first time in India by celebrating and honouring the Durga Devis of our Nation inside the running train which was appreciated  and accepted to be mentioned in the Prestigious book 
BHARAT BOOK OF RECORDS",TRUE,FALSE,FALSE,FALSE,FALSE,2023-03-09T07:01:36+0000
107248091187807_585676640270916,https://scontent.fccu31-1.fna.fbcdn.net/v/t39.30808-6/478130225_1041950797976829_5789298929233857429_n.jpg?stp=dst-jpg_p720x720_tt6&_nc_cat=105&ccb=1-7&_nc_sid=833d8c&_nc_ohc=Vq06S7EkzaQQ7kNvwHaNYva&_nc_oc=AdpS1zb5-z16ChiAxZrZ9XbFtt0xvlFKoWMeSzTV0_pQI159INouFZHAgBjrpCo1OrA&_nc_zt=23&_nc_ht=scontent.fccu31-1.fna&edm=AKIiGfEEAAAA&_nc_gid=0PrDcyjr46WUg0DF5ixRXA&_nc_tpa=Q5bMBQGZdEPlfGMFYKYIWajzWr0EoerIqvK8_7ejCfmM8MwXsMmHYzHeLSfWsd7Han4LppQXZ3_tETFSvQ&oh=00_Af5_UD0rpvPFl6L6hMUM3Oh1GbOvjOXYOVzkIEEQc4QwnA&oe=6A18C43E,https://scontent.fccu31-1.fna.fbcdn.net/v/t39.30808-6/478130225_1041950797976829_5789298929233857429_n.jpg?stp=dst-jpg_p720x720_tt6&_nc_cat=105&ccb=1-7&_nc_sid=833d8c&_nc_ohc=Vq06S7EkzaQQ7kNvwHaNYva&_nc_oc=AdpS1zb5-z16ChiAxZrZ9XbFtt0xvlFKoWMeSzTV0_pQI159INouFZHAgBjrpCo1OrA&_nc_zt=23&_nc_ht=scontent.fccu31-1.fna&edm=AKIiGfEEAAAA&_nc_gid=0PrDcyjr46WUg0DF5ixRXA&_nc_tpa=Q5bMBQG6THz3V0od54gQrO9BiJ2J02j3qDmDcTU1suH-znIPeFg2E47SrjJxpms4tvXDEwLSBqH7E4eieA&oh=00_Af6ST9nebTBdK-JArllYbok8ypIYDfJDnFNZW1PsKbOkDg&oe=6A18C43E,https://www.facebook.com/photo.php?fbid=585676626937584&set=a.448214567350458&type=3,720,869,photo,photo,"#Bharat_Book_Of_Records
🇮🇳🏅🇮🇳🏅🇮🇳🏅🇮🇳🏅🇮🇳🏅🇮🇳🏅🇮🇳🏅🇮🇳🏅🇮🇳
#Record_Holder

Successful Participated in The International Women's day which was conducted on the 7th March 2023 inside the running train VANDE BHARAT EXPRESS Bangalore to Mysore and created a history for the first time in India by celebrating and honouring the Durga Devis of our Nation inside the running train which was appreciated  and accepted to be mentioned in the Prestigious book 
BHARAT BOOK OF RECORDS",https://www.facebook.com/1425872462917992/posts/585676640270916,"#Bharat_Book_Of_Records
🇮🇳🏅🇮🇳🏅🇮🇳🏅🇮🇳🏅🇮🇳🏅🇮🇳🏅🇮🇳🏅🇮🇳🏅🇮🇳
#Record_Holder

Successful Participated in The International Women's day which was conducted on the 7th March 2023 inside the running train VANDE BHARAT EXPRESS Bangalore to Mysore and created a history for the first time in India by celebrating and honouring the Durga Devis of our Nation inside the running train which was appreciated  and accepted to be mentioned in the Prestigious book 
BHARAT BOOK OF RECORDS",TRUE,FALSE,FALSE,FALSE,FALSE,2023-03-09T07:01:02+0000
107248091187807_585676180270962,https://scontent.fccu31-2.fna.fbcdn.net/v/t39.30808-6/477159923_1041950781310164_2282753495951753894_n.jpg?stp=dst-jpg_p720x720_tt6&_nc_cat=108&ccb=1-7&_nc_sid=833d8c&_nc_ohc=UwEo6DeTwVMQ7kNvwHTK6dz&_nc_oc=Adp5zM4DexNI_qUtkBDVfYuVb6Wrh1y_ojs8deiCJgVkjUOMDMdQaSXXvuW75ZAtF7o&_nc_zt=23&_nc_ht=scontent.fccu31-2.fna&edm=AKIiGfEEAAAA&_nc_gid=0PrDcyjr46WUg0DF5ixRXA&_nc_tpa=Q5bMBQHK7ASsF3P2V7ffPcsk8alVAp-q7mX0s9kbK6_9LSStX48XZFWbwAhwiRu0J7bGNHZXT9NYxwcXDQ&oh=00_Af6D2AlwK4DjifS8hBcM1YrvG_uSt5koYOdcz0T5vqSxyg&oe=6A18E635,https://scontent.fccu31-2.fna.fbcdn.net/v/t39.30808-6/477159923_1041950781310164_2282753495951753894_n.jpg?stp=dst-jpg_p720x720_tt6&_nc_cat=108&ccb=1-7&_nc_sid=833d8c&_nc_ohc=UwEo6DeTwVMQ7kNvwHTK6dz&_nc_oc=Adp5zM4DexNI_qUtkBDVfYuVb6Wrh1y_ojs8deiCJgVkjUOMDMdQaSXXvuW75ZAtF7o&_nc_zt=23&_nc_ht=scontent.fccu31-2.fna&edm=AKIiGfEEAAAA&_nc_gid=0PrDcyjr46WUg0DF5ixRXA&_nc_tpa=Q5bMBQGRZyIfhxleziGjVYIfvcl1n33-bPMjcspj5iu6Td9lh8Bmk7gZLmYuCXGnw8uK3atd4mrfD2bVTw&oh=00_Af7DfIz_F7LXx-pBRpX8hcP-KDuvckC3zXltaAupKJHaXw&oe=6A18E635,https://www.facebook.com/photo.php?fbid=585676156937631&set=a.448214567350458&type=3,720,900,photo,photo,"#Bharat_Book_Of_Records
🇮🇳🏅🇮🇳🏅🇮🇳🏅🇮🇳🏅🇮🇳🏅🇮🇳🏅🇮🇳🏅🇮🇳🏅🇮🇳
#Record_Holder

Successful Participated in The International Women's day which was conducted on the 7th March 2023 inside the running train VANDE BHARAT EXPRESS Bangalore to Mysore and created a history for the first time in India by celebrating and honouring the Durga Devis of our Nation inside the running train which was appreciated  and accepted to be mentioned in the Prestigious book 
BHARAT BOOK OF RECORDS",https://www.facebook.com/1425872462917992/posts/585676180270962,"#Bharat_Book_Of_Records
🇮🇳🏅🇮🇳🏅🇮🇳🏅🇮🇳🏅🇮🇳🏅🇮🇳🏅🇮🇳🏅🇮🇳🏅🇮🇳
#Record_Holder

Successful Participated in The International Women's day which was conducted on the 7th March 2023 inside the running train VANDE BHARAT EXPRESS Bangalore to Mysore and created a history for the first time in India by celebrating and honouring the Durga Devis of our Nation inside the running train which was appreciated  and accepted to be mentioned in the Prestigious book 
BHARAT BOOK OF RECORDS",TRUE,FALSE,FALSE,FALSE,FALSE,2023-03-09T07:00:08+0000
107248091187807_585675970270983,https://scontent.fccu31-1.fna.fbcdn.net/v/t39.30808-6/477258259_1041950697976839_3688539440547542844_n.jpg?stp=dst-jpg_p720x720_tt6&_nc_cat=105&ccb=1-7&_nc_sid=833d8c&_nc_ohc=cdhSlvFJZCMQ7kNvwFmDsGn&_nc_oc=Adp140CEebw9nsKLoNjO2WTKBYsCtgvPzwTmNZeGQ5VRAlWCKSM-3P9BMvpAO9MHpTk&_nc_zt=23&_nc_ht=scontent.fccu31-1.fna&edm=AKIiGfEEAAAA&_nc_gid=0PrDcyjr46WUg0DF5ixRXA&_nc_tpa=Q5bMBQE7cFKvoADOnbyICJcdnKDUmy6dLuAUPYFIECZTdVUh-dSsPObjSaZJNAbVSUaCRoZoXYC5Bu2S5A&oh=00_Af6bddeDWVbJmRO3dtJpIiPm2Q630pXIcHVdmlq2fMqhlg&oe=6A18DAAE,https://scontent.fccu31-1.fna.fbcdn.net/v/t39.30808-6/477258259_1041950697976839_3688539440547542844_n.jpg?stp=dst-jpg_p720x720_tt6&_nc_cat=105&ccb=1-7&_nc_sid=833d8c&_nc_ohc=cdhSlvFJZCMQ7kNvwFmDsGn&_nc_oc=Adp140CEebw9nsKLoNjO2WTKBYsCtgvPzwTmNZeGQ5VRAlWCKSM-3P9BMvpAO9MHpTk&_nc_zt=23&_nc_ht=scontent.fccu31-1.fna&edm=AKIiGfEEAAAA&_nc_gid=0PrDcyjr46WUg0DF5ixRXA&_nc_tpa=Q5bMBQF2VYGU6pTKwW_YO_2E32uaEkR8FTE1kAjOhVtY3US0YVnUV9MD_12_aNJrD3BJy9fO6eodhNFCrA&oh=00_Af7IY8eB-eLRFnYM_NGBlXP6prsgk1ykRC5rqahcElxumQ&oe=6A18DAAE,https://www.facebook.com/photo.php?fbid=585675953604318&set=a.448214567350458&type=3,720,933,photo,photo,"#Bharat_Book_Of_Records
🇮🇳🏅🇮🇳🏅🇮🇳🏅🇮🇳🏅🇮🇳🏅🇮🇳🏅🇮🇳🏅🇮🇳🏅🇮🇳
#Record_Holder

Successful Participated in The International Women's day which was conducted on the 7th March 2023 inside the running train VANDE BHARAT EXPRESS Bangalore to Mysore and created a history for the first time in India by celebrating and honouring the Durga Devis of our Nation inside the running train which was appreciated  and accepted to be mentioned in the Prestigious book 
BHARAT BOOK OF RECORDS",https://www.facebook.com/1425872462917992/posts/585675970270983,"#Bharat_Book_Of_Records
🇮🇳🏅🇮🇳🏅🇮🇳🏅🇮🇳🏅🇮🇳🏅🇮🇳🏅🇮🇳🏅🇮🇳🏅🇮🇳
#Record_Holder

Successful Participated in The International Women's day which was conducted on the 7th March 2023 inside the running train VANDE BHARAT EXPRESS Bangalore to Mysore and created a history for the first time in India by celebrating and honouring the Durga Devis of our Nation inside the running train which was appreciated  and accepted to be mentioned in the Prestigious book 
BHARAT BOOK OF RECORDS",TRUE,FALSE,FALSE,FALSE,FALSE,2023-03-09T06:59:38+0000
107248091187807_585675750271005,https://scontent.fccu3-1.fna.fbcdn.net/v/t39.30808-6/477693805_1041950771310165_663901595543405963_n.jpg?stp=dst-jpg_p720x720_tt6&_nc_cat=102&ccb=1-7&_nc_sid=833d8c&_nc_ohc=0l9WEo8lzhsQ7kNvwFluNhr&_nc_oc=AdrWBDoxXqo0s1wr_ebrSraA6hae_l8lTmaUnWyXufz5oRBzXAXfN8sOC0bDLr4w5Nk&_nc_zt=23&_nc_ht=scontent.fccu3-1.fna&edm=AKIiGfEEAAAA&_nc_gid=0PrDcyjr46WUg0DF5ixRXA&_nc_tpa=Q5bMBQG17MVMng7KUqudgCBzslEPqBrLS2N_ET8fLndtNQGVqlbu4qDqfl1yy6fNI09NYwjW4honPafIAA&oh=00_Af6VEJjgWn0263f9h-cxwraCsFnLM78rfROBZtrvJyqKtQ&oe=6A18DA18,https://scontent.fccu3-1.fna.fbcdn.net/v/t39.30808-6/477693805_1041950771310165_663901595543405963_n.jpg?stp=dst-jpg_p720x720_tt6&_nc_cat=102&ccb=1-7&_nc_sid=833d8c&_nc_ohc=0l9WEo8lzhsQ7kNvwFluNhr&_nc_oc=AdrWBDoxXqo0s1wr_ebrSraA6hae_l8lTmaUnWyXufz5oRBzXAXfN8sOC0bDLr4w5Nk&_nc_zt=23&_nc_ht=scontent.fccu3-1.fna&edm=AKIiGfEEAAAA&_nc_gid=0PrDcyjr46WUg0DF5ixRXA&_nc_tpa=Q5bMBQG0ngsG3P5vqqO3dAQfji-gw9VteZC2pUPTBA1z2ZAyMy6KOGCx52Db1P8IT2fGntECPQIPRYc3BA&oh=00_Af5FTCOg11eA6dwQcl9NVoartQ7Xt_co6FwDg-Eqnf_FsA&oe=6A18DA18,https://www.facebook.com/photo.php?fbid=585675733604340&set=a.448214567350458&type=3,720,899,photo,photo,"#Bharat_Book_Of_Records
🇮🇳🏅🇮🇳🏅🇮🇳🏅🇮🇳🏅🇮🇳🏅🇮🇳🏅🇮🇳🏅🇮🇳🏅🇮🇳
#Record_Holder

Successful Participated in The International Women's day which was conducted on the 7th March 2023 inside the running train VANDE BHARAT EXPRESS Bangalore to Mysore and created a history for the first time in India by celebrating and honouring the Durga Devis of our Nation inside the running train which was appreciated  and accepted to be mentioned in the Prestigious book 
BHARAT BOOK OF RECORDS",https://www.facebook.com/1425872462917992/posts/585675750271005,"#Bharat_Book_Of_Records
🇮🇳🏅🇮🇳🏅🇮🇳🏅🇮🇳🏅🇮🇳🏅🇮🇳🏅🇮🇳🏅🇮🇳🏅🇮🇳
#Record_Holder

Successful Participated in The International Women's day which was conducted on the 7th March 2023 inside the running train VANDE BHARAT EXPRESS Bangalore to Mysore and created a history for the first time in India by celebrating and honouring the Durga Devis of our Nation inside the running train which was appreciated  and accepted to be mentioned in the Prestigious book 
BHARAT BOOK OF RECORDS",TRUE,FALSE,FALSE,FALSE,FALSE,2023-03-09T06:59:13+0000
107248091187807_585675563604357,https://scontent.fccu31-1.fna.fbcdn.net/v/t39.30808-6/477332767_1041950747976834_4470567215618540859_n.jpg?stp=dst-jpg_p720x720_tt6&_nc_cat=107&ccb=1-7&_nc_sid=833d8c&_nc_ohc=MKth79QZV28Q7kNvwGRc2vi&_nc_oc=AdqyqNDlg6K7dFMBMa7NzSJYHvEacHvuvsiD7KrfUIFor0SeiQsHLcUAvTix01iatyQ&_nc_zt=23&_nc_ht=scontent.fccu31-1.fna&edm=AKIiGfEEAAAA&_nc_gid=0PrDcyjr46WUg0DF5ixRXA&_nc_tpa=Q5bMBQFwALLbD6MBlGmuudWCeW-J3NhBbLlC_DqkQEWY1oKalhtatiZEEYOqHoYB3emHyXphPMTPfiHNPQ&oh=00_Af4xZcsb9b6NEfm71JnLr2GAGOlRY4gPeuDQVNT7gC6cMw&oe=6A18E563,https://scontent.fccu31-1.fna.fbcdn.net/v/t39.30808-6/477332767_1041950747976834_4470567215618540859_n.jpg?stp=dst-jpg_p720x720_tt6&_nc_cat=107&ccb=1-7&_nc_sid=833d8c&_nc_ohc=MKth79QZV28Q7kNvwGRc2vi&_nc_oc=AdqyqNDlg6K7dFMBMa7NzSJYHvEacHvuvsiD7KrfUIFor0SeiQsHLcUAvTix01iatyQ&_nc_zt=23&_nc_ht=scontent.fccu31-1.fna&edm=AKIiGfEEAAAA&_nc_gid=0PrDcyjr46WUg0DF5ixRXA&_nc_tpa=Q5bMBQEjdmqH-x9xRWIt_llnVB6ripr_eMt3b9hRq-Y8HILW6vafj7xYEc4EsmQvPLXo7BeKEBPnIT0wYw&oh=00_Af6_oWO3bSxmunCSu-tjT9Z3RBwERTbLX0eY_t8HvVJt_g&oe=6A18E563,https://www.facebook.com/photo.php?fbid=585675546937692&set=a.448214567350458&type=3,720,888,photo,photo,"#Bharat_Book_Of_Records
🇮🇳🏅🇮🇳🏅🇮🇳🏅🇮🇳🏅🇮🇳🏅🇮🇳🏅🇮🇳🏅🇮🇳🏅🇮🇳
#Record_Holder

Successful Participated in The International Women's day which was conducted on the 7th March 2023 inside the running train VANDE BHARAT EXPRESS Bangalore to Mysore and created a history for the first time in India by celebrating and honouring the Durga Devis of our Nation inside the running train which was appreciated  and accepted to be mentioned in the Prestigious book 
BHARAT BOOK OF RECORDS",https://www.facebook.com/1425872462917992/posts/585675563604357,"#Bharat_Book_Of_Records
🇮🇳🏅🇮🇳🏅🇮🇳🏅🇮🇳🏅🇮🇳🏅🇮🇳🏅🇮🇳🏅🇮🇳🏅🇮🇳
#Record_Holder

Successful Participated in The International Women's day which was conducted on the 7th March 2023 inside the running train VANDE BHARAT EXPRESS Bangalore to Mysore and created a history for the first time in India by celebrating and honouring the Durga Devis of our Nation inside the running train which was appreciated  and accepted to be mentioned in the Prestigious book 
BHARAT BOOK OF RECORDS",TRUE,FALSE,FALSE,FALSE,FALSE,2023-03-09T06:58:44+0000
107248091187807_585675353604378,https://scontent.fccu31-1.fna.fbcdn.net/v/t39.30808-6/478424922_1041950534643522_593851577072964586_n.jpg?stp=dst-jpg_p720x720_tt6&_nc_cat=107&ccb=1-7&_nc_sid=833d8c&_nc_ohc=C0KSs40m49EQ7kNvwGcfx4f&_nc_oc=Adrb-UThzPwTHuYn1rTuBNm4Ldmk_QZSD9Q7RfYk5auJWJmAsTjpFK8cOfv4iJlkKCE&_nc_zt=23&_nc_ht=scontent.fccu31-1.fna&edm=AKIiGfEEAAAA&_nc_gid=0PrDcyjr46WUg0DF5ixRXA&_nc_tpa=Q5bMBQEz-N5SlylBiFudxLG8-tF-fI_Yr1ag4CBB6N6LHTvWIa7F1P4Dig8lzee4OtP8I3xrR2RDqClVYA&oh=00_Af72td23tx84533wslHyQZj97MBOxzXP4vqwaY7t4KlLRA&oe=6A18EF6B,https://scontent.fccu31-1.fna.fbcdn.net/v/t39.30808-6/478424922_1041950534643522_593851577072964586_n.jpg?stp=dst-jpg_p720x720_tt6&_nc_cat=107&ccb=1-7&_nc_sid=833d8c&_nc_ohc=C0KSs40m49EQ7kNvwGcfx4f&_nc_oc=Adrb-UThzPwTHuYn1rTuBNm4Ldmk_QZSD9Q7RfYk5auJWJmAsTjpFK8cOfv4iJlkKCE&_nc_zt=23&_nc_ht=scontent.fccu31-1.fna&edm=AKIiGfEEAAAA&_nc_gid=0PrDcyjr46WUg0DF5ixRXA&_nc_tpa=Q5bMBQE5T8y87dbx1WKMz-ZkrCZP3aru3ylKK8tlzXSKf9uKF74nxW20reZYnFJt90oScR2yfNNqhWISGg&oh=00_Af7cEUoyk8ojr1qLdl0vj2lmDymQildRlM8EK7szQrxRZQ&oe=6A18EF6B,https://www.facebook.com/photo.php?fbid=585675340271046&set=a.448214567350458&type=3,720,930,photo,photo,"#Bharat_Book_Of_Records
🇮🇳🏅🇮🇳🏅🇮🇳🏅🇮🇳🏅🇮🇳🏅🇮🇳🏅🇮🇳🏅🇮🇳🏅🇮🇳
#Record_Holder

Successful Participated in The International Women's day which was conducted on the 7th March 2023 inside the running train VANDE BHARAT EXPRESS Bangalore to Mysore and created a history for the first time in India by celebrating and honouring the Durga Devis of our Nation inside the running train which was appreciated  and accepted to be mentioned in the Prestigious book 
BHARAT BOOK OF RECORDS",https://www.facebook.com/1425872462917992/posts/585675353604378,"#Bharat_Book_Of_Records
🇮🇳🏅🇮🇳🏅🇮🇳🏅🇮🇳🏅🇮🇳🏅🇮🇳🏅🇮🇳🏅🇮🇳🏅🇮🇳
#Record_Holder

Successful Participated in The International Women's day which was conducted on the 7th March 2023 inside the running train VANDE BHARAT EXPRESS Bangalore to Mysore and created a history for the first time in India by celebrating and honouring the Durga Devis of our Nation inside the running train which was appreciated  and accepted to be mentioned in the Prestigious book 
BHARAT BOOK OF RECORDS",TRUE,FALSE,FALSE,FALSE,FALSE,2023-03-09T06:58:12+0000
107248091187807_585675163604397,https://scontent.fccu31-2.fna.fbcdn.net/v/t39.30808-6/477719065_1041950787976830_7220673822371852421_n.jpg?stp=dst-jpg_p720x720_tt6&_nc_cat=108&ccb=1-7&_nc_sid=833d8c&_nc_ohc=9j2-0VoF-J4Q7kNvwGWVl7S&_nc_oc=AdqZYAavQD5-Npn7_UpkzmdCQUV8gpqZucO5MNJJX1_AVOqQ4vwznBxxrlAaZ2-4PRc&_nc_zt=23&_nc_ht=scontent.fccu31-2.fna&edm=AKIiGfEEAAAA&_nc_gid=0PrDcyjr46WUg0DF5ixRXA&_nc_tpa=Q5bMBQEr8w6oEN5lYKLjSiqjQDAkua4aaUBdvMfK3rPqSa2Edq3bJRO1NEb_AQ79dqc4db5cSBSruN5RXw&oh=00_Af7JjPVRONtbzafO6SvPZjBQpT_fiZ8OnAi2Ei-3Fqxg3w&oe=6A18C312,https://scontent.fccu31-2.fna.fbcdn.net/v/t39.30808-6/477719065_1041950787976830_7220673822371852421_n.jpg?stp=dst-jpg_p720x720_tt6&_nc_cat=108&ccb=1-7&_nc_sid=833d8c&_nc_ohc=9j2-0VoF-J4Q7kNvwGWVl7S&_nc_oc=AdqZYAavQD5-Npn7_UpkzmdCQUV8gpqZucO5MNJJX1_AVOqQ4vwznBxxrlAaZ2-4PRc&_nc_zt=23&_nc_ht=scontent.fccu31-2.fna&edm=AKIiGfEEAAAA&_nc_gid=0PrDcyjr46WUg0DF5ixRXA&_nc_tpa=Q5bMBQEvq65xmxjtfHZkTs_1FJ_AoeCIY0hwWiMZAcD2oVUlsY7_jmd_aHrJsHv7aG6KS4YnWGXXTWMbvw&oh=00_Af5Xl0hUbtUQkuly6b5WL4GLhhW9-KgNTRxrbhNkJ3YNKA&oe=6A18C312,https://www.facebook.com/photo.php?fbid=585675133604400&set=a.448214567350458&type=3,720,902,photo,photo,"#Bharat_Book_Of_Records
🇮🇳🏅🇮🇳🏅🇮🇳🏅🇮🇳🏅🇮🇳🏅🇮🇳🏅🇮🇳🏅🇮🇳🏅🇮🇳
#Record_Holder

Successful Participated in The International Women's day which was conducted on the 7th March 2023 inside the running train VANDE BHARAT EXPRESS Bangalore to Mysore and created a history for the first time in India by celebrating and honouring the Durga Devis of our Nation inside the running train which was appreciated  and accepted to be mentioned in the Prestigious book 
BHARAT BOOK OF RECORDS",https://www.facebook.com/1425872462917992/posts/585675163604397,"#Bharat_Book_Of_Records
🇮🇳🏅🇮🇳🏅🇮🇳🏅🇮🇳🏅🇮🇳🏅🇮🇳🏅🇮🇳🏅🇮🇳🏅🇮🇳
#Record_Holder

Successful Participated in The International Women's day which was conducted on the 7th March 2023 inside the running train VANDE BHARAT EXPRESS Bangalore to Mysore and created a history for the first time in India by celebrating and honouring the Durga Devis of our Nation inside the running train which was appreciated  and accepted to be mentioned in the Prestigious book 
BHARAT BOOK OF RECORDS",TRUE,FALSE,FALSE,FALSE,FALSE,2023-03-09T06:57:38+0000
107248091187807_585674916937755,https://scontent.fccu31-2.fna.fbcdn.net/v/t39.30808-6/478550854_1041950441310198_1200157594289982427_n.jpg?stp=dst-jpg_p720x720_tt6&_nc_cat=103&ccb=1-7&_nc_sid=833d8c&_nc_ohc=Anz-Xt2C-ycQ7kNvwFmMlDJ&_nc_oc=AdpJpMJ3MKius8XSFAGLVb_3uxUmOyVOMh0I7G8xdskZwunkkD7NwigrTbwR2Zn10jE&_nc_zt=23&_nc_ht=scontent.fccu31-2.fna&edm=AKIiGfEEAAAA&_nc_gid=0PrDcyjr46WUg0DF5ixRXA&_nc_tpa=Q5bMBQFaHYwpjV7IPAa_PeRWffT-h0IZYlks34ZaPoH8xAM5dPkmZwOcBLq5-Tox_j5pAvF65dSRf_hIyQ&oh=00_Af7L75OweXFye4ijUVYr76Ol09t5m9Aib0Pz7mNxILRQTA&oe=6A18EE22,https://scontent.fccu31-2.fna.fbcdn.net/v/t39.30808-6/478550854_1041950441310198_1200157594289982427_n.jpg?stp=dst-jpg_p720x720_tt6&_nc_cat=103&ccb=1-7&_nc_sid=833d8c&_nc_ohc=Anz-Xt2C-ycQ7kNvwFmMlDJ&_nc_oc=AdpJpMJ3MKius8XSFAGLVb_3uxUmOyVOMh0I7G8xdskZwunkkD7NwigrTbwR2Zn10jE&_nc_zt=23&_nc_ht=scontent.fccu31-2.fna&edm=AKIiGfEEAAAA&_nc_gid=0PrDcyjr46WUg0DF5ixRXA&_nc_tpa=Q5bMBQGqaQgmJethHiUKXmXutHqoa-Nokhc-c9j6-kW8iyZbyE2Zk39g-vqDsPYudslB56OvXUSwN5O4tQ&oh=00_Af5Y8aVxdrCZpOqS15PEOXzXIcfZ2ji3IkMck9o1RWVyZQ&oe=6A18EE22,https://www.facebook.com/photo.php?fbid=585674856937761&set=a.448214567350458&type=3,720,947,photo,photo,"#Bharat_Book_Of_Records
🇮🇳🏅🇮🇳🏅🇮🇳🏅🇮🇳🏅🇮🇳🏅🇮🇳🏅🇮🇳🏅🇮🇳🏅🇮🇳
#Record_Holder

Successful Participated in The International Women's day which was conducted on the 7th March 2023 inside the running train VANDE BHARAT EXPRESS Bangalore to Mysore and created a history for the first time in India by celebrating and honouring the Durga Devis of our Nation inside the running train which was appreciated  and accepted to be mentioned in the Prestigious book 
BHARAT BOOK OF RECORDS",https://www.facebook.com/1425872462917992/posts/585674916937755,"#Bharat_Book_Of_Records
🇮🇳🏅🇮🇳🏅🇮🇳🏅🇮🇳🏅🇮🇳🏅🇮🇳🏅🇮🇳🏅🇮🇳🏅🇮🇳
#Record_Holder

Successful Participated in The International Women's day which was conducted on the 7th March 2023 inside the running train VANDE BHARAT EXPRESS Bangalore to Mysore and created a history for the first time in India by celebrating and honouring the Durga Devis of our Nation inside the running train which was appreciated  and accepted to be mentioned in the Prestigious book 
BHARAT BOOK OF RECORDS",TRUE,FALSE,FALSE,FALSE,FALSE,2023-03-09T06:57:06+0000
107248091187807_585674440271136,https://scontent.fccu3-1.fna.fbcdn.net/v/t39.30808-6/478053337_1041950707976838_7145517488354336562_n.jpg?stp=dst-jpg_p720x720_tt6&_nc_cat=101&ccb=1-7&_nc_sid=833d8c&_nc_ohc=M9LRTO7Anr8Q7kNvwGUlp53&_nc_oc=Adq6O-vdgLkXGKxreioX2nE9tMpaQUW-WaKL4XRrftHgL3s6vSyxqKijAnDOdWvhHQs&_nc_zt=23&_nc_ht=scontent.fccu3-1.fna&edm=AKIiGfEEAAAA&_nc_gid=0PrDcyjr46WUg0DF5ixRXA&_nc_tpa=Q5bMBQHvYsrk_9uIM-cDatrpHG8LkbpcxXyj8X7yAkKtJL8JDaEKZx6IKaCprLW4NdpEIOzBjtBx7bq7mQ&oh=00_Af6mSG70QuNTrWVGfnSmbVze2BrIdK2qPEZ5hSncjHMbfg&oe=6A18DE01,https://scontent.fccu3-1.fna.fbcdn.net/v/t39.30808-6/478053337_1041950707976838_7145517488354336562_n.jpg?stp=dst-jpg_p720x720_tt6&_nc_cat=101&ccb=1-7&_nc_sid=833d8c&_nc_ohc=M9LRTO7Anr8Q7kNvwGUlp53&_nc_oc=Adq6O-vdgLkXGKxreioX2nE9tMpaQUW-WaKL4XRrftHgL3s6vSyxqKijAnDOdWvhHQs&_nc_zt=23&_nc_ht=scontent.fccu3-1.fna&edm=AKIiGfEEAAAA&_nc_gid=0PrDcyjr46WUg0DF5ixRXA&_nc_tpa=Q5bMBQFEhl1LZoccng0bcxxCZSO0OfBN6NacfrtLPJWho-nNQTSratLcUIO9eSn6V-ozYrq5UBDVkBs7dw&oh=00_Af6Wrn9TyYVxoJFoA2qhg2OUFKbvm5_iWQMz_yP3LDdPSg&oe=6A18DE01,https://www.facebook.com/photo.php?fbid=585674426937804&set=a.448214567350458&type=3,720,933,photo,photo,"#Bharat_Book_Of_Records
🇮🇳🏅🇮🇳🏅🇮🇳🏅🇮🇳🏅🇮🇳🏅🇮🇳🏅🇮🇳🏅🇮🇳🏅🇮🇳
#Record_Holder

Successful Participated in The International Women's day which was conducted on the 7th March 2023 inside the running train VANDE BHARAT EXPRESS Bangalore to Mysore and created a history for the first time in India by celebrating and honouring the Durga Devis of our Nation inside the running train which was appreciated  and accepted to be mentioned in the Prestigious book 
BHARAT BOOK OF RECORDS",https://www.facebook.com/1425872462917992/posts/585674440271136,"#Bharat_Book_Of_Records
🇮🇳🏅🇮🇳🏅🇮🇳🏅🇮🇳🏅🇮🇳🏅🇮🇳🏅🇮🇳🏅🇮🇳🏅🇮🇳
#Record_Holder

Successful Participated in The International Women's day which was conducted on the 7th March 2023 inside the running train VANDE BHARAT EXPRESS Bangalore to Mysore and created a history for the first time in India by celebrating and honouring the Durga Devis of our Nation inside the running train which was appreciated  and accepted to be mentioned in the Prestigious book 
BHARAT BOOK OF RECORDS",TRUE,FALSE,FALSE,FALSE,FALSE,2023-03-09T06:56:03+0000
107248091187807_585674213604492,https://scontent.fccu3-1.fna.fbcdn.net/v/t39.30808-6/476641256_1041950691310173_1783056087768411600_n.jpg?stp=dst-jpg_p720x720_tt6&_nc_cat=102&ccb=1-7&_nc_sid=833d8c&_nc_ohc=n73DdvpOglkQ7kNvwFPbwv7&_nc_oc=AdqMMkcVDtPJ-nzXXC308kfK4ch9hpxHIRmF71SxWfM2C9kHiNj_tJBscEkA2fEjt1g&_nc_zt=23&_nc_ht=scontent.fccu3-1.fna&edm=AKIiGfEEAAAA&_nc_gid=0PrDcyjr46WUg0DF5ixRXA&_nc_tpa=Q5bMBQGyByAK5yez39xDI0k3g5CpSszZC9pdHlm49RUdBoy1Zhp6Gmt7El4_-wSuf4YH73KFJHcEPtklpA&oh=00_Af4hRIC1sZIMSUtIGTD_t5hEwG3KuEMqCOhvP6RT_874Sg&oe=6A18BE43,https://scontent.fccu3-1.fna.fbcdn.net/v/t39.30808-6/476641256_1041950691310173_1783056087768411600_n.jpg?stp=dst-jpg_p720x720_tt6&_nc_cat=102&ccb=1-7&_nc_sid=833d8c&_nc_ohc=n73DdvpOglkQ7kNvwFPbwv7&_nc_oc=AdqMMkcVDtPJ-nzXXC308kfK4ch9hpxHIRmF71SxWfM2C9kHiNj_tJBscEkA2fEjt1g&_nc_zt=23&_nc_ht=scontent.fccu3-1.fna&edm=AKIiGfEEAAAA&_nc_gid=0PrDcyjr46WUg0DF5ixRXA&_nc_tpa=Q5bMBQH3iBLZe9ykIAxA9RMcbfIkKoncXEJ547rQRP1kexQi1zpaK636iWK-F9D8axcAyX9iw8CP16Q7YA&oh=00_Af7k65nY4fvhepl4U7CVqBOZSIkO97g4bucTMn4CnQT5NA&oe=6A18BE43,https://www.facebook.com/photo.php?fbid=585674193604494&set=a.448214567350458&type=3,720,807,photo,photo,"#Bharat_Book_Of_Records
🇮🇳🏅🇮🇳🏅🇮🇳🏅🇮🇳🏅🇮🇳🏅🇮🇳🏅🇮🇳🏅🇮🇳🏅🇮🇳
#Record_Holder

Successful Participated in The International Women's day which was conducted on the 7th March 2023 inside the running train VANDE BHARAT EXPRESS Bangalore to Mysore and created a history for the first time in India by celebrating and honouring the Durga Devis of our Nation inside the running train which was appreciated  and accepted to be mentioned in the Prestigious book 
BHARAT BOOK OF RECORDS",https://www.facebook.com/1425872462917992/posts/585674213604492,"#Bharat_Book_Of_Records
🇮🇳🏅🇮🇳🏅🇮🇳🏅🇮🇳🏅🇮🇳🏅🇮🇳🏅🇮🇳🏅🇮🇳🏅🇮🇳
#Record_Holder

Successful Participated in The International Women's day which was conducted on the 7th March 2023 inside the running train VANDE BHARAT EXPRESS Bangalore to Mysore and created a history for the first time in India by celebrating and honouring the Durga Devis of our Nation inside the running train which was appreciated  and accepted to be mentioned in the Prestigious book 
BHARAT BOOK OF RECORDS",TRUE,FALSE,FALSE,FALSE,FALSE,2023-03-09T06:55:34+0000
107248091187807_585674010271179,https://scontent.fccu3-1.fna.fbcdn.net/v/t39.30808-6/478590177_1041950417976867_8626351429829248866_n.jpg?stp=dst-jpg_p720x720_tt6&_nc_cat=101&ccb=1-7&_nc_sid=833d8c&_nc_ohc=sJd5zDtU4eAQ7kNvwFDgZW1&_nc_oc=AdoIilwm_nrvTGFA_EApJgmWFrZ6uJ-KhgsZ9xMR-NqUX7aTQA2uNUgRJTO4D_8uAjQ&_nc_zt=23&_nc_ht=scontent.fccu3-1.fna&edm=AKIiGfEEAAAA&_nc_gid=0PrDcyjr46WUg0DF5ixRXA&_nc_tpa=Q5bMBQHT_-xLd7d8B-DPKD98tFQQY76xap3ij9oUMwLkbQ7Pchlu_7L02-NSrWKZhayGm3_eCr0wJSi7XA&oh=00_Af7OwyL1d7hMLYrtjMFjqbDWRdnRohUlou33hTyU61kFtA&oe=6A18E2F1,https://scontent.fccu3-1.fna.fbcdn.net/v/t39.30808-6/478590177_1041950417976867_8626351429829248866_n.jpg?stp=dst-jpg_p720x720_tt6&_nc_cat=101&ccb=1-7&_nc_sid=833d8c&_nc_ohc=sJd5zDtU4eAQ7kNvwFDgZW1&_nc_oc=AdoIilwm_nrvTGFA_EApJgmWFrZ6uJ-KhgsZ9xMR-NqUX7aTQA2uNUgRJTO4D_8uAjQ&_nc_zt=23&_nc_ht=scontent.fccu3-1.fna&edm=AKIiGfEEAAAA&_nc_gid=0PrDcyjr46WUg0DF5ixRXA&_nc_tpa=Q5bMBQHFn4vdRAMQsycRD4_1pRo7UVglB1YtfYWaVU90RIPeHYxrnWb8oqSJD7F1nj_vk2Tfu6M_k8vB0g&oh=00_Af6a2Ly7k0_sByQ_Y6Fa4acdwSgXP7N-X_9bdCWT0GjaBw&oe=6A18E2F1,https://www.facebook.com/photo.php?fbid=585673993604514&set=a.448214567350458&type=3,720,930,photo,photo,"#Bharat_Book_Of_Records
🇮🇳🏅🇮🇳🏅🇮🇳🏅🇮🇳🏅🇮🇳🏅🇮🇳🏅🇮🇳🏅🇮🇳🏅🇮🇳
#Record_Holder

Successful Participated in The International Women's day which was conducted on the 7th March 2023 inside the running train VANDE BHARAT EXPRESS Bangalore to Mysore and created a history for the first time in India by celebrating and honouring the Durga Devis of our Nation inside the running train which was appreciated  and accepted to be mentioned in the Prestigious book 
BHARAT BOOK OF RECORDS",https://www.facebook.com/1425872462917992/posts/585674010271179,"#Bharat_Book_Of_Records
🇮🇳🏅🇮🇳🏅🇮🇳🏅🇮🇳🏅🇮🇳🏅🇮🇳🏅🇮🇳🏅🇮🇳🏅🇮🇳
#Record_Holder

Successful Participated in The International Women's day which was conducted on the 7th March 2023 inside the running train VANDE BHARAT EXPRESS Bangalore to Mysore and created a history for the first time in India by celebrating and honouring the Durga Devis of our Nation inside the running train which was appreciated  and accepted to be mentioned in the Prestigious book 
BHARAT BOOK OF RECORDS",TRUE,FALSE,FALSE,FALSE,FALSE,2023-03-09T06:55:04+0000
107248091187807_585673763604537,https://scontent.fccu31-1.fna.fbcdn.net/v/t39.30808-6/478123849_1041950481310194_4850253110524168239_n.jpg?stp=dst-jpg_p720x720_tt6&_nc_cat=105&ccb=1-7&_nc_sid=833d8c&_nc_ohc=qsS8ccTc9koQ7kNvwGFr7r_&_nc_oc=AdrJLHhhNc0yY3uWOhUINNvzsIVREYB80wY9EfX0UG_zu9rA-YuQIv8OwoQyKSuwqNw&_nc_zt=23&_nc_ht=scontent.fccu31-1.fna&edm=AKIiGfEEAAAA&_nc_gid=0PrDcyjr46WUg0DF5ixRXA&_nc_tpa=Q5bMBQGHuGdYgraN-kiHs0WYOopdw3CYpwTbg0vrq9RGLNWznHcUiDhfIGgN5ggtf1OM3yRm5SJazEFFnQ&oh=00_Af77IgBKnTcKJ9P5mhVJSTMTQvzgeQQblrqI4vCSOOP1PQ&oe=6A18CA1F,https://scontent.fccu31-1.fna.fbcdn.net/v/t39.30808-6/478123849_1041950481310194_4850253110524168239_n.jpg?stp=dst-jpg_p720x720_tt6&_nc_cat=105&ccb=1-7&_nc_sid=833d8c&_nc_ohc=qsS8ccTc9koQ7kNvwGFr7r_&_nc_oc=AdrJLHhhNc0yY3uWOhUINNvzsIVREYB80wY9EfX0UG_zu9rA-YuQIv8OwoQyKSuwqNw&_nc_zt=23&_nc_ht=scontent.fccu31-1.fna&edm=AKIiGfEEAAAA&_nc_gid=0PrDcyjr46WUg0DF5ixRXA&_nc_tpa=Q5bMBQH9qB_PJ4ra5NtspwCnT_hG_l3dDd9d3qe0AlYX8yDGJHF17D3wSVA5Q68FjMXzzXCsv4DJ-uKMkQ&oh=00_Af4qI_Vt9egkWlg2Hqj3shVaCPxcTDh2VqP8fW_cDp0uVw&oe=6A18CA1F,https://www.facebook.com/photo.php?fbid=585673743604539&set=a.448214567350458&type=3,720,853,photo,photo,"#Bharat_Book_Of_Records
🇮🇳🏅🇮🇳🏅🇮🇳🏅🇮🇳🏅🇮🇳🏅🇮🇳🏅🇮🇳🏅🇮🇳🏅🇮🇳
#Record_Holder

Successful Participated in The International Women's day which was conducted on the 7th March 2023 inside the running train VANDE BHARAT EXPRESS Bangalore to Mysore and created a history for the first time in India by celebrating and honouring the Durga Devis of our Nation inside the running train which was appreciated  and accepted to be mentioned in the Prestigious book 
BHARAT BOOK OF RECORDS",https://www.facebook.com/1425872462917992/posts/585673763604537,"#Bharat_Book_Of_Records
🇮🇳🏅🇮🇳🏅🇮🇳🏅🇮🇳🏅🇮🇳🏅🇮🇳🏅🇮🇳🏅🇮🇳🏅🇮🇳
#Record_Holder

Successful Participated in The International Women's day which was conducted on the 7th March 2023 inside the running train VANDE BHARAT EXPRESS Bangalore to Mysore and created a history for the first time in India by celebrating and honouring the Durga Devis of our Nation inside the running train which was appreciated  and accepted to be mentioned in the Prestigious book 
BHARAT BOOK OF RECORDS",TRUE,FALSE,FALSE,FALSE,FALSE,2023-03-09T06:54:33+0000
107248091187807_585673566937890,https://scontent.fccu3-1.fna.fbcdn.net/v/t39.30808-6/476640799_1041950634643512_5288022919830292224_n.jpg?_nc_cat=101&ccb=1-7&_nc_sid=833d8c&_nc_ohc=Bq_Z5rl5Gb0Q7kNvwHIgv62&_nc_oc=AdreP-_AgidwSJebpGInxGk18Ia5_D6UIfCXCz4rOMhsrUrA1XDeH_FkCeL0di8JGHo&_nc_zt=23&_nc_ht=scontent.fccu3-1.fna&edm=AKIiGfEEAAAA&_nc_gid=0PrDcyjr46WUg0DF5ixRXA&_nc_tpa=Q5bMBQFDMrgda-Ve--vv7xlfhaiAW62_wVj0swYNRO4qkiXH1loUuSULZWnPDbVB1LvYGSTXBhSzcKV5vA&oh=00_Af59_Tx9QSwmAxDF5d5MxL0Wq7Fhd3BJjrAvSymufxwcDg&oe=6A18EC14,https://scontent.fccu3-1.fna.fbcdn.net/v/t39.30808-6/476640799_1041950634643512_5288022919830292224_n.jpg?_nc_cat=101&ccb=1-7&_nc_sid=833d8c&_nc_ohc=Bq_Z5rl5Gb0Q7kNvwHIgv62&_nc_oc=AdreP-_AgidwSJebpGInxGk18Ia5_D6UIfCXCz4rOMhsrUrA1XDeH_FkCeL0di8JGHo&_nc_zt=23&_nc_ht=scontent.fccu3-1.fna&edm=AKIiGfEEAAAA&_nc_gid=0PrDcyjr46WUg0DF5ixRXA&_nc_tpa=Q5bMBQHgey7DfPyehYz-2as-2Y4Ff8C1JuOO58ASzuThNCDAuzc-O2B9O00DPGCVW7Z7JN7MdUstC8KoLw&oh=00_Af7_aVT_ft-DAhd09UF3sbAUah-erXnEf4p2oyZsFwwWfw&oe=6A18EC14,https://www.facebook.com/photo.php?fbid=585673536937893&set=a.448214567350458&type=3,679,960,photo,photo,"#Bharat_Book_Of_Records
🇮🇳🏅🇮🇳🏅🇮🇳🏅🇮🇳🏅🇮🇳🏅🇮🇳🏅🇮🇳🏅🇮🇳🏅🇮🇳
#Record_Holder

Successful Participated in The International Women's day which was conducted on the 7th March 2023 inside the running train VANDE BHARAT EXPRESS Bangalore to Mysore and created a history for the first time in India by celebrating and honouring the Durga Devis of our Nation inside the running train which was appreciated  and accepted to be mentioned in the Prestigious book 
BHARAT BOOK OF RECORDS",https://www.facebook.com/1425872462917992/posts/585673566937890,"#Bharat_Book_Of_Records
🇮🇳🏅🇮🇳🏅🇮🇳🏅🇮🇳🏅🇮🇳🏅🇮🇳🏅🇮🇳🏅🇮🇳🏅🇮🇳
#Record_Holder

Successful Participated in The International Women's day which was conducted on the 7th March 2023 inside the running train VANDE BHARAT EXPRESS Bangalore to Mysore and created a history for the first time in India by celebrating and honouring the Durga Devis of our Nation inside the running train which was appreciated  and accepted to be mentioned in the Prestigious book 
BHARAT BOOK OF RECORDS",TRUE,FALSE,FALSE,FALSE,FALSE,2023-03-09T06:54:03+0000
107248091187807_585672880271292,https://scontent.fccu3-1.fna.fbcdn.net/v/t39.30808-6/479679762_1041950641310178_3416781994583424166_n.jpg?_nc_cat=101&ccb=1-7&_nc_sid=833d8c&_nc_ohc=25WWsNF2ikAQ7kNvwHnkVZq&_nc_oc=AdqpWNleIX4yKqrcN_Lxz7XrXZ-fxStWL1h31OiUaV3LDpeAduHQTfU9x4lVxgBSLh0&_nc_zt=23&_nc_ht=scontent.fccu3-1.fna&edm=AKIiGfEEAAAA&_nc_gid=0PrDcyjr46WUg0DF5ixRXA&_nc_tpa=Q5bMBQEnjVs6faG8DI_kExhejRwoYrp1MqI2pot4R_0SQUZFmSIItcjwLRh8lCJVJYxuX1b3tBrIy8r51g&oh=00_Af7CJjsQtFYGc4z0mDLP_YQYMWpckBmVGVsFLSsaPY0QlQ&oe=6A18D6E5,https://scontent.fccu3-1.fna.fbcdn.net/v/t39.30808-6/479679762_1041950641310178_3416781994583424166_n.jpg?_nc_cat=101&ccb=1-7&_nc_sid=833d8c&_nc_ohc=25WWsNF2ikAQ7kNvwHnkVZq&_nc_oc=AdqpWNleIX4yKqrcN_Lxz7XrXZ-fxStWL1h31OiUaV3LDpeAduHQTfU9x4lVxgBSLh0&_nc_zt=23&_nc_ht=scontent.fccu3-1.fna&edm=AKIiGfEEAAAA&_nc_gid=0PrDcyjr46WUg0DF5ixRXA&_nc_tpa=Q5bMBQGlrE6tT5o09QMarW7MKwA_rJgdTOMY5WXRgLDDEjcO1NWDyNkudyJwhOQTLXiTAtohf8zFYKQXfw&oh=00_Af4kOGWglz3YFpJ0ifmmQNh8Wa_CjOlTMosySmTogGVzrQ&oe=6A18D6E5,https://www.facebook.com/photo.php?fbid=585672856937961&set=a.448214567350458&type=3,669,960,photo,photo,"#Bharat_Book_Of_Records
🇮🇳🏅🇮🇳🏅🇮🇳🏅🇮🇳🏅🇮🇳🏅🇮🇳🏅🇮🇳🏅🇮🇳🏅🇮🇳
#Record_Holder

Successful Participated in The International Women's day which was conducted on the 7th March 2023 inside the running train VANDE BHARAT EXPRESS Bangalore to Mysore and created a history for the first time in India by celebrating and honouring the Durga Devis of our Nation inside the running train which was appreciated  and accepted to be mentioned in the Prestigious book 
BHARAT BOOK OF RECORDS",https://www.facebook.com/1425872462917992/posts/585672880271292,"#Bharat_Book_Of_Records
🇮🇳🏅🇮🇳🏅🇮🇳🏅🇮🇳🏅🇮🇳🏅🇮🇳🏅🇮🇳🏅🇮🇳🏅🇮🇳
#Record_Holder

Successful Participated in The International Women's day which was conducted on the 7th March 2023 inside the running train VANDE BHARAT EXPRESS Bangalore to Mysore and created a history for the first time in India by celebrating and honouring the Durga Devis of our Nation inside the running train which was appreciated  and accepted to be mentioned in the Prestigious book 
BHARAT BOOK OF RECORDS",TRUE,FALSE,FALSE,FALSE,FALSE,2023-03-09T06:53:34+0000
107248091187807_585672680271312,https://scontent.fccu31-1.fna.fbcdn.net/v/t39.30808-6/477179783_1041950361310206_7404571039923094980_n.jpg?stp=dst-jpg_p720x720_tt6&_nc_cat=105&ccb=1-7&_nc_sid=833d8c&_nc_ohc=oJIuTTh0s-MQ7kNvwF00Auk&_nc_oc=AdqJW-KXW-DdNPhiroZe8SJGOEJFXVgJj7puFRoh8TtCG98svZv5KYm2iGrHWCaBMfM&_nc_zt=23&_nc_ht=scontent.fccu31-1.fna&edm=AKIiGfEEAAAA&_nc_gid=0PrDcyjr46WUg0DF5ixRXA&_nc_tpa=Q5bMBQEwajqo6J4o5ey-1EUxZQ61U8Yaa4GomJWXAaK4rNPxePZuaxJmnSpBcgkWtPgqGKHEZxxhAglkeg&oh=00_Af7196e2ovaQSfR00-OJ1vs-BkMIKQmqP3stBpAS_k7goQ&oe=6A18D6A5,https://scontent.fccu31-1.fna.fbcdn.net/v/t39.30808-6/477179783_1041950361310206_7404571039923094980_n.jpg?stp=dst-jpg_p720x720_tt6&_nc_cat=105&ccb=1-7&_nc_sid=833d8c&_nc_ohc=oJIuTTh0s-MQ7kNvwF00Auk&_nc_oc=AdqJW-KXW-DdNPhiroZe8SJGOEJFXVgJj7puFRoh8TtCG98svZv5KYm2iGrHWCaBMfM&_nc_zt=23&_nc_ht=scontent.fccu31-1.fna&edm=AKIiGfEEAAAA&_nc_gid=0PrDcyjr46WUg0DF5ixRXA&_nc_tpa=Q5bMBQH53G4aRIIyH7yoGiz1yx-9sSfafFdd1T-g8smC7ZUx7zo_4ULOdBTzSbf30ff8pnYR6VHiK-MraA&oh=00_Af5WrAWjXIN3aBtFRjIsC97VNVai4HgpxwcIA3MwsvL10w&oe=6A18D6A5,https://www.facebook.com/photo.php?fbid=585672663604647&set=a.448214567350458&type=3,720,940,photo,photo,"#Bharat_Book_Of_Records
🇮🇳🏅🇮🇳🏅🇮🇳🏅🇮🇳🏅🇮🇳🏅🇮🇳🏅🇮🇳🏅🇮🇳🏅🇮🇳
#Record_Holder

Successful Participated in The International Women's day which was conducted on the 7th March 2023 inside the running train VANDE BHARAT EXPRESS Bangalore to Mysore and created a history for the first time in India by celebrating and honouring the Durga Devis of our Nation inside the running train which was appreciated  and accepted to be mentioned in the Prestigious book 
BHARAT BOOK OF RECORDS",https://www.facebook.com/1425872462917992/posts/585672680271312,"#Bharat_Book_Of_Records
🇮🇳🏅🇮🇳🏅🇮🇳🏅🇮🇳🏅🇮🇳🏅🇮🇳🏅🇮🇳🏅🇮🇳🏅🇮🇳
#Record_Holder

Successful Participated in The International Women's day which was conducted on the 7th March 2023 inside the running train VANDE BHARAT EXPRESS Bangalore to Mysore and created a history for the first time in India by celebrating and honouring the Durga Devis of our Nation inside the running train which was appreciated  and accepted to be mentioned in the Prestigious book 
BHARAT BOOK OF RECORDS",TRUE,FALSE,FALSE,FALSE,FALSE,2023-03-09T06:53:06+0000
107248091187807_585672496937997,https://scontent.fccu3-1.fna.fbcdn.net/v/t39.30808-6/479677005_1041950571310185_459927290773238350_n.jpg?stp=dst-jpg_p720x720_tt6&_nc_cat=101&ccb=1-7&_nc_sid=833d8c&_nc_ohc=_fNNBKUyALIQ7kNvwGoSMJK&_nc_oc=AdrI-qE3y4MWReemHY0Ow6twtKBjIMJcHtbhGpJByHQVSNUke6lz5JYRcRIp4sLsuLo&_nc_zt=23&_nc_ht=scontent.fccu3-1.fna&edm=AKIiGfEEAAAA&_nc_gid=0PrDcyjr46WUg0DF5ixRXA&_nc_tpa=Q5bMBQEq6TBwKctxX6aAQWYPv9sRlJwPRdbbd3X53bYqQHh_3im8dH8Zeg9QY6O8H6BRtjcFzkQJcIC4dg&oh=00_Af6CPxk47dZx8bszEVNh9kLUr7lZ9phjPTFWa66GraE6lg&oe=6A18BDBC,https://scontent.fccu3-1.fna.fbcdn.net/v/t39.30808-6/479677005_1041950571310185_459927290773238350_n.jpg?stp=dst-jpg_p720x720_tt6&_nc_cat=101&ccb=1-7&_nc_sid=833d8c&_nc_ohc=_fNNBKUyALIQ7kNvwGoSMJK&_nc_oc=AdrI-qE3y4MWReemHY0Ow6twtKBjIMJcHtbhGpJByHQVSNUke6lz5JYRcRIp4sLsuLo&_nc_zt=23&_nc_ht=scontent.fccu3-1.fna&edm=AKIiGfEEAAAA&_nc_gid=0PrDcyjr46WUg0DF5ixRXA&_nc_tpa=Q5bMBQEXAJVo53t4W6pIsvOLLAY6J347Ht0xr-XZhD3FOouROQWKfpT74ocTwPwgxqcyVwk1ruVm_sYn8w&oh=00_Af4Qfb4y6ydQF-pwP9TYTKrYgnaBcAazIxF5yeze8Y2RRQ&oe=6A18BDBC,https://www.facebook.com/photo.php?fbid=585672483604665&set=a.448214567350458&type=3,720,863,photo,photo,"#Bharat_Book_Of_Records
🇮🇳🏅🇮🇳🏅🇮🇳🏅🇮🇳🏅🇮🇳🏅🇮🇳🏅🇮🇳🏅🇮🇳🏅🇮🇳
#Record_Holder

Successful Participated in The International Women's day which was conducted on the 7th March 2023 inside the running train VANDE BHARAT EXPRESS Bangalore to Mysore and created a history for the first time in India by celebrating and honouring the Durga Devis of our Nation inside the running train which was appreciated  and accepted to be mentioned in the Prestigious book 
BHARAT BOOK OF RECORDS",https://www.facebook.com/1425872462917992/posts/585672496937997,"#Bharat_Book_Of_Records
🇮🇳🏅🇮🇳🏅🇮🇳🏅🇮🇳🏅🇮🇳🏅🇮🇳🏅🇮🇳🏅🇮🇳🏅🇮🇳
#Record_Holder

Successful Participated in The International Women's day which was conducted on the 7th March 2023 inside the running train VANDE BHARAT EXPRESS Bangalore to Mysore and created a history for the first time in India by celebrating and honouring the Durga Devis of our Nation inside the running train which was appreciated  and accepted to be mentioned in the Prestigious book 
BHARAT BOOK OF RECORDS",TRUE,FALSE,FALSE,FALSE,FALSE,2023-03-09T06:52:37+0000
107248091187807_585672276938019,https://scontent.fccu31-2.fna.fbcdn.net/v/t39.30808-6/476641098_1041950777976831_7123188990089330609_n.jpg?stp=dst-jpg_p720x720_tt6&_nc_cat=108&ccb=1-7&_nc_sid=833d8c&_nc_ohc=_AAlQraxz0oQ7kNvwHaMcRb&_nc_oc=AdrGU9_L1bG6cJwEIl1ZjGCWK8HRCBs5rw4B4jSliY9eOtY-rGbkYoUpc8hk2L5dPVQ&_nc_zt=23&_nc_ht=scontent.fccu31-2.fna&edm=AKIiGfEEAAAA&_nc_gid=0PrDcyjr46WUg0DF5ixRXA&_nc_tpa=Q5bMBQGPD9-ZN5Yu7_2lv2wbrpSCJ5lGkiWQTyY8l8GIEtcnj8xJq_5KYCoPGfTUKbiL6GpLPLZ6uV_mIg&oh=00_Af5JCwKbMu9fiR4BjKbHQB6tIZ5ditSuqKjkhD9dUpGgHA&oe=6A18BCD7,https://scontent.fccu31-2.fna.fbcdn.net/v/t39.30808-6/476641098_1041950777976831_7123188990089330609_n.jpg?stp=dst-jpg_p720x720_tt6&_nc_cat=108&ccb=1-7&_nc_sid=833d8c&_nc_ohc=_AAlQraxz0oQ7kNvwHaMcRb&_nc_oc=AdrGU9_L1bG6cJwEIl1ZjGCWK8HRCBs5rw4B4jSliY9eOtY-rGbkYoUpc8hk2L5dPVQ&_nc_zt=23&_nc_ht=scontent.fccu31-2.fna&edm=AKIiGfEEAAAA&_nc_gid=0PrDcyjr46WUg0DF5ixRXA&_nc_tpa=Q5bMBQEZoicvaWNWM-7S3NQ5WyAcLFen9i66_6jcNBMot74LiGEA9HIqOU-uRf17xIBOwbmq9qpnOlrpPA&oh=00_Af4M1S5Sq15TVpv6m9vkmTRNPrbgByubPNyXxj04E-JywQ&oe=6A18BCD7,https://www.facebook.com/photo.php?fbid=585672243604689&set=a.448214567350458&type=3,720,879,photo,photo,"#Bharat_Book_Of_Records
🇮🇳🏅🇮🇳🏅🇮🇳🏅🇮🇳🏅🇮🇳🏅🇮🇳🏅🇮🇳🏅🇮🇳🏅🇮🇳
#Record_Holder

Successful Participated in The International Women's day which was conducted on the 7th March 2023 inside the running train VANDE BHARAT EXPRESS Bangalore to Mysore and created a history for the first time in India by celebrating and honouring the Durga Devis of our Nation inside the running train which was appreciated  and accepted to be mentioned in the Prestigious book 
BHARAT BOOK OF RECORDS",https://www.facebook.com/1425872462917992/posts/585672276938019,"#Bharat_Book_Of_Records
🇮🇳🏅🇮🇳🏅🇮🇳🏅🇮🇳🏅🇮🇳🏅🇮🇳🏅🇮🇳🏅🇮🇳🏅🇮🇳
#Record_Holder

Successful Participated in The International Women's day which was conducted on the 7th March 2023 inside the running train VANDE BHARAT EXPRESS Bangalore to Mysore and created a history for the first time in India by celebrating and honouring the Durga Devis of our Nation inside the running train which was appreciated  and accepted to be mentioned in the Prestigious book 
BHARAT BOOK OF RECORDS",TRUE,FALSE,FALSE,FALSE,FALSE,2023-03-09T06:52:02+0000
107248091187807_585672023604711,https://scontent.fccu31-2.fna.fbcdn.net/v/t39.30808-6/478098655_1041950474643528_6857456355057764707_n.jpg?stp=dst-jpg_p720x720_tt6&_nc_cat=111&ccb=1-7&_nc_sid=833d8c&_nc_ohc=PbWrz4UYsicQ7kNvwFoqmO_&_nc_oc=Ados-fhQMqC89RFkjDxMG-am3LQ3cYzkOJCtoEYr3m387pmVDg4jo2tNVzTVCZYblkU&_nc_zt=23&_nc_ht=scontent.fccu31-2.fna&edm=AKIiGfEEAAAA&_nc_gid=0PrDcyjr46WUg0DF5ixRXA&_nc_tpa=Q5bMBQFsi0-5xtOG4eLnKYBCBruK3U7YaexEfCvbbRiOYuish6_YAXnBQj48ZYA-n3LDzhQxWx-E-q-hzA&oh=00_Af762HZ4Hz0dUQWsI9svwdKoWUdbzX5FJz4UxWO1PdBEhQ&oe=6A18C6D9,https://scontent.fccu31-2.fna.fbcdn.net/v/t39.30808-6/478098655_1041950474643528_6857456355057764707_n.jpg?stp=dst-jpg_p720x720_tt6&_nc_cat=111&ccb=1-7&_nc_sid=833d8c&_nc_ohc=PbWrz4UYsicQ7kNvwFoqmO_&_nc_oc=Ados-fhQMqC89RFkjDxMG-am3LQ3cYzkOJCtoEYr3m387pmVDg4jo2tNVzTVCZYblkU&_nc_zt=23&_nc_ht=scontent.fccu31-2.fna&edm=AKIiGfEEAAAA&_nc_gid=0PrDcyjr46WUg0DF5ixRXA&_nc_tpa=Q5bMBQHP2aHgxqJkiGxoDuxLxgZLn56zLBvyNmQG__2RDNv0etxM5xeP1W12fMlYyMzRd81saHaQYwv-wQ&oh=00_Af6okyU_Gu07zCElDujJ4NLPxIHsGJe870mZrc9diWU9Og&oe=6A18C6D9,https://www.facebook.com/photo.php?fbid=585672000271380&set=a.448214567350458&type=3,720,906,photo,photo,"#Bharat_Book_Of_Records
🇮🇳🏅🇮🇳🏅🇮🇳🏅🇮🇳🏅🇮🇳🏅🇮🇳🏅🇮🇳🏅🇮🇳🏅🇮🇳
#Record_Holder

Successful Participated in The International Women's day which was conducted on the 7th March 2023 inside the running train VANDE BHARAT EXPRESS Bangalore to Mysore and created a history for the first time in India by celebrating and honouring the Durga Devis of our Nation inside the running train which was appreciated  and accepted to be mentioned in the Prestigious book 
BHARAT BOOK OF RECORDS",https://www.facebook.com/1425872462917992/posts/585672023604711,"#Bharat_Book_Of_Records
🇮🇳🏅🇮🇳🏅🇮🇳🏅🇮🇳🏅🇮🇳🏅🇮🇳🏅🇮🇳🏅🇮🇳🏅🇮🇳
#Record_Holder

Successful Participated in The International Women's day which was conducted on the 7th March 2023 inside the running train VANDE BHARAT EXPRESS Bangalore to Mysore and created a history for the first time in India by celebrating and honouring the Durga Devis of our Nation inside the running train which was appreciated  and accepted to be mentioned in the Prestigious book 
BHARAT BOOK OF RECORDS",TRUE,FALSE,FALSE,FALSE,FALSE,2023-03-09T06:51:32+0000
107248091187807_585671840271396,https://scontent.fccu31-2.fna.fbcdn.net/v/t39.30808-6/477183845_1041950354643540_1895936348546837407_n.jpg?stp=dst-jpg_p720x720_tt6&_nc_cat=111&ccb=1-7&_nc_sid=833d8c&_nc_ohc=t7EtfsbZ8eQQ7kNvwF7r6mh&_nc_oc=Adq7JFhQqyoosc_hrPePsIKRBvHTtk1qY3-JFFZDB38FmyOduBoMnI4RmT6hPLTy87U&_nc_zt=23&_nc_ht=scontent.fccu31-2.fna&edm=AKIiGfEEAAAA&_nc_gid=0PrDcyjr46WUg0DF5ixRXA&_nc_tpa=Q5bMBQGWVeUSzhasrFitD5tdNmogBima8wG7oM9Ds5osvKUEd2aFl_t6vgksTTGmWlgbv7G-DNsEZDwxow&oh=00_Af4mbSKvKjQntDbjGbNtVw6xoR1xsS7UVlZwe31wNN2Hlg&oe=6A18C26C,https://scontent.fccu31-2.fna.fbcdn.net/v/t39.30808-6/477183845_1041950354643540_1895936348546837407_n.jpg?stp=dst-jpg_p720x720_tt6&_nc_cat=111&ccb=1-7&_nc_sid=833d8c&_nc_ohc=t7EtfsbZ8eQQ7kNvwF7r6mh&_nc_oc=Adq7JFhQqyoosc_hrPePsIKRBvHTtk1qY3-JFFZDB38FmyOduBoMnI4RmT6hPLTy87U&_nc_zt=23&_nc_ht=scontent.fccu31-2.fna&edm=AKIiGfEEAAAA&_nc_gid=0PrDcyjr46WUg0DF5ixRXA&_nc_tpa=Q5bMBQEKSwyVshKOQQhBY5fc_Mc9rnuvHOp3jA1gSYgMt0ky98u_wasdm0rZOt2139Z5KeO7eleqqYMdDg&oh=00_Af4HPHjoHKiByDBNqKVfqBc9Pf6FDX_2BoH98OkVuu8mmw&oe=6A18C26C,https://www.facebook.com/photo.php?fbid=585671823604731&set=a.448214567350458&type=3,720,1012,photo,photo,"#Bharat_Book_Of_Records
🇮🇳🏅🇮🇳🏅🇮🇳🏅🇮🇳🏅🇮🇳🏅🇮🇳🏅🇮🇳🏅🇮🇳🏅🇮🇳
#Record_Holder

Successful Participated in The International Women's day which was conducted on the 7th March 2023 inside the running train VANDE BHARAT EXPRESS Bangalore to Mysore and created a history for the first time in India by celebrating and honouring the Durga Devis of our Nation inside the running train which was appreciated  and accepted to be mentioned in the Prestigious book 
BHARAT BOOK OF RECORDS",https://www.facebook.com/1425872462917992/posts/585671840271396,"#Bharat_Book_Of_Records
🇮🇳🏅🇮🇳🏅🇮🇳🏅🇮🇳🏅🇮🇳🏅🇮🇳🏅🇮🇳🏅🇮🇳🏅🇮🇳
#Record_Holder

Successful Participated in The International Women's day which was conducted on the 7th March 2023 inside the running train VANDE BHARAT EXPRESS Bangalore to Mysore and created a history for the first time in India by celebrating and honouring the Durga Devis of our Nation inside the running train which was appreciated  and accepted to be mentioned in the Prestigious book 
BHARAT BOOK OF RECORDS",TRUE,FALSE,FALSE,FALSE,FALSE,2023-03-09T06:51:05+0000
107248091187807_585671703604743,https://scontent.fccu31-2.fna.fbcdn.net/v/t39.30808-6/476637868_1041950714643504_8792673285420843098_n.jpg?stp=dst-jpg_s1080x2048_tt6&_nc_cat=108&ccb=1-7&_nc_sid=833d8c&_nc_ohc=omZll3rukwcQ7kNvwHomf9d&_nc_oc=Adqnrz7T22fD_V1gs1H7EHiZptDdvZXMRXt2ZYMH7yPY6Fl6-DjXtQrNpswh1E-9qnI&_nc_zt=23&_nc_ht=scontent.fccu31-2.fna&edm=AKIiGfEEAAAA&_nc_gid=0PrDcyjr46WUg0DF5ixRXA&_nc_tpa=Q5bMBQFzeIHfef4onrh8H6AsjWdmw9MXoHVUPtYbxPKwlXvw4-SPZGY_m3bbwyMQ2__FqhPVy0h9Zvt5Qg&oh=00_Af5OohauBImpJP_GZXVD9aD6n3BFRbyithFWYOZWDQAwIA&oe=6A18EE79,https://scontent.fccu31-2.fna.fbcdn.net/v/t39.30808-6/476637868_1041950714643504_8792673285420843098_n.jpg?stp=dst-jpg_s1080x2048_tt6&_nc_cat=108&ccb=1-7&_nc_sid=833d8c&_nc_ohc=omZll3rukwcQ7kNvwHomf9d&_nc_oc=Adqnrz7T22fD_V1gs1H7EHiZptDdvZXMRXt2ZYMH7yPY6Fl6-DjXtQrNpswh1E-9qnI&_nc_zt=23&_nc_ht=scontent.fccu31-2.fna&edm=AKIiGfEEAAAA&_nc_gid=0PrDcyjr46WUg0DF5ixRXA&_nc_tpa=Q5bMBQH8u8xQ22nR5TU-z5FuuSn3Xf18WsytX4Q3uelGD4g90TjalejuSsHRL479zbIt0jCddkUu3UwA7g&oh=00_Af562KUaVynTzre7iGkN2nQ2bjMsdQstkDuC_K2N9T7Ehw&oe=6A18EE79,https://www.facebook.com/photo.php?fbid=585671690271411&set=a.448214567350458&type=3,720,1080,photo,photo,"#Bharat_Book_Of_Records
🇮🇳🏅🇮🇳🏅🇮🇳🏅🇮🇳🏅🇮🇳🏅🇮🇳🏅🇮🇳🏅🇮🇳🏅🇮🇳
#Record_Holder

Successful Participated in The International Women's day which was conducted on the 7th March 2023 inside the running train VANDE BHARAT EXPRESS Bangalore to Mysore and created a history for the first time in India by celebrating and honouring the Durga Devis of our Nation inside the running train which was appreciated  and accepted to be mentioned in the Prestigious book 
BHARAT BOOK OF RECORDS",https://www.facebook.com/1425872462917992/posts/585671703604743,"#Bharat_Book_Of_Records
🇮🇳🏅🇮🇳🏅🇮🇳🏅🇮🇳🏅🇮🇳🏅🇮🇳🏅🇮🇳🏅🇮🇳🏅🇮🇳
#Record_Holder

Successful Participated in The International Women's day which was conducted on the 7th March 2023 inside the running train VANDE BHARAT EXPRESS Bangalore to Mysore and created a history for the first time in India by celebrating and honouring the Durga Devis of our Nation inside the running train which was appreciated  and accepted to be mentioned in the Prestigious book 
BHARAT BOOK OF RECORDS",TRUE,FALSE,FALSE,FALSE,FALSE,2023-03-09T06:50:43+0000
107248091187807_585671540271426,https://scontent.fccu31-2.fna.fbcdn.net/v/t39.30808-6/478686263_1041950684643507_3994773072264389887_n.jpg?stp=dst-jpg_p720x720_tt6&_nc_cat=111&ccb=1-7&_nc_sid=833d8c&_nc_ohc=V46Pbq53A0kQ7kNvwF1QdJc&_nc_oc=Adr-WKMS2lnNO82sJ-oKCc-HQX24PI2kbMdV2ktzjXYtNNVffQACRbasDBrFNhra6hU&_nc_zt=23&_nc_ht=scontent.fccu31-2.fna&edm=AKIiGfEEAAAA&_nc_gid=0PrDcyjr46WUg0DF5ixRXA&_nc_tpa=Q5bMBQE1KgDA4FyOEzc4McJ8APpnx-aYhaJfgZzRYAEaz4jECbMnN9QqHQaPZYZTVWkQJGZ2dIhWVadYTQ&oh=00_Af6ElO8rVg7-zF9U1FTqzNjqSVfvtBr5jutjsSqPAT5BPA&oe=6A18CD53,https://scontent.fccu31-2.fna.fbcdn.net/v/t39.30808-6/478686263_1041950684643507_3994773072264389887_n.jpg?stp=dst-jpg_p720x720_tt6&_nc_cat=111&ccb=1-7&_nc_sid=833d8c&_nc_ohc=V46Pbq53A0kQ7kNvwF1QdJc&_nc_oc=Adr-WKMS2lnNO82sJ-oKCc-HQX24PI2kbMdV2ktzjXYtNNVffQACRbasDBrFNhra6hU&_nc_zt=23&_nc_ht=scontent.fccu31-2.fna&edm=AKIiGfEEAAAA&_nc_gid=0PrDcyjr46WUg0DF5ixRXA&_nc_tpa=Q5bMBQGDl7a2yCTI-8vOuf1NAQXWjT_EixO5C7Vr5Z7HF20U1ra2guazI-hXwrdQVvXK7LTcGj_CZWufPQ&oh=00_Af7Jc4QYbGNNU672kXxE-ZE9dngUwqv6nHhK27szayhMjA&oe=6A18CD53,https://www.facebook.com/photo.php?fbid=585671510271429&set=a.448214567350458&type=3,720,942,photo,photo,"#Bharat_Book_Of_Records
🇮🇳🏅🇮🇳🏅🇮🇳🏅🇮🇳🏅🇮🇳🏅🇮🇳🏅🇮🇳🏅🇮🇳🏅🇮🇳
#Record_Holder

Successful Participated in The International Women's day which was conducted on the 7th March 2023 inside the running train VANDE BHARAT EXPRESS Bangalore to Mysore and created a history for the first time in India by celebrating and honouring the Durga Devis of our Nation inside the running train which was appreciated  and accepted to be mentioned in the Prestigious book 
BHARAT BOOK OF RECORDS",https://www.facebook.com/1425872462917992/posts/585671540271426,"#Bharat_Book_Of_Records
🇮🇳🏅🇮🇳🏅🇮🇳🏅🇮🇳🏅🇮🇳🏅🇮🇳🏅🇮🇳🏅🇮🇳🏅🇮🇳
#Record_Holder

Successful Participated in The International Women's day which was conducted on the 7th March 2023 inside the running train VANDE BHARAT EXPRESS Bangalore to Mysore and created a history for the first time in India by celebrating and honouring the Durga Devis of our Nation inside the running train which was appreciated  and accepted to be mentioned in the Prestigious book 
BHARAT BOOK OF RECORDS",TRUE,FALSE,FALSE,FALSE,FALSE,2023-03-09T06:50:25+0000
107248091187807_585671336938113,https://scontent.fccu3-1.fna.fbcdn.net/v/t39.30808-6/476634610_1041950711310171_5253810709872185340_n.jpg?stp=dst-jpg_s1080x2048_tt6&_nc_cat=101&ccb=1-7&_nc_sid=833d8c&_nc_ohc=x8ZI1L4xgwgQ7kNvwH-k1tf&_nc_oc=AdoLKko7xKngBnsYfdbOpY4t2I_oNCBwBELWD6q735QV3wu90pdMFXfb3ERCA6nI6zU&_nc_zt=23&_nc_ht=scontent.fccu3-1.fna&edm=AKIiGfEEAAAA&_nc_gid=0PrDcyjr46WUg0DF5ixRXA&_nc_tpa=Q5bMBQEDiTsRSw9ScFHLWoAQFUIFHyUo7p2_eWP5QAucfM7vP-MMjQTB_Sqe9p7wPs23Wv-hsKuRG50xtw&oh=00_Af7YGBFyMmHnJd7nY86ggxvul-gm_YXSyYdy2j_7PSA70g&oe=6A18C6F8,https://scontent.fccu3-1.fna.fbcdn.net/v/t39.30808-6/476634610_1041950711310171_5253810709872185340_n.jpg?stp=dst-jpg_s1080x2048_tt6&_nc_cat=101&ccb=1-7&_nc_sid=833d8c&_nc_ohc=x8ZI1L4xgwgQ7kNvwH-k1tf&_nc_oc=AdoLKko7xKngBnsYfdbOpY4t2I_oNCBwBELWD6q735QV3wu90pdMFXfb3ERCA6nI6zU&_nc_zt=23&_nc_ht=scontent.fccu3-1.fna&edm=AKIiGfEEAAAA&_nc_gid=0PrDcyjr46WUg0DF5ixRXA&_nc_tpa=Q5bMBQHWBkgCTCqLb11NhxP-rirxdehjuVmuN3M5T2Y6NeFgJR1Gl7hJDQ5V2CxWQ6wIai2VOeZ_wmkVwQ&oh=00_Af7VMaU8mTd_Uhsom3m0ar0jSjd12Q-XFG9IREK5bf5RLw&oe=6A18C6F8,https://www.facebook.com/photo.php?fbid=585671320271448&set=a.448214567350458&type=3,720,1080,photo,photo,"#Bharat_Book_Of_Records
🇮🇳🏅🇮🇳🏅🇮🇳🏅🇮🇳🏅🇮🇳🏅🇮🇳🏅🇮🇳🏅🇮🇳🏅🇮🇳
#Record_Holder

Successful Participated in The International Women's day which was conducted on the 7th March 2023 inside the running train VANDE BHARAT EXPRESS Bangalore to Mysore and created a history for the first time in India by celebrating and honouring the Durga Devis of our Nation inside the running train which was appreciated  and accepted to be mentioned in the Prestigious book 
BHARAT BOOK OF RECORDS",https://www.facebook.com/1425872462917992/posts/585671336938113,"#Bharat_Book_Of_Records
🇮🇳🏅🇮🇳🏅🇮🇳🏅🇮🇳🏅🇮🇳🏅🇮🇳🏅🇮🇳🏅🇮🇳🏅🇮🇳
#Record_Holder

Successful Participated in The International Women's day which was conducted on the 7th March 2023 inside the running train VANDE BHARAT EXPRESS Bangalore to Mysore and created a history for the first time in India by celebrating and honouring the Durga Devis of our Nation inside the running train which was appreciated  and accepted to be mentioned in the Prestigious book 
BHARAT BOOK OF RECORDS",TRUE,FALSE,FALSE,FALSE,FALSE,2023-03-09T06:50:00+0000
107248091187807_561504962688084,https://scontent.fccu31-1.fna.fbcdn.net/v/t39.30808-6/476142439_1037312498440659_5603430457461470068_n.jpg?stp=dst-jpg_s960x960_tt6&_nc_cat=110&ccb=1-7&_nc_sid=833d8c&_nc_ohc=fUT6zD4RQJEQ7kNvwHeWmiG&_nc_oc=Adq5kX2biuymEE6XJ9Vw_KuUu64VvQr19TnQ-ymE2G-_d6IPSDqAH82IQkJmDk_3OOM&_nc_zt=23&_nc_ht=scontent.fccu31-1.fna&edm=AKIiGfEEAAAA&_nc_gid=0PrDcyjr46WUg0DF5ixRXA&_nc_tpa=Q5bMBQGzojEmprqubWzzVbxHexZu232O-2CPcWnAsi7vq_utjQGoAWrSE49TCtpydpbOUSaRzq4npStwPw&oh=00_Af4izPWmFFh3dHRX7NDgX2CTVi4Lr9rlZHxCjIFmn1difg&oe=6A18CE6F,https://scontent.fccu31-1.fna.fbcdn.net/v/t39.30808-6/476142439_1037312498440659_5603430457461470068_n.jpg?stp=dst-jpg_s960x960_tt6&_nc_cat=110&ccb=1-7&_nc_sid=833d8c&_nc_ohc=fUT6zD4RQJEQ7kNvwHeWmiG&_nc_oc=Adq5kX2biuymEE6XJ9Vw_KuUu64VvQr19TnQ-ymE2G-_d6IPSDqAH82IQkJmDk_3OOM&_nc_zt=23&_nc_ht=scontent.fccu31-1.fna&edm=AKIiGfEEAAAA&_nc_gid=0PrDcyjr46WUg0DF5ixRXA&_nc_tpa=Q5bMBQEUJvMLhqt0vCLnUMvVYq0bfIDM7w_UAtwgx6f3IeLODbiyF5Jllz80pvwDPMIxp3HpGyirVPaK-g&oh=00_Af7eTh8w5-49kbIP_BSmPUqxuepdq6gDV3wXzSILBKLPbw&oe=6A18CE6F,https://www.facebook.com/photo.php?fbid=561504942688086&set=a.448214567350458&type=3,960,720,photo,photo,"#Bharat_Book_Of_Records
🇮🇳🏅🇮🇳🏅🇮🇳🏅🇮🇳🏅🇮🇳🏅🇮🇳🏅🇮🇳🏅🇮🇳🏅🇮🇳
#Record_Holder
Master Arjun
For demonstrating outstanding talent of Recalling 198 Countries and Capitals with Blindfold at the age of 10Years  on 23rd January  2023. Your talent has been verified approved and accepted to be a part of The prestigious book ""Bharat Book Of Records """,https://www.facebook.com/1425872462917992/posts/561504962688084,"#Bharat_Book_Of_Records
🇮🇳🏅🇮🇳🏅🇮🇳🏅🇮🇳🏅🇮🇳🏅🇮🇳🏅🇮🇳🏅🇮🇳🏅🇮🇳
#Record_Holder
Master Arjun
For demonstrating outstanding talent of Recalling 198 Countries and Capitals with Blindfold at the age of 10Years  on 23rd January  2023. Your talent has been verified approved and accepted to be a part of The prestigious book ""Bharat Book Of Records """,TRUE,FALSE,FALSE,FALSE,FALSE,2023-02-02T07:43:39+0000
107248091187807_561501516021762,https://scontent.fccu31-2.fna.fbcdn.net/v/t39.30808-6/476250421_1037312131774029_389070011838812344_n.jpg?stp=dst-jpg_p720x720_tt6&_nc_cat=108&ccb=1-7&_nc_sid=833d8c&_nc_ohc=sJDo3AS-B5oQ7kNvwEn-fto&_nc_oc=Adr010eDxbLCSi6CIrxSDt0j4hPGmrPnBxiV5oaCeRW3K3YVojqfeearh29I1kKdbnc&_nc_zt=23&_nc_ht=scontent.fccu31-2.fna&edm=AKIiGfEEAAAA&_nc_gid=0PrDcyjr46WUg0DF5ixRXA&_nc_tpa=Q5bMBQHcLhcktiQ8s2Uxa4DFXglfVJ49McHIb3hzK6s-5Uus9u1ZxeBDUT_ooXM4e8612K9Yd6rZs6XOLQ&oh=00_Af5su4V00-zQUjQ4mb1fSGuJXrTOQ58Kj983FM8tV6jnZg&oe=6A18C331,https://scontent.fccu31-2.fna.fbcdn.net/v/t39.30808-6/476250421_1037312131774029_389070011838812344_n.jpg?stp=dst-jpg_p720x720_tt6&_nc_cat=108&ccb=1-7&_nc_sid=833d8c&_nc_ohc=sJDo3AS-B5oQ7kNvwEn-fto&_nc_oc=Adr010eDxbLCSi6CIrxSDt0j4hPGmrPnBxiV5oaCeRW3K3YVojqfeearh29I1kKdbnc&_nc_zt=23&_nc_ht=scontent.fccu31-2.fna&edm=AKIiGfEEAAAA&_nc_gid=0PrDcyjr46WUg0DF5ixRXA&_nc_tpa=Q5bMBQFbDRiLsPBFLo_JLsElhSgzNvz74yujmtDrJtGJ2OuDVvcCW5T-c2D3o81OOuEXR6oO98iU1R65lg&oh=00_Af5dhcUHh1fdgI_sZ0ku8_OCO_HOPiSwZZnUTdUjscBkEg&oe=6A18C331,https://www.facebook.com/photo.php?fbid=561501482688432&set=a.448214567350458&type=3,892,720,photo,photo,"#Bharat_Book_Of_Records
🇮🇳🏅🇮🇳🏅🇮🇳🏅🇮🇳🏅🇮🇳🏅🇮🇳🏅🇮🇳🏅🇮🇳🏅🇮🇳
#Record_Holder
Smt. T.Madhavi Chowdhary
Yoga Instructor & Memory Coach

For demonstrating 1008 Sun Salutations ( Surya Namaskar) in 10hrs on the occasion of  RATHASAPTHAMI 2023 organised by Paripurna Yoga Kendra at Bengaluru Karnataka.
Your talent has been verified approved and accepted to be a part of The prestigious book ""Bharat Book Of Records",https://www.facebook.com/1425872462917992/posts/561501516021762,"#Bharat_Book_Of_Records
🇮🇳🏅🇮🇳🏅🇮🇳🏅🇮🇳🏅🇮🇳🏅🇮🇳🏅🇮🇳🏅🇮🇳🏅🇮🇳
#Record_Holder
Smt. T.Madhavi Chowdhary
Yoga Instructor & Memory Coach

For demonstrating 1008 Sun Salutations ( Surya Namaskar) in 10hrs on the occasion of  RATHASAPTHAMI 2023 organised by Paripurna Yoga Kendra at Bengaluru Karnataka.
Your talent has been verified approved and accepted to be a part of The prestigious book ""Bharat Book Of Records",TRUE,FALSE,FALSE,FALSE,FALSE,2023-02-02T07:35:26+0000
107248091187807_536499961855251,https://scontent.fccu31-1.fna.fbcdn.net/v/t39.30808-6/475789587_1035328735305702_454798623302887596_n.jpg?stp=dst-jpg_p720x720_tt6&_nc_cat=107&ccb=1-7&_nc_sid=833d8c&_nc_ohc=TwgRnaF64-EQ7kNvwEK1dE2&_nc_oc=AdqVDIb1JJpEG3avrOXILbt96ptafAmCo9cNOBODyebQQtdu-XmrGbVtsqmrJUq50TI&_nc_zt=23&_nc_ht=scontent.fccu31-1.fna&edm=AKIiGfEEAAAA&_nc_gid=0PrDcyjr46WUg0DF5ixRXA&_nc_tpa=Q5bMBQFi_UVjl6Zi_iiudpAaSU5RRBjl_4jWFm6-r3oI6qwH-QiE7iDYOe_VDM5E4Zz7ixHIcLKhlUpOCQ&oh=00_Af4U2TD475DNXv1VpUcLj3sg-V7skFXOsb643-H4bSWkfw&oe=6A18BF7C,https://scontent.fccu31-1.fna.fbcdn.net/v/t39.30808-6/475789587_1035328735305702_454798623302887596_n.jpg?stp=dst-jpg_p720x720_tt6&_nc_cat=107&ccb=1-7&_nc_sid=833d8c&_nc_ohc=TwgRnaF64-EQ7kNvwEK1dE2&_nc_oc=AdqVDIb1JJpEG3avrOXILbt96ptafAmCo9cNOBODyebQQtdu-XmrGbVtsqmrJUq50TI&_nc_zt=23&_nc_ht=scontent.fccu31-1.fna&edm=AKIiGfEEAAAA&_nc_gid=0PrDcyjr46WUg0DF5ixRXA&_nc_tpa=Q5bMBQH5NWPDbGSztmEwfv6XJxnqOiApDE8QEVSXXfYMgqAWgNxQJgxueiDPdvn49_w9mraKmOJJ9f_kRw&oh=00_Af4xxYw8vCtzkyVXKGHDPVhkpK3yIZ9mOKjqQz7G9fJGOw&oe=6A18BF7C,https://www.facebook.com/photo.php?fbid=536499928521921&set=a.448214567350458&type=3,923,720,photo,photo,"#Bharat_Book_Of_Records
🇮🇳🏅🇮🇳🏅🇮🇳🏅🇮🇳🏅🇮🇳🏅🇮🇳🏅🇮🇳🏅🇮🇳🏅🇮🇳
#Record_Holder
SAMPATHI VARNIKA
For demonstrating outstanding talent of Recalling Vedic Alphabets with Blindfold at the age of 7 on 30th November 2022. Your talent has been verified approved and accepted to be a part of The prestigious book 
""Bharat Book Of Records """,https://www.facebook.com/1425872462917992/posts/536499961855251,"#Bharat_Book_Of_Records
🇮🇳🏅🇮🇳🏅🇮🇳🏅🇮🇳🏅🇮🇳🏅🇮🇳🏅🇮🇳🏅🇮🇳🏅🇮🇳
#Record_Holder
SAMPATHI VARNIKA
For demonstrating outstanding talent of Recalling Vedic Alphabets with Blindfold at the age of 7 on 30th November 2022. Your talent has been verified approved and accepted to be a part of The prestigious book 
""Bharat Book Of Records """,TRUE,FALSE,FALSE,FALSE,FALSE,2022-12-27T14:50:44+0000
107248091187807_536492441856003,https://scontent.fccu3-1.fna.fbcdn.net/v/t15.5256-10/318306256_185672444051743_6711648934401630455_n.jpg?_nc_cat=106&ccb=1-7&_nc_sid=54741f&_nc_ohc=blIgsfrx1A4Q7kNvwGe2nl_&_nc_oc=AdqFxG4qjsDJzjYXTI8xGov6IW7DRi4jMvBTri6NtDeF_RrjRbvPoLqWJYpl8WMCxq4&_nc_zt=23&_nc_ht=scontent.fccu3-1.fna&edm=AKIiGfEEAAAA&_nc_gid=0PrDcyjr46WUg0DF5ixRXA&_nc_tpa=Q5bMBQEB_tw0NKL5OT0gRu-Z5odZkiZ6Z4Nqy5Fb1pOihN4vvn-oJ0yvFwwgbsIMy327D9zEYX4o0Qi7Ag&oh=00_Af4yVCa7nYa44HzZpT3JkNuRfwyWSYa1lF3XVVD0UukWjg&oe=6A18EBDA,https://scontent.fccu3-1.fna.fbcdn.net/v/t15.5256-10/318306256_185672444051743_6711648934401630455_n.jpg?stp=dst-jpg_s720x720_tt6&_nc_cat=106&ccb=1-7&_nc_sid=54741f&_nc_ohc=blIgsfrx1A4Q7kNvwGe2nl_&_nc_oc=AdqFxG4qjsDJzjYXTI8xGov6IW7DRi4jMvBTri6NtDeF_RrjRbvPoLqWJYpl8WMCxq4&_nc_zt=23&_nc_ht=scontent.fccu3-1.fna&edm=AKIiGfEEAAAA&_nc_gid=0PrDcyjr46WUg0DF5ixRXA&_nc_tpa=Q5bMBQFu4lKwjz4EuvfeA2fhE8FNxRxpWUIsr-aabpBC-IRKh8r2_bafk0s09QzQl5cqIV9VHz7D6SWfOw&oh=00_Af4r10q2-m1zshimwaCPQyt9YJSRB6Z4jHCTPiKsmTJcNQ&oe=6A18EBDA,https://www.facebook.com/1425872462917992/videos/1999679933560237,720,405,video,video_inline,,https://www.facebook.com/1425872462917992/videos/1999679933560237,"#Bharat_Book_Of_Records
🇮🇳🏅🇮🇳🏅🇮🇳🏅🇮🇳🏅🇮🇳🏅🇮🇳🏅🇮🇳🏅🇮🇳🏅🇮🇳🏅
#Record_Holder
SAMPATHI VARNIKA
For demonstrating outstanding talent of Recalling Vedic Alphabets with Blindfold at the age of 7 on 30th November 2022. Your talent has been verified approved and accepted to be a part of The prestigious book 
""Bharat Book Of Records """,TRUE,FALSE,FALSE,FALSE,FALSE,2022-12-27T14:40:14+0000
107248091187807_479758780862703,https://external.fccu3-1.fna.fbcdn.net/emg1/v/t13/2177097112291607646?url=https%3A%2F%2Flh6.googleusercontent.com%2FCuQR9S-YKRUGzN77TkXRYts-dq3NyGAebJyfhZ_XcRHuUcg7ZocSOa_SytcyZJRxnFFms6Vz8DI%3Dw1200-h630-p&fb_obo=1&utld=googleusercontent.com&edm=AKIiGfEEAAAA&_nc_gid=0PrDcyjr46WUg0DF5ixRXA&_nc_oc=AdoN5781dnm9n_8xlk83Q3ET_TOtPFVg4GDUdHf-DOnss6x-ccm7Uavo9F_aFpUaW-8&ccb=13-1&stp=dst-emg0_fr_q75_tt6&ur=50234c&_nc_sid=64c8fc&oh=06_Q3-_AdcHCZJg5NRAaYqJvMirX_BgvDjy12m3Kkc3aHZLgZgp&oe=6A14C87F,https://external.fccu3-1.fna.fbcdn.net/emg1/v/t13/2177097112291607646?url=https%3A%2F%2Flh6.googleusercontent.com%2FCuQR9S-YKRUGzN77TkXRYts-dq3NyGAebJyfhZ_XcRHuUcg7ZocSOa_SytcyZJRxnFFms6Vz8DI%3Dw1200-h630-p&fb_obo=1&utld=googleusercontent.com&stp=c0.5000x0.5000f_dst-emg0_p200x200_q75_tt6&edm=AKIiGfEEAAAA&_nc_gid=0PrDcyjr46WUg0DF5ixRXA&_nc_oc=AdoN5781dnm9n_8xlk83Q3ET_TOtPFVg4GDUdHf-DOnss6x-ccm7Uavo9F_aFpUaW-8&ccb=13-1&oh=06_Q3-_AXla3LLehwBH16l4vT-nzHppodiKeQ22Qkk5ynElk8nY&oe=6A14C87F&_nc_sid=ef6713,https://l.facebook.com/l.php?u=https%3A%2F%2Fdocs.google.com%2Fforms%2Fd%2Fe%2F1FAIpQLSea86T_9kL7rYOu3I4IOZfK7XADyv69ic2RxZpw0j_l3gdAqQ%2Fviewform%3Fusp%3Dsf_link&h=AUDAmmaSYEoCQpq-gnFwApKZzPR2jbYutkGGjUSFvpY4IlsDdl44RuGr12RX1RF1r65vbJvdCHj56zNIgZdeWuIUQgBKsiSZkOTddphJkv5vQAshuwvLX8eQVGDQF57C&s=1,200,200,link,share,Bharat Book of Records Application Form,https://www.facebook.com/1425872462917992/posts/479758780862703,"🇮🇳🇮🇳🇮🇳🇮🇳🇮🇳🇮🇳🇮🇳🇮🇳🇮🇳🇮🇳🇮🇳🇮🇳🇮🇳🇮🇳🇮🇳🇮🇳🇮🇳
We Bharat Book of Records, wanted to give a platform for your students who got unique talents and capabilities to be in our Book of Records which will be a pride moment for our organization too

Bharat Book of Records has been the undisputed curator and the custodian of Bharat Records. For us, it is simply not about making a record; but pushing the human boundaries and overcoming individual limitations.

Our editorial team works tirelessly to verify, process, and authenticate your achievements; in an unbiased manner to select the deserving record. 

Bharat Book of Records organizes a ‘Record Holders Exchange Programme’ every year, wherein Bharat Book of Record holders get an opportunity to interact with other  record holders. This activity coincides with the launch of the new edition of the Bharat Book of Records

Every year, Bharat Book of Records holders get nominated Pride of Nation Award and are facilitated; at the event of the Independence Day

Note: Need any further assistance to apply, kindly call us on +91-9845732329 or follow the link below 
👇👇👇👇👇👇👇👇
https://docs.google.com/forms/d/e/1FAIpQLSea86T_9kL7rYOu3I4IOZfK7XADyv69ic2RxZpw0j_l3gdAqQ/viewform?usp=sf_link

🇮🇳🇮🇳🇮🇳🇮🇳🇮🇳🇮🇳🇮🇳🇮🇳🇮🇳🇮🇳🇮🇳🇮🇳🇮🇳🇮🇳🇮🇳🇮🇳🇮🇳

Bharat Book Of Records
Karnataka India",TRUE,FALSE,FALSE,FALSE,FALSE,2022-10-13T17:15:01+0000
107248091187807_452055953632986,https://scontent.fccu31-2.fna.fbcdn.net/v/t39.30808-6/475311746_1031305682374674_3660542833868180514_n.jpg?_nc_cat=109&ccb=1-7&_nc_sid=833d8c&_nc_ohc=Qa49MovQRTUQ7kNvwFvPh1N&_nc_oc=AdoejDpEvpz9k1LyKwxL5lZO49FCX0j8GX_ty_tcdWjOlaPZvurpDYfb9VAqqj5Le5w&_nc_zt=23&_nc_ht=scontent.fccu31-2.fna&edm=AKIiGfEEAAAA&_nc_gid=0PrDcyjr46WUg0DF5ixRXA&_nc_tpa=Q5bMBQGHKJVg9A5DDxFVC8LaS3Yc85aPkWLrlnTrv1xBgxG0PMyC7o2DVj2g3KJftWnRYa8X81dOfkQgLw&oh=00_Af4_9q3cyiJtq0y0Tp6agkoImVmEXBZGVa9tci2c1kA7sA&oe=6A18E383,https://scontent.fccu31-2.fna.fbcdn.net/v/t39.30808-6/475311746_1031305682374674_3660542833868180514_n.jpg?_nc_cat=109&ccb=1-7&_nc_sid=833d8c&_nc_ohc=Qa49MovQRTUQ7kNvwFvPh1N&_nc_oc=AdoejDpEvpz9k1LyKwxL5lZO49FCX0j8GX_ty_tcdWjOlaPZvurpDYfb9VAqqj5Le5w&_nc_zt=23&_nc_ht=scontent.fccu31-2.fna&edm=AKIiGfEEAAAA&_nc_gid=0PrDcyjr46WUg0DF5ixRXA&_nc_tpa=Q5bMBQEyRmyH-S3PfD9Hn25SRVNKg9_gz9cxMzin4vLKAZpdexL1TQRbpFK5H8YMQlMWZnHCj-DsUBJriQ&oh=00_Af5ZLXrzX-ARV5D7ozMwhbL41CXLA121JTsiN8uxBLg40A&oe=6A18E383,https://www.facebook.com/photo.php?fbid=452055926966322&set=a.448214567350458&type=3,1280,577,photo,photo,"#BHARAT_BOOK_OF_RECORDS
 🇮🇳🏅🇮🇳🏅🇮🇳🏅🇮🇳🏅🇮🇳🏅🇮🇳🏅🇮🇳🏅🇮🇳🏅
Dancing for Vande Mataram song along with 1000'sof  dancers on the occasion of 75th Independance day to create a new record at Freedom Park Bengaluru for BHARAT BOOK OF RECORDS",https://www.facebook.com/1425872462917992/posts/452055953632986,"#BHARAT_BOOK_OF_RECORDS
 🇮🇳🏅🇮🇳🏅🇮🇳🏅🇮🇳🏅🇮🇳🏅🇮🇳🏅🇮🇳🏅🇮🇳🏅
Dancing for Vande Mataram song along with 1000'sof  dancers on the occasion of 75th Independance day to create a new record at Freedom Park Bengaluru for BHARAT BOOK OF RECORDS",TRUE,FALSE,FALSE,FALSE,FALSE,2022-09-07T16:49:58+0000
107248091187807_452055253633056,https://scontent.fccu31-1.fna.fbcdn.net/v/t39.30808-6/475163561_1031305745708001_3451801371320336597_n.jpg?stp=dst-jpg_s960x960_tt6&_nc_cat=105&ccb=1-7&_nc_sid=833d8c&_nc_ohc=MJh6E0R87uEQ7kNvwHxlbtv&_nc_oc=Adrm2q97E9HrwdhF7jBqI6jU1JjpvOz71Oav9dGVF6AMLChC6y2N5DvFaOD657G_f1c&_nc_zt=23&_nc_ht=scontent.fccu31-1.fna&edm=AKIiGfEEAAAA&_nc_gid=0PrDcyjr46WUg0DF5ixRXA&_nc_tpa=Q5bMBQGvDDUQt3wZ6G15Pjcv5NulNdEaOdDfh6gi7TETwRCHON8q52B0o38ER2o8ky4H-UQpL_Vb4bWSdg&oh=00_Af5PNXK9A4dbTgAh7zKB0a81TkOz0VwkobUV7D_O4wH3oQ&oe=6A18D050,https://scontent.fccu31-1.fna.fbcdn.net/v/t39.30808-6/475163561_1031305745708001_3451801371320336597_n.jpg?stp=dst-jpg_s960x960_tt6&_nc_cat=105&ccb=1-7&_nc_sid=833d8c&_nc_ohc=MJh6E0R87uEQ7kNvwHxlbtv&_nc_oc=Adrm2q97E9HrwdhF7jBqI6jU1JjpvOz71Oav9dGVF6AMLChC6y2N5DvFaOD657G_f1c&_nc_zt=23&_nc_ht=scontent.fccu31-1.fna&edm=AKIiGfEEAAAA&_nc_gid=0PrDcyjr46WUg0DF5ixRXA&_nc_tpa=Q5bMBQGrH4IxXzWqTNmvz-F-1eluV8xNIyABmX81cfdvKRg4EWBgFbhx0x4nNL4cXyGa6EzraNdwiyY2oQ&oh=00_Af5UOgogrBFDFDycHkBoRHH4YycLZkvcjijfLOXkCKvyHA&oe=6A18D050,https://www.facebook.com/photo.php?fbid=452055233633058&set=a.448214567350458&type=3,960,720,photo,photo,"#BHARAT_BOOK_OF_RECORDS
 🇮🇳🏅🇮🇳🏅🇮🇳🏅🇮🇳🏅🇮🇳🏅🇮🇳🏅🇮🇳🏅🇮🇳🏅
Dancing for Vande Mataram song along with 1000'sof  dancers on the occasion of 75th Independance day to create a new record at Freedom Park Bengaluru for BHARAT BOOK OF RECORDS",https://www.facebook.com/1425872462917992/posts/452055253633056,"#BHARAT_BOOK_OF_RECORDS
 🇮🇳🏅🇮🇳🏅🇮🇳🏅🇮🇳🏅🇮🇳🏅🇮🇳🏅🇮🇳🏅🇮🇳🏅
Dancing for Vande Mataram song along with 1000'sof  dancers on the occasion of 75th Independance day to create a new record at Freedom Park Bengaluru for BHARAT BOOK OF RECORDS",TRUE,FALSE,FALSE,FALSE,FALSE,2022-09-07T16:48:34+0000
107248091187807_452054673633114,https://scontent.fccu31-1.fna.fbcdn.net/v/t39.30808-6/475413089_1031306052374637_7675983796891526640_n.jpg?_nc_cat=100&ccb=1-7&_nc_sid=833d8c&_nc_ohc=MsSjnZa9dXoQ7kNvwGrXdSu&_nc_oc=AdokItp-nA03zD_TIJK8eDRgSIKg1BTR7g5DewPMDdahLNJS7dUnJi3yW0aLNOXqYMY&_nc_zt=23&_nc_ht=scontent.fccu31-1.fna&edm=AKIiGfEEAAAA&_nc_gid=0PrDcyjr46WUg0DF5ixRXA&_nc_tpa=Q5bMBQE0HrjYg05y-1LsV_87QFY9dkVamcaRqlwWSu22uZdH5pnPKkwwfivm4mszsibgpotn0ecpZxOSFA&oh=00_Af4ofkc_PmFsHMCKSl-AffGNsbjkfE9QALkBnNjaFccoaA&oe=6A18E6E4,https://scontent.fccu31-1.fna.fbcdn.net/v/t39.30808-6/475413089_1031306052374637_7675983796891526640_n.jpg?_nc_cat=100&ccb=1-7&_nc_sid=833d8c&_nc_ohc=MsSjnZa9dXoQ7kNvwGrXdSu&_nc_oc=AdokItp-nA03zD_TIJK8eDRgSIKg1BTR7g5DewPMDdahLNJS7dUnJi3yW0aLNOXqYMY&_nc_zt=23&_nc_ht=scontent.fccu31-1.fna&edm=AKIiGfEEAAAA&_nc_gid=0PrDcyjr46WUg0DF5ixRXA&_nc_tpa=Q5bMBQFaUndOycS6K10Zt6lw8RgR_ghEwQHC4x_MChhbSfRvZO6WFDw5Tom1Xo6vTd08XHRPPUw3BFNfAg&oh=00_Af47VDNwLdokNWbCztqNpQ3YxxPh5NthEAGMjOiNkctIhw&oe=6A18E6E4,https://www.facebook.com/photo.php?fbid=452054656966449&set=a.448214567350458&type=3,1034,576,photo,photo,"#BHARAT_BOOK_OF_RECORDS
 🇮🇳🏅🇮🇳🏅🇮🇳🏅🇮🇳🏅🇮🇳🏅🇮🇳🏅🇮🇳🏅🇮🇳🏅",https://www.facebook.com/1425872462917992/posts/452054673633114,"#BHARAT_BOOK_OF_RECORDS
 🇮🇳🏅🇮🇳🏅🇮🇳🏅🇮🇳🏅🇮🇳🏅🇮🇳🏅🇮🇳🏅🇮🇳🏅",TRUE,FALSE,FALSE,FALSE,FALSE,2022-09-07T16:47:30+0000
107248091187807_452053993633182,https://scontent.fccu31-2.fna.fbcdn.net/v/t39.30808-6/475678709_1031306002374642_2683066808132059732_n.jpg?stp=dst-jpg_p720x720_tt6&_nc_cat=109&ccb=1-7&_nc_sid=833d8c&_nc_ohc=h_mHOACYGQAQ7kNvwGpQ5W6&_nc_oc=AdomdO0vHyLTTbo9XSZoGvz2C8Div-SPEuiAalUWhcJ4XbGQ2shGizPVfV1F4lL1UyY&_nc_zt=23&_nc_ht=scontent.fccu31-2.fna&edm=AKIiGfEEAAAA&_nc_gid=0PrDcyjr46WUg0DF5ixRXA&_nc_tpa=Q5bMBQEm5wWH1NfJpaw563mgyxC5YsRy5qBC09G7G_xP1b9vE0S7F3TjgEdUh2pm6yEhcTotqj78oPAJkg&oh=00_Af7lVUKSyscu9IVRM3CQDDseEvgqt3-3aAKN8fElTaGa1A&oe=6A18BEEF,https://scontent.fccu31-2.fna.fbcdn.net/v/t39.30808-6/475678709_1031306002374642_2683066808132059732_n.jpg?stp=dst-jpg_p720x720_tt6&_nc_cat=109&ccb=1-7&_nc_sid=833d8c&_nc_ohc=h_mHOACYGQAQ7kNvwGpQ5W6&_nc_oc=AdomdO0vHyLTTbo9XSZoGvz2C8Div-SPEuiAalUWhcJ4XbGQ2shGizPVfV1F4lL1UyY&_nc_zt=23&_nc_ht=scontent.fccu31-2.fna&edm=AKIiGfEEAAAA&_nc_gid=0PrDcyjr46WUg0DF5ixRXA&_nc_tpa=Q5bMBQG4VkkNm017zB8uR23-JtpuRf9b0r8D2Pmt0rX3n4R6mhuSbB5v3YyX7PPQRqiNfN9wQJ8htkIRhg&oh=00_Af4eHMhGsXCrfk654CsqVdo_-nb8dhkbDyr-KNVfTKGNiw&oe=6A18BEEF,https://www.facebook.com/photo.php?fbid=452053966966518&set=a.448214567350458&type=3,1309,720,photo,photo,"#BHARAT_BOOK_OF_RECORDS
 🇮🇳🏅🇮🇳🏅🇮🇳🏅🇮🇳🏅🇮🇳🏅🇮🇳🏅🇮🇳🏅🇮🇳🏅",https://www.facebook.com/1425872462917992/posts/452053993633182,"#BHARAT_BOOK_OF_RECORDS
 🇮🇳🏅🇮🇳🏅🇮🇳🏅🇮🇳🏅🇮🇳🏅🇮🇳🏅🇮🇳🏅🇮🇳🏅",TRUE,FALSE,FALSE,FALSE,FALSE,2022-09-07T16:46:11+0000
107248091187807_452053340299914,https://scontent.fccu31-2.fna.fbcdn.net/v/t39.30808-6/475760287_1031305902374652_987056352321840530_n.jpg?stp=dst-jpg_p720x720_tt6&_nc_cat=109&ccb=1-7&_nc_sid=833d8c&_nc_ohc=SMuMVhKQAFIQ7kNvwGLOwjl&_nc_oc=AdoYwDZ9V-syg8Gb7XQNbint1MkXt5vUuQSbuaZp98q99ooHZifKnMRqyF3tJe5uQto&_nc_zt=23&_nc_ht=scontent.fccu31-2.fna&edm=AKIiGfEEAAAA&_nc_gid=0PrDcyjr46WUg0DF5ixRXA&_nc_tpa=Q5bMBQFt0iz1kw6RrN9fwu96f8DCENtLNQd_-88cLbgkwbUhvN-Nn2cHbhn5MlkIHzrZiieq5gXFvvGN5A&oh=00_Af4lORcBj9FrwVBzdk_UMfLSexJrkRSchy8ztAx80XpcZw&oe=6A18F2BF,https://scontent.fccu31-2.fna.fbcdn.net/v/t39.30808-6/475760287_1031305902374652_987056352321840530_n.jpg?stp=dst-jpg_p720x720_tt6&_nc_cat=109&ccb=1-7&_nc_sid=833d8c&_nc_ohc=SMuMVhKQAFIQ7kNvwGLOwjl&_nc_oc=AdoYwDZ9V-syg8Gb7XQNbint1MkXt5vUuQSbuaZp98q99ooHZifKnMRqyF3tJe5uQto&_nc_zt=23&_nc_ht=scontent.fccu31-2.fna&edm=AKIiGfEEAAAA&_nc_gid=0PrDcyjr46WUg0DF5ixRXA&_nc_tpa=Q5bMBQFSfLLlypQdQvKENEgzmrAY3YRIz3E7teKJ10Oqa_h2QyLWot-ptV43874ZVCkv4Usui8D6T7GSiA&oh=00_Af5NmX6v5W2jKXWW3XfNBi2WRCavzEHFde664Abo1umOJw&oe=6A18F2BF,https://www.facebook.com/photo.php?fbid=452053316966583&set=a.448214567350458&type=3,785,720,photo,photo,"#BHARAT_BOOK_OF_RECORDS
 🇮🇳🏅🇮🇳🏅🇮🇳🏅🇮🇳🏅🇮🇳🏅🇮🇳🏅🇮🇳🏅🇮🇳🏅",https://www.facebook.com/1425872462917992/posts/452053340299914,"#BHARAT_BOOK_OF_RECORDS
 🇮🇳🏅🇮🇳🏅🇮🇳🏅🇮🇳🏅🇮🇳🏅🇮🇳🏅🇮🇳🏅🇮🇳🏅",TRUE,FALSE,FALSE,FALSE,FALSE,2022-09-07T16:45:07+0000
107248091187807_452052233633358,https://scontent.fccu3-1.fna.fbcdn.net/v/t39.30808-6/475139278_1031305795707996_8994346222050849225_n.jpg?stp=dst-jpg_s1080x2048_tt6&_nc_cat=106&ccb=1-7&_nc_sid=833d8c&_nc_ohc=vrFD_RRHIWgQ7kNvwHfh_S5&_nc_oc=Adr0JcsqPp_E2FWroQdn29HQKVjNP4FDjJeEa2vZqZ0oMO3jMH5oRoehhyedEKMrPxo&_nc_zt=23&_nc_ht=scontent.fccu3-1.fna&edm=AKIiGfEEAAAA&_nc_gid=0PrDcyjr46WUg0DF5ixRXA&_nc_tpa=Q5bMBQFtuOcdpcgA-8VV7LAPSQyJgy4V3zxGVPhhA5nlFEGpL_FHzI8BltqnADKqc8fTdiXOt-HmF28fIw&oh=00_Af7AY_DtrcD_Fn53qJdXg4pjWXAXg6IIEChJk7qPtDCHsQ&oe=6A18D658,https://scontent.fccu3-1.fna.fbcdn.net/v/t39.30808-6/475139278_1031305795707996_8994346222050849225_n.jpg?stp=dst-jpg_s1080x2048_tt6&_nc_cat=106&ccb=1-7&_nc_sid=833d8c&_nc_ohc=vrFD_RRHIWgQ7kNvwHfh_S5&_nc_oc=Adr0JcsqPp_E2FWroQdn29HQKVjNP4FDjJeEa2vZqZ0oMO3jMH5oRoehhyedEKMrPxo&_nc_zt=23&_nc_ht=scontent.fccu3-1.fna&edm=AKIiGfEEAAAA&_nc_gid=0PrDcyjr46WUg0DF5ixRXA&_nc_tpa=Q5bMBQGflciuN5TtonDMmAyP26JfOJk5IsgOrqe_CnzP55brKT6Le3qVdjVQe8p2voeM283c12Sc6Bfhwg&oh=00_Af4UElJRY0Nbhahlw3tnoCv_Ar8W88Qqvy40sSBZuc0mww&oe=6A18D658,https://www.facebook.com/photo.php?fbid=452052213633360&set=a.448214567350458&type=3,720,1080,photo,photo,"#BHARAT_BOOK_OF_RECORDS
 🇮🇳🏅🇮🇳🏅🇮🇳🏅🇮🇳🏅🇮🇳🏅🇮🇳🏅🇮🇳🏅🇮🇳🏅
Dancing for Vande Mataram song along with 1000'sof  dancers on the occasion of 75th Independance day to create a new record at Freedom Park Bengaluru for BHARAT BOOK OF RECORDS",https://www.facebook.com/1425872462917992/posts/452052233633358,"#BHARAT_BOOK_OF_RECORDS
 🇮🇳🏅🇮🇳🏅🇮🇳🏅🇮🇳🏅🇮🇳🏅🇮🇳🏅🇮🇳🏅🇮🇳🏅
Dancing for Vande Mataram song along with 1000'sof  dancers on the occasion of 75th Independance day to create a new record at Freedom Park Bengaluru for BHARAT BOOK OF RECORDS",TRUE,FALSE,FALSE,FALSE,FALSE,2022-09-07T16:43:57+0000
107248091187807_452051463633435,https://scontent.fccu31-1.fna.fbcdn.net/v/t39.30808-6/475282740_1031306012374641_4986230671523552885_n.jpg?_nc_cat=105&ccb=1-7&_nc_sid=833d8c&_nc_ohc=3Yj4PnDEC48Q7kNvwH_yatH&_nc_oc=AdrHebeL9VUkPhG8bfGve7OQnQNKsdBwAXuzlG_fu0GEGj3vwu0Y6PEWkVEPLvQ3ToA&_nc_zt=23&_nc_ht=scontent.fccu31-1.fna&edm=AKIiGfEEAAAA&_nc_gid=0PrDcyjr46WUg0DF5ixRXA&_nc_tpa=Q5bMBQHafuSBhg6Lr0Qjc_Uv9kOehUq8RwIoIcitwGDkkCdxFpxPQePgakfjlhwNuSZHv1IAax2Fy-GWlw&oh=00_Af7jfIVtJiP_Ya7Or1bRAfK3qA5S3NptbDvnbMSVN7WXgg&oe=6A18C5FE,https://scontent.fccu31-1.fna.fbcdn.net/v/t39.30808-6/475282740_1031306012374641_4986230671523552885_n.jpg?_nc_cat=105&ccb=1-7&_nc_sid=833d8c&_nc_ohc=3Yj4PnDEC48Q7kNvwH_yatH&_nc_oc=AdrHebeL9VUkPhG8bfGve7OQnQNKsdBwAXuzlG_fu0GEGj3vwu0Y6PEWkVEPLvQ3ToA&_nc_zt=23&_nc_ht=scontent.fccu31-1.fna&edm=AKIiGfEEAAAA&_nc_gid=0PrDcyjr46WUg0DF5ixRXA&_nc_tpa=Q5bMBQFUTQZOeDqc2e06BmhmjbzWmr3-VRSkanHQ7kOuW7f76DOwtlC-OAfsCy244wmyuy0XVVdhhG0EsA&oh=00_Af5aU7nxG43EidexyyyrA3H1hDWMfmYJAg2RY3Uscb71nw&oe=6A18C5FE,https://www.facebook.com/photo.php?fbid=452051430300105&set=a.448214567350458&type=3,313,607,photo,photo,"#BHARAT_BOOK_OF_RECORDS
 🇮🇳🏅🇮🇳🏅🇮🇳🏅🇮🇳🏅🇮🇳🏅🇮🇳🏅🇮🇳🏅🇮🇳🏅",https://www.facebook.com/1425872462917992/posts/452051463633435,"#BHARAT_BOOK_OF_RECORDS
 🇮🇳🏅🇮🇳🏅🇮🇳🏅🇮🇳🏅🇮🇳🏅🇮🇳🏅🇮🇳🏅🇮🇳🏅",TRUE,FALSE,FALSE,FALSE,FALSE,2022-09-07T16:42:47+0000
107248091187807_452050546966860,https://scontent.fccu31-2.fna.fbcdn.net/v/t39.30808-6/475140107_1031305955707980_3341676511382976074_n.jpg?stp=dst-jpg_p720x720_tt6&_nc_cat=103&ccb=1-7&_nc_sid=833d8c&_nc_ohc=qGalA1tSeP4Q7kNvwFLTZXA&_nc_oc=AdrbSdYUgDGqOhlbejEjmb7e5mdY2ducaoDO42xbrl-BTMU4RM2K_HKl-NXqerVlTTQ&_nc_zt=23&_nc_ht=scontent.fccu31-2.fna&edm=AKIiGfEEAAAA&_nc_gid=0PrDcyjr46WUg0DF5ixRXA&_nc_tpa=Q5bMBQF0d2971GJoIZCJ0Wm3L4MbDq4MGXBvaQ8ig2il_ZnN_He2JoubPFyOQqcFDG2pxxo2XMSWHC9PIw&oh=00_Af7pWPBiCsdHi790DMkv6jdCb_zTjDZx0na2aCGfjVbldA&oe=6A18BE71,https://scontent.fccu31-2.fna.fbcdn.net/v/t39.30808-6/475140107_1031305955707980_3341676511382976074_n.jpg?stp=dst-jpg_p720x720_tt6&_nc_cat=103&ccb=1-7&_nc_sid=833d8c&_nc_ohc=qGalA1tSeP4Q7kNvwFLTZXA&_nc_oc=AdrbSdYUgDGqOhlbejEjmb7e5mdY2ducaoDO42xbrl-BTMU4RM2K_HKl-NXqerVlTTQ&_nc_zt=23&_nc_ht=scontent.fccu31-2.fna&edm=AKIiGfEEAAAA&_nc_gid=0PrDcyjr46WUg0DF5ixRXA&_nc_tpa=Q5bMBQFJXbi_rzFlqVaGp-l8fv3DfXzl1XB6RcAN4CGDhyjeFAf8_d_bvypzR_D0kpLPOlPc4L_xi73mgQ&oh=00_Af4AMCWjjpUZzAeaMEYOU3hJVw-_0IINQzKHais6hjlJ0A&oe=6A18BE71,https://www.facebook.com/photo.php?fbid=452050530300195&set=a.448214567350458&type=3,720,1160,photo,photo,"#BHARAT_BOOK_OF_RECORDS
 🇮🇳🏅🇮🇳🏅🇮🇳🏅🇮🇳🏅🇮🇳🏅🇮🇳🏅🇮🇳🏅🇮🇳🏅",https://www.facebook.com/1425872462917992/posts/452050546966860,"#BHARAT_BOOK_OF_RECORDS
 🇮🇳🏅🇮🇳🏅🇮🇳🏅🇮🇳🏅🇮🇳🏅🇮🇳🏅🇮🇳🏅🇮🇳🏅",TRUE,FALSE,FALSE,FALSE,FALSE,2022-09-07T16:41:01+0000
107248091187807_452049473633634,https://scontent.fccu31-1.fna.fbcdn.net/v/t39.30808-6/475783788_1031305709041338_4538402444559880778_n.jpg?_nc_cat=107&ccb=1-7&_nc_sid=833d8c&_nc_ohc=JSlbV7DnRJ0Q7kNvwG8eOD0&_nc_oc=AdoxTX4tx1y3sgASi9iq_HuGosovtv06Zz7OU1xdIBPVdkB8ZA7BXKBDE7kc-5gZqsw&_nc_zt=23&_nc_ht=scontent.fccu31-1.fna&edm=AKIiGfEEAAAA&_nc_gid=0PrDcyjr46WUg0DF5ixRXA&_nc_tpa=Q5bMBQHe3Io3RUf1GtaPRNQ7TGngDz8tguoWCe8TZTgzMNJeJOmVm_zUVrK9Wsuqd-v1lNdDWgwGLIfUyQ&oh=00_Af5y0KGezZ9sEBqG1XyE-gQyLqp4hoNDWorYWS6g87nkqA&oe=6A18BCAF,https://scontent.fccu31-1.fna.fbcdn.net/v/t39.30808-6/475783788_1031305709041338_4538402444559880778_n.jpg?_nc_cat=107&ccb=1-7&_nc_sid=833d8c&_nc_ohc=JSlbV7DnRJ0Q7kNvwG8eOD0&_nc_oc=AdoxTX4tx1y3sgASi9iq_HuGosovtv06Zz7OU1xdIBPVdkB8ZA7BXKBDE7kc-5gZqsw&_nc_zt=23&_nc_ht=scontent.fccu31-1.fna&edm=AKIiGfEEAAAA&_nc_gid=0PrDcyjr46WUg0DF5ixRXA&_nc_tpa=Q5bMBQHRx02Sdxrq8QFEl5lS6hgeElA4UuUV0tsoOVv-rFj1whvds217TVu_4jRsbIS0tzt1pdJYDLEJiA&oh=00_Af4h0MT0jQf0XHVzKnO5eD76ougjWaWkr25k7xap6D-Icw&oe=6A18BCAF,https://www.facebook.com/photo.php?fbid=452049456966969&set=a.448214567350458&type=3,713,1280,photo,photo,"#BHARAT_BOOK_OF_RECORDS
 🇮🇳🏅🇮🇳🏅🇮🇳🏅🇮🇳🏅🇮🇳🏅🇮🇳🏅🇮🇳🏅🇮🇳🏅
Dancing for Vande Mataram song along with 1000'sof  dancers on the occasion of 75th Independance day to create a new record at Freedom Park Bengaluru for BHARAT BOOK OF RECORDS",https://www.facebook.com/1425872462917992/posts/452049473633634,"#BHARAT_BOOK_OF_RECORDS
 🇮🇳🏅🇮🇳🏅🇮🇳🏅🇮🇳🏅🇮🇳🏅🇮🇳🏅🇮🇳🏅🇮🇳🏅
Dancing for Vande Mataram song along with 1000'sof  dancers on the occasion of 75th Independance day to create a new record at Freedom Park Bengaluru for BHARAT BOOK OF RECORDS",TRUE,FALSE,FALSE,FALSE,FALSE,2022-09-07T16:39:08+0000
107248091187807_452047416967173,https://scontent.fccu3-1.fna.fbcdn.net/v/t39.30808-6/475395934_1031306119041297_63629457939498133_n.jpg?stp=dst-jpg_p720x720_tt6&_nc_cat=104&ccb=1-7&_nc_sid=833d8c&_nc_ohc=-2pBs2gNUHkQ7kNvwHdscf_&_nc_oc=Adr0xZzgoBqc4vHb22Vb49HHUtJuQZKmF3Axei9ekP4Tj-N6TXmV56MB-2glk6TP7mY&_nc_zt=23&_nc_ht=scontent.fccu3-1.fna&edm=AKIiGfEEAAAA&_nc_gid=0PrDcyjr46WUg0DF5ixRXA&_nc_tpa=Q5bMBQGBDLGmqrFwhByBElexdu02lUbCV4Pn6aZDRpC6edF8bwhw6UUSHbdyqZmL3bQQBO_Im_7zfH83kQ&oh=00_Af4EBxC6wD4gV4Jt7NaiWlvRB9ytWaMTNg83IFTFSaO0qQ&oe=6A18CB5A,https://scontent.fccu3-1.fna.fbcdn.net/v/t39.30808-6/475395934_1031306119041297_63629457939498133_n.jpg?stp=dst-jpg_p720x720_tt6&_nc_cat=104&ccb=1-7&_nc_sid=833d8c&_nc_ohc=-2pBs2gNUHkQ7kNvwHdscf_&_nc_oc=Adr0xZzgoBqc4vHb22Vb49HHUtJuQZKmF3Axei9ekP4Tj-N6TXmV56MB-2glk6TP7mY&_nc_zt=23&_nc_ht=scontent.fccu3-1.fna&edm=AKIiGfEEAAAA&_nc_gid=0PrDcyjr46WUg0DF5ixRXA&_nc_tpa=Q5bMBQGyX3DJCKk0LMAxO6c74vFeoVFlW7IPiLnHCZh6xpLuG_bfhr6E9gvtng53xfAd-CvAdCvv5Ct3cg&oh=00_Af7Tjw8_IzDOka4r_LW7-_5xknFJYGotNg49gVLNqKiX0A&oe=6A18CB5A,https://www.facebook.com/photo.php?fbid=452047393633842&set=a.448214567350458&type=3,1219,720,photo,photo,"#BHARAT_BOOK_OF_RECORDS
 🇮🇳🏅🇮🇳🏅🇮🇳🏅🇮🇳🏅🇮🇳🏅🇮🇳🏅🇮🇳🏅🇮🇳🏅",https://www.facebook.com/1425872462917992/posts/452047416967173,"#BHARAT_BOOK_OF_RECORDS
 🇮🇳🏅🇮🇳🏅🇮🇳🏅🇮🇳🏅🇮🇳🏅🇮🇳🏅🇮🇳🏅🇮🇳🏅",TRUE,FALSE,FALSE,FALSE,FALSE,2022-09-07T16:34:26+0000
107248091187807_452047050300543,https://scontent.fccu3-1.fna.fbcdn.net/v/t39.30808-6/475451268_1031305822374660_3453482443948583030_n.jpg?stp=dst-jpg_p720x720_tt6&_nc_cat=102&ccb=1-7&_nc_sid=833d8c&_nc_ohc=GeYFpQK_uOoQ7kNvwHfw6JQ&_nc_oc=Adoa2mxKi2_WDRSs43L79kuyXdQHtUg097X-BImIcDIh1TD-0uejLhcF8gNEWbd3_B4&_nc_zt=23&_nc_ht=scontent.fccu3-1.fna&edm=AKIiGfEEAAAA&_nc_gid=0PrDcyjr46WUg0DF5ixRXA&_nc_tpa=Q5bMBQG0iKHyUsGsZ-SM_MUk8Vh_mlOWRmv0HvB5qK2DrPubqRzZUKlkjJN2JAlH987HzopBwBRKo4g0ZQ&oh=00_Af6fu_u8wdOxb_0q73uj1rJQlZ-m5uFPeuVdmDodnkHLUw&oe=6A18D17F,https://scontent.fccu3-1.fna.fbcdn.net/v/t39.30808-6/475451268_1031305822374660_3453482443948583030_n.jpg?stp=dst-jpg_p720x720_tt6&_nc_cat=102&ccb=1-7&_nc_sid=833d8c&_nc_ohc=GeYFpQK_uOoQ7kNvwHfw6JQ&_nc_oc=Adoa2mxKi2_WDRSs43L79kuyXdQHtUg097X-BImIcDIh1TD-0uejLhcF8gNEWbd3_B4&_nc_zt=23&_nc_ht=scontent.fccu3-1.fna&edm=AKIiGfEEAAAA&_nc_gid=0PrDcyjr46WUg0DF5ixRXA&_nc_tpa=Q5bMBQGHyNX6aXsjOkFHc_xia4kxpvj99D_LNNXMPeBEICMpyd8TQH--8ALfrjCIlkH8P87vXrBTKTbV5g&oh=00_Af5yjseMB9pNa0FxUe8YYzERgC8vvTmd7y9i1Qnyv3zVAg&oe=6A18D17F,https://www.facebook.com/photo.php?fbid=452047023633879&set=a.448214567350458&type=3,1214,720,photo,photo,"#BHARAT_BOOK_OF_RECORDS
 🇮🇳🏅🇮🇳🏅🇮🇳🏅🇮🇳🏅🇮🇳🏅🇮🇳🏅🇮🇳🏅🇮🇳🏅",https://www.facebook.com/1425872462917992/posts/452047050300543,"#BHARAT_BOOK_OF_RECORDS
 🇮🇳🏅🇮🇳🏅🇮🇳🏅🇮🇳🏅🇮🇳🏅🇮🇳🏅🇮🇳🏅🇮🇳🏅",TRUE,FALSE,FALSE,FALSE,FALSE,2022-09-07T16:33:40+0000
107248091187807_452046756967239,https://scontent.fccu31-1.fna.fbcdn.net/v/t39.30808-6/475138289_1031305725708003_4339298458736429133_n.jpg?stp=dst-jpg_p720x720_tt6&_nc_cat=105&ccb=1-7&_nc_sid=833d8c&_nc_ohc=66qwsM1eV2gQ7kNvwF7-9kj&_nc_oc=AdrEjRDgn8d61VBvjv6_ig5i1xpVosYyjeIzvt_5T1Ue64022phe_JQSn73-Mg9aImc&_nc_zt=23&_nc_ht=scontent.fccu31-1.fna&edm=AKIiGfEEAAAA&_nc_gid=0PrDcyjr46WUg0DF5ixRXA&_nc_tpa=Q5bMBQH5Lnbozbe1Sf4EdFZOyl9BMiRfwCYz4nJ0ailHLa_4O8QHuzjZl4YclseWtTHy7L64BRp-HNifrQ&oh=00_Af6f0GflSKx6Wg0B0J9muPn4hLmlEFPJREz58O7TKldxGA&oe=6A18E914,https://scontent.fccu31-1.fna.fbcdn.net/v/t39.30808-6/475138289_1031305725708003_4339298458736429133_n.jpg?stp=dst-jpg_p720x720_tt6&_nc_cat=105&ccb=1-7&_nc_sid=833d8c&_nc_ohc=66qwsM1eV2gQ7kNvwF7-9kj&_nc_oc=AdrEjRDgn8d61VBvjv6_ig5i1xpVosYyjeIzvt_5T1Ue64022phe_JQSn73-Mg9aImc&_nc_zt=23&_nc_ht=scontent.fccu31-1.fna&edm=AKIiGfEEAAAA&_nc_gid=0PrDcyjr46WUg0DF5ixRXA&_nc_tpa=Q5bMBQEaxYpjE43uST8ArcxWtGjk6VdHe8Hkgk7RuJTisCDeojSmDjmmXYIVqXk5mtEjf23jn4jVqhx0kw&oh=00_Af4P025qoCwuvb70gVWibYreOEDrb9jdj0q1jxKiF9CfaA&oe=6A18E914,https://www.facebook.com/photo.php?fbid=452046730300575&set=a.448214567350458&type=3,963,720,photo,photo,"#BHARAT_BOOK_OF_RECORDS
 🇮🇳🏅🇮🇳🏅🇮🇳🏅🇮🇳🏅🇮🇳🏅🇮🇳🏅🇮🇳🏅🇮🇳🏅",https://www.facebook.com/1425872462917992/posts/452046756967239,"#BHARAT_BOOK_OF_RECORDS
 🇮🇳🏅🇮🇳🏅🇮🇳🏅🇮🇳🏅🇮🇳🏅🇮🇳🏅🇮🇳🏅🇮🇳🏅",TRUE,FALSE,FALSE,FALSE,FALSE,2022-09-07T16:33:02+0000
107248091187807_452046286967286,https://scontent.fccu31-2.fna.fbcdn.net/v/t39.30808-6/475139000_1031305945707981_5299583632616673222_n.jpg?stp=dst-jpg_p720x720_tt6&_nc_cat=108&ccb=1-7&_nc_sid=833d8c&_nc_ohc=uwAzdGPUKtYQ7kNvwGXldAp&_nc_oc=AdozBvW2O2QaeG_oq-gKA3psxcpiHHVWPvdTWMiaqM9Ae9VsqxGkXfZ5hvetmrvy1t4&_nc_zt=23&_nc_ht=scontent.fccu31-2.fna&edm=AKIiGfEEAAAA&_nc_gid=0PrDcyjr46WUg0DF5ixRXA&_nc_tpa=Q5bMBQFxjIPSvzMl2lRi7_6vyOK9W-YiYnWWVoJSNGbdUy7PBIHG2BmjfVDsajQE9cHQRBs4NM_4tAlIXw&oh=00_Af6QRWgoZlogwETtMyJP36uM484m0SCECvg2dfWuQ36-Kw&oe=6A18C49F,https://scontent.fccu31-2.fna.fbcdn.net/v/t39.30808-6/475139000_1031305945707981_5299583632616673222_n.jpg?stp=dst-jpg_p720x720_tt6&_nc_cat=108&ccb=1-7&_nc_sid=833d8c&_nc_ohc=uwAzdGPUKtYQ7kNvwGXldAp&_nc_oc=AdozBvW2O2QaeG_oq-gKA3psxcpiHHVWPvdTWMiaqM9Ae9VsqxGkXfZ5hvetmrvy1t4&_nc_zt=23&_nc_ht=scontent.fccu31-2.fna&edm=AKIiGfEEAAAA&_nc_gid=0PrDcyjr46WUg0DF5ixRXA&_nc_tpa=Q5bMBQHfiSAPf4sfteN5Z13xi4AlmJGRBWrUcL76voVmkVKJ9FZB7CM_tppz-W8diJqmBYLl7sh_h4IDLQ&oh=00_Af67Z4CNvoScL2vfTVJjwqiUfpn9cV8Z1e8yzki1uQGI6Q&oe=6A18C49F,https://www.facebook.com/photo.php?fbid=452046260300622&set=a.448214567350458&type=3,963,720,photo,photo,"#BHARAT_BOOK_OF_RECORDS
 🇮🇳🏅🇮🇳🏅🇮🇳🏅🇮🇳🏅🇮🇳🏅🇮🇳🏅🇮🇳🏅🇮🇳🏅
Dancing for Vande Mataram song along with 1000'sof  dancers on the occasion of 75th Independance day to create a new record at Freedom Park Bengaluru for BHARAT BOOK OF RECORDS",https://www.facebook.com/1425872462917992/posts/452046286967286,"#BHARAT_BOOK_OF_RECORDS
 🇮🇳🏅🇮🇳🏅🇮🇳🏅🇮🇳🏅🇮🇳🏅🇮🇳🏅🇮🇳🏅🇮🇳🏅
Dancing for Vande Mataram song along with 1000'sof  dancers on the occasion of 75th Independance day to create a new record at Freedom Park Bengaluru for BHARAT BOOK OF RECORDS",TRUE,FALSE,FALSE,FALSE,FALSE,2022-09-07T16:32:30+0000
107248091187807_452045973633984,https://scontent.fccu31-1.fna.fbcdn.net/v/t39.30808-6/475339250_1031305935707982_3367493100134410693_n.jpg?stp=dst-jpg_p720x720_tt6&_nc_cat=105&ccb=1-7&_nc_sid=833d8c&_nc_ohc=1HrhqKpzsoYQ7kNvwF63AGv&_nc_oc=AdokbgWP9vKsQdXVTWkpfxmHkiu6o-sb7z2vTbvpveWGzg-zff31_rYZ5zNXffY9LN4&_nc_zt=23&_nc_ht=scontent.fccu31-1.fna&edm=AKIiGfEEAAAA&_nc_gid=0PrDcyjr46WUg0DF5ixRXA&_nc_tpa=Q5bMBQEzyNYUYytPsFq2bnUuSZ4pEAPFySq-mwnCfS5S3Bd5sVx4ZOKaMEMYjiahn0iaEBo-uYgUDtd7oA&oh=00_Af704PEZ7hRcNKWz6cUG-VVPoIVjC0MxBRf3zL0n5ODgkw&oe=6A18ED7F,https://scontent.fccu31-1.fna.fbcdn.net/v/t39.30808-6/475339250_1031305935707982_3367493100134410693_n.jpg?stp=dst-jpg_p720x720_tt6&_nc_cat=105&ccb=1-7&_nc_sid=833d8c&_nc_ohc=1HrhqKpzsoYQ7kNvwF63AGv&_nc_oc=AdokbgWP9vKsQdXVTWkpfxmHkiu6o-sb7z2vTbvpveWGzg-zff31_rYZ5zNXffY9LN4&_nc_zt=23&_nc_ht=scontent.fccu31-1.fna&edm=AKIiGfEEAAAA&_nc_gid=0PrDcyjr46WUg0DF5ixRXA&_nc_tpa=Q5bMBQFJ-lTxrv9yh4JergxWuqcOgHUhiL4a_zfM1eR3H7Re2e5jwELQUrmnJct1y1MPK5F6KVNJmmaNNg&oh=00_Af6pjspanphnpYZBMygDwFxFHVOmqEDmi1QP134x0I_ulA&oe=6A18ED7F,https://www.facebook.com/photo.php?fbid=452045940300654&set=a.448214567350458&type=3,963,720,photo,photo,"#BHARAT_BOOK_OF_RECORDS
 🇮🇳🏅🇮🇳🏅🇮🇳🏅🇮🇳🏅🇮🇳🏅🇮🇳🏅🇮🇳🏅🇮🇳🏅
Dancing for Vande Mataram song along with 1000'sof  dancers on the occasion of 75th Independance day to create a new record at Freedom Park Bengaluru for BHARAT BOOK OF RECORDS",https://www.facebook.com/1425872462917992/posts/452045973633984,"#BHARAT_BOOK_OF_RECORDS
 🇮🇳🏅🇮🇳🏅🇮🇳🏅🇮🇳🏅🇮🇳🏅🇮🇳🏅🇮🇳🏅🇮🇳🏅
Dancing for Vande Mataram song along with 1000'sof  dancers on the occasion of 75th Independance day to create a new record at Freedom Park Bengaluru for BHARAT BOOK OF RECORDS",TRUE,FALSE,FALSE,FALSE,FALSE,2022-09-07T16:31:54+0000
107248091187807_452044476967467,https://scontent.fccu3-1.fna.fbcdn.net/v/t39.30808-6/475135964_1031306129041296_5092513663490333852_n.jpg?stp=dst-jpg_p720x720_tt6&_nc_cat=101&ccb=1-7&_nc_sid=833d8c&_nc_ohc=pcVTI4gPR9MQ7kNvwFzoqyE&_nc_oc=Ado2n9RYvcO_RLiz2mZxb_HZD2luNm5L_dDePWT6Q5YUJXIY0Al6yMyCJoRBo81250M&_nc_zt=23&_nc_ht=scontent.fccu3-1.fna&edm=AKIiGfEEAAAA&_nc_gid=0PrDcyjr46WUg0DF5ixRXA&_nc_tpa=Q5bMBQFSZ-_q3X4Xo6hu1NotRdn7NrQVEnI-JtnVBKvU8rwuFHTvVBOvmWkkStFC4SqlmpS4i8JSrrr67Q&oh=00_Af4JeAKgU-_qkntlGLZUo3GgZxzxPvS0id-CIveF2krbUg&oe=6A18BE6E,https://scontent.fccu3-1.fna.fbcdn.net/v/t39.30808-6/475135964_1031306129041296_5092513663490333852_n.jpg?stp=dst-jpg_p720x720_tt6&_nc_cat=101&ccb=1-7&_nc_sid=833d8c&_nc_ohc=pcVTI4gPR9MQ7kNvwFzoqyE&_nc_oc=Ado2n9RYvcO_RLiz2mZxb_HZD2luNm5L_dDePWT6Q5YUJXIY0Al6yMyCJoRBo81250M&_nc_zt=23&_nc_ht=scontent.fccu3-1.fna&edm=AKIiGfEEAAAA&_nc_gid=0PrDcyjr46WUg0DF5ixRXA&_nc_tpa=Q5bMBQH9ZMMDyPc5XGXpzqNHbW3MODiJ_UEGJ0eRwBtZ3L1xIUhdepCqN--qnfsNap2B0Teo33YVvg03Yg&oh=00_Af4XQWpbIz3N7xrG_F15-WpOcr5N5y0s0Z1bOvAQ9kN2kg&oe=6A18BE6E,https://www.facebook.com/photo.php?fbid=452044456967469&set=a.448214567350458&type=3,963,720,photo,photo,"#BHARAT_BOOK_OF_RECORDS
 🇮🇳🏅🇮🇳🏅🇮🇳🏅🇮🇳🏅🇮🇳🏅🇮🇳🏅🇮🇳🏅🇮🇳🏅
Dancing for Vande Mataram song along with 1000'sof  dancers on the occasion of 75th Independance day to create a new record at Freedom Park Bengaluru for BHARAT BOOK OF RECORDS",https://www.facebook.com/1425872462917992/posts/452044476967467,"#BHARAT_BOOK_OF_RECORDS
 🇮🇳🏅🇮🇳🏅🇮🇳🏅🇮🇳🏅🇮🇳🏅🇮🇳🏅🇮🇳🏅🇮🇳🏅
Dancing for Vande Mataram song along with 1000'sof  dancers on the occasion of 75th Independance day to create a new record at Freedom Park Bengaluru for BHARAT BOOK OF RECORDS",TRUE,FALSE,FALSE,FALSE,FALSE,2022-09-07T16:30:01+0000
107248091187807_452044243634157,https://scontent.fccu31-1.fna.fbcdn.net/v/t39.30808-6/475138190_1031305749041334_2043956911177169020_n.jpg?stp=dst-jpg_p720x720_tt6&_nc_cat=105&ccb=1-7&_nc_sid=833d8c&_nc_ohc=7Qcgl3i52rUQ7kNvwFyJB33&_nc_oc=AdrGd1ZBohwhxZ66Ym6DnOgL2b5Ev3WbBXF5_T6IgSqVFX9FQHk3ErRM0CYSUU3TkKE&_nc_zt=23&_nc_ht=scontent.fccu31-1.fna&edm=AKIiGfEEAAAA&_nc_gid=0PrDcyjr46WUg0DF5ixRXA&_nc_tpa=Q5bMBQGdkxGGjg1njswNXgW1VnCNCkQxOs2J_TxIAZltA5n1CxvWWc_du2fqvUEyzWw2IWoVnxW1KBhsiQ&oh=00_Af4EtN74CJoW4-u2Fw8vzPJjxci6lk7zZjkFtAG84eFJTA&oe=6A18CB22,https://scontent.fccu31-1.fna.fbcdn.net/v/t39.30808-6/475138190_1031305749041334_2043956911177169020_n.jpg?stp=dst-jpg_p720x720_tt6&_nc_cat=105&ccb=1-7&_nc_sid=833d8c&_nc_ohc=7Qcgl3i52rUQ7kNvwFyJB33&_nc_oc=AdrGd1ZBohwhxZ66Ym6DnOgL2b5Ev3WbBXF5_T6IgSqVFX9FQHk3ErRM0CYSUU3TkKE&_nc_zt=23&_nc_ht=scontent.fccu31-1.fna&edm=AKIiGfEEAAAA&_nc_gid=0PrDcyjr46WUg0DF5ixRXA&_nc_tpa=Q5bMBQHDYONt2ypgkc_3LHZT7H-P_3nnYZrYFg2p0mYzzWBiuSm_FfiDsVAsQYyh_F0McTk0HSkVkTW2RA&oh=00_Af7zQimBGXvCAbbSaDMVvBN5MlmMSleoVk7eEZhulEnC6w&oe=6A18CB22,https://www.facebook.com/photo.php?fbid=452044216967493&set=a.448214567350458&type=3,963,720,photo,photo,"#BHARAT_BOOK_OF_RECORDS
 🇮🇳🏅🇮🇳🏅🇮🇳🏅🇮🇳🏅🇮🇳🏅🇮🇳🏅🇮🇳🏅🇮🇳🏅
Dancing for Vande Mataram song along with 1000'sof  dancers on the occasion of 75th Independance day to create a new record at Freedom Park Bengaluru for BHARAT BOOK OF RECORDS",https://www.facebook.com/1425872462917992/posts/452044243634157,"#BHARAT_BOOK_OF_RECORDS
 🇮🇳🏅🇮🇳🏅🇮🇳🏅🇮🇳🏅🇮🇳🏅🇮🇳🏅🇮🇳🏅🇮🇳🏅
Dancing for Vande Mataram song along with 1000'sof  dancers on the occasion of 75th Independance day to create a new record at Freedom Park Bengaluru for BHARAT BOOK OF RECORDS",TRUE,FALSE,FALSE,FALSE,FALSE,2022-09-07T16:29:37+0000
107248091187807_452043823634199,https://scontent.fccu31-1.fna.fbcdn.net/v/t39.30808-6/475174962_1031306115707964_10734230122791081_n.jpg?stp=dst-jpg_p720x720_tt6&_nc_cat=110&ccb=1-7&_nc_sid=833d8c&_nc_ohc=UNgWO96PvsEQ7kNvwHdJVR4&_nc_oc=AdqnE5YE6xdSqEm8qgV-tEp3MiEyQ9jlX2RGIBTHLP244fJrqh7_3FXYAs3YYVBjN5M&_nc_zt=23&_nc_ht=scontent.fccu31-1.fna&edm=AKIiGfEEAAAA&_nc_gid=0PrDcyjr46WUg0DF5ixRXA&_nc_tpa=Q5bMBQGSo1xoT3U5Ndu9uDDi9FY0SipvUiCEeFsJTbQnPfBnl4te-q5nsO7oxNWhHGkBC4cJWWrRtU0ayg&oh=00_Af4q_cufvwGvUAP_cJTVkOEBsQUkKI4KVL36J8H3ZpkuGg&oe=6A18C351,https://scontent.fccu31-1.fna.fbcdn.net/v/t39.30808-6/475174962_1031306115707964_10734230122791081_n.jpg?stp=dst-jpg_p720x720_tt6&_nc_cat=110&ccb=1-7&_nc_sid=833d8c&_nc_ohc=UNgWO96PvsEQ7kNvwHdJVR4&_nc_oc=AdqnE5YE6xdSqEm8qgV-tEp3MiEyQ9jlX2RGIBTHLP244fJrqh7_3FXYAs3YYVBjN5M&_nc_zt=23&_nc_ht=scontent.fccu31-1.fna&edm=AKIiGfEEAAAA&_nc_gid=0PrDcyjr46WUg0DF5ixRXA&_nc_tpa=Q5bMBQGw4QUHu_FXjXb6vVbEFm7MZiSkrksYC38EAgxT2tOCCSKqN092LRYaw_e7kW1KkpjM-rdRzCnsZg&oh=00_Af7vyd9rfFPVshf4fqOVEmS5xlQTLC1tPdOGuERe-3GmbQ&oe=6A18C351,https://www.facebook.com/photo.php?fbid=452043803634201&set=a.448214567350458&type=3,963,720,photo,photo,"#BHARAT_BOOK_OF_RECORDS
 🇮🇳🏅🇮🇳🏅🇮🇳🏅🇮🇳🏅🇮🇳🏅🇮🇳🏅🇮🇳🏅🇮🇳🏅
Dancing for Vande Mataram song along with 1000'sof  dancers on the occasion of 75th Independance day to create a new record at Freedom Park Bengaluru for BHARAT BOOK OF RECORDS",https://www.facebook.com/1425872462917992/posts/452043823634199,"#BHARAT_BOOK_OF_RECORDS
 🇮🇳🏅🇮🇳🏅🇮🇳🏅🇮🇳🏅🇮🇳🏅🇮🇳🏅🇮🇳🏅🇮🇳🏅
Dancing for Vande Mataram song along with 1000'sof  dancers on the occasion of 75th Independance day to create a new record at Freedom Park Bengaluru for BHARAT BOOK OF RECORDS",TRUE,FALSE,FALSE,FALSE,FALSE,2022-09-07T16:28:51+0000
107248091187807_452043436967571,https://scontent.fccu31-2.fna.fbcdn.net/v/t39.30808-6/475241151_1031306105707965_580801321720865683_n.jpg?stp=dst-jpg_p720x720_tt6&_nc_cat=111&ccb=1-7&_nc_sid=833d8c&_nc_ohc=T2HxYdv4GegQ7kNvwE7e4xi&_nc_oc=Ado9LuPSumP-IjVAJuyahvLT4MjwTeFNyw-LeYJEoV1tceeTgcTloQW7_RuzTFJTq5E&_nc_zt=23&_nc_ht=scontent.fccu31-2.fna&edm=AKIiGfEEAAAA&_nc_gid=0PrDcyjr46WUg0DF5ixRXA&_nc_tpa=Q5bMBQGCBRXa_5ZPWQEcCFx3hxt2_CD8rKzGuR_Xmo5xtDg3JZLwmj-h_xHE7JKBqUbjV49BhOmWQpOjjg&oh=00_Af5FBZNdbRgilWUPwbBj5iog3rCH2uI4yi1uATAByjZb4A&oe=6A18D69B,https://scontent.fccu31-2.fna.fbcdn.net/v/t39.30808-6/475241151_1031306105707965_580801321720865683_n.jpg?stp=dst-jpg_p720x720_tt6&_nc_cat=111&ccb=1-7&_nc_sid=833d8c&_nc_ohc=T2HxYdv4GegQ7kNvwE7e4xi&_nc_oc=Ado9LuPSumP-IjVAJuyahvLT4MjwTeFNyw-LeYJEoV1tceeTgcTloQW7_RuzTFJTq5E&_nc_zt=23&_nc_ht=scontent.fccu31-2.fna&edm=AKIiGfEEAAAA&_nc_gid=0PrDcyjr46WUg0DF5ixRXA&_nc_tpa=Q5bMBQGoq0wLQJb626Qtoee04NyiuJlmpv2mYyXricogLVYZcIeg87-QYQC6-AMnc101d_zYjtPQU6b5Lw&oh=00_Af6r4DisMFA3jB9eNPMWzDPsU-Gg0b-bDn3r8R_sFQmgTQ&oe=6A18D69B,https://www.facebook.com/photo.php?fbid=452043420300906&set=a.448214567350458&type=3,963,720,photo,photo,"#BHARAT_BOOK_OF_RECORDS
 🇮🇳🏅🇮🇳🏅🇮🇳🏅🇮🇳🏅🇮🇳🏅🇮🇳🏅🇮🇳🏅🇮🇳🏅
Dancing for Vande Mataram song along with 1000'sof  dancers on the occasion of 75th Independance day to create a new record at Freedom Park Bengaluru for BHARAT BOOK OF RECORDS",https://www.facebook.com/1425872462917992/posts/452043436967571,"#BHARAT_BOOK_OF_RECORDS
 🇮🇳🏅🇮🇳🏅🇮🇳🏅🇮🇳🏅🇮🇳🏅🇮🇳🏅🇮🇳🏅🇮🇳🏅
Dancing for Vande Mataram song along with 1000'sof  dancers on the occasion of 75th Independance day to create a new record at Freedom Park Bengaluru for BHARAT BOOK OF RECORDS",TRUE,FALSE,FALSE,FALSE,FALSE,2022-09-07T16:28:07+0000
107248091187807_452043110300937,https://scontent.fccu31-1.fna.fbcdn.net/v/t39.30808-6/475157807_1031305975707978_5347085193752312379_n.jpg?stp=dst-jpg_p720x720_tt6&_nc_cat=110&ccb=1-7&_nc_sid=833d8c&_nc_ohc=WyNHFGPhppcQ7kNvwETXDDk&_nc_oc=Adrb5ujyta5V8jhHtgtnLey40ST-JVg89CCtL8BvmV3TXta_iCa0e3zVYYN8y44LpDw&_nc_zt=23&_nc_ht=scontent.fccu31-1.fna&edm=AKIiGfEEAAAA&_nc_gid=0PrDcyjr46WUg0DF5ixRXA&_nc_tpa=Q5bMBQFrKJ-h7fTJZZB8uHuM5J2DNMyvjSDK1XX9Yp6Et42lz1d84PcbXFGO4P3jyWY8YcSC3gCBxHWRuA&oh=00_Af7nVKdhav-6gr6rpCSakDFFyeK0CTgz2kzvoxMBr6LNHg&oe=6A18C6F5,https://scontent.fccu31-1.fna.fbcdn.net/v/t39.30808-6/475157807_1031305975707978_5347085193752312379_n.jpg?stp=dst-jpg_p720x720_tt6&_nc_cat=110&ccb=1-7&_nc_sid=833d8c&_nc_ohc=WyNHFGPhppcQ7kNvwETXDDk&_nc_oc=Adrb5ujyta5V8jhHtgtnLey40ST-JVg89CCtL8BvmV3TXta_iCa0e3zVYYN8y44LpDw&_nc_zt=23&_nc_ht=scontent.fccu31-1.fna&edm=AKIiGfEEAAAA&_nc_gid=0PrDcyjr46WUg0DF5ixRXA&_nc_tpa=Q5bMBQH1TCv4LOomN1wXUbXMxVcx63o47BdAyE-Qt9bYXrfX5hdtoLmDnHbxMaSY92N31kBSMk5GO-lO6Q&oh=00_Af5aIH4wvOc8Sb4yZHH_xCZxsSaBVLlSN1xdA9b0KchEaw&oe=6A18C6F5,https://www.facebook.com/photo.php?fbid=452043080300940&set=a.448214567350458&type=3,963,720,photo,photo,"#BHARAT_BOOK_OF_RECORDS
 🇮🇳🏅🇮🇳🏅🇮🇳🏅🇮🇳🏅🇮🇳🏅🇮🇳🏅🇮🇳🏅🇮🇳🏅
Dancing for Vande Mataram song along with 1000'sof  dancers on the occasion of 75th Independance day to create a new record at Freedom Park Bengaluru for BHARAT BOOK OF RECORDS",https://www.facebook.com/1425872462917992/posts/452043110300937,"#BHARAT_BOOK_OF_RECORDS
 🇮🇳🏅🇮🇳🏅🇮🇳🏅🇮🇳🏅🇮🇳🏅🇮🇳🏅🇮🇳🏅🇮🇳🏅
Dancing for Vande Mataram song along with 1000'sof  dancers on the occasion of 75th Independance day to create a new record at Freedom Park Bengaluru for BHARAT BOOK OF RECORDS",TRUE,FALSE,FALSE,FALSE,FALSE,2022-09-07T16:27:34+0000
107248091187807_452042846967630,https://scontent.fccu31-2.fna.fbcdn.net/v/t39.30808-6/475249577_1031306032374639_5255266376094292135_n.jpg?_nc_cat=109&ccb=1-7&_nc_sid=833d8c&_nc_ohc=G4GL5_yTw6UQ7kNvwFjfhjy&_nc_oc=AdqqE0JNTiPmCJHz3-8jsjVUVPWZ6ZZFNuTXLoTEks1kcpojVAiTDWTDxPmZCl1QubM&_nc_zt=23&_nc_ht=scontent.fccu31-2.fna&edm=AKIiGfEEAAAA&_nc_gid=0PrDcyjr46WUg0DF5ixRXA&_nc_tpa=Q5bMBQE5vTd6cO2Va4NdfCJNG_zUE9RzxPTmKzI9gZ-x8p-VAaJVMJ_aD5H5KYCaYmdkxCp5Whaxv4rG2w&oh=00_Af4cTewAesLgecokHhG8ql8yCgQF4J8xn43C6mT9zQ1dlw&oe=6A18C55E,https://scontent.fccu31-2.fna.fbcdn.net/v/t39.30808-6/475249577_1031306032374639_5255266376094292135_n.jpg?_nc_cat=109&ccb=1-7&_nc_sid=833d8c&_nc_ohc=G4GL5_yTw6UQ7kNvwFjfhjy&_nc_oc=AdqqE0JNTiPmCJHz3-8jsjVUVPWZ6ZZFNuTXLoTEks1kcpojVAiTDWTDxPmZCl1QubM&_nc_zt=23&_nc_ht=scontent.fccu31-2.fna&edm=AKIiGfEEAAAA&_nc_gid=0PrDcyjr46WUg0DF5ixRXA&_nc_tpa=Q5bMBQFgXoJsVtQYuo4XBA30p7LMVUKhELE9ONkZqiSEaWPePbJrUAkrQSZnTjI92bIVVUL698JERoLukQ&oh=00_Af5EfbjA4PhDIbCSkn4PMBu_8O0RHincLKNqiVVID-i6Wg&oe=6A18C55E,https://www.facebook.com/photo.php?fbid=452042820300966&set=a.448214567350458&type=3,1024,576,photo,photo,"#BHARAT_BOOK_OF_RECORDS
 🇮🇳🏅🇮🇳🏅🇮🇳🏅🇮🇳🏅🇮🇳🏅🇮🇳🏅🇮🇳🏅🇮🇳🏅",https://www.facebook.com/1425872462917992/posts/452042846967630,"#BHARAT_BOOK_OF_RECORDS
 🇮🇳🏅🇮🇳🏅🇮🇳🏅🇮🇳🏅🇮🇳🏅🇮🇳🏅🇮🇳🏅🇮🇳🏅",TRUE,FALSE,FALSE,FALSE,FALSE,2022-09-07T16:27:07+0000
107248091187807_452042466967668,https://scontent.fccu31-2.fna.fbcdn.net/v/t39.30808-6/475137198_1031305949041314_5608390634184083948_n.jpg?_nc_cat=108&ccb=1-7&_nc_sid=833d8c&_nc_ohc=tGSRGounAMAQ7kNvwGHULXA&_nc_oc=AdoNaPbAZHNB39VgfP7sHUo-kXEYkOmah9JZpRr1jDwkkIMr3lPMspLTur53fjKOEY0&_nc_zt=23&_nc_ht=scontent.fccu31-2.fna&edm=AKIiGfEEAAAA&_nc_gid=0PrDcyjr46WUg0DF5ixRXA&_nc_tpa=Q5bMBQHLf18puZ3oht7lwgFY-3XMg5vpvO0rAMxW_G115kW6eGORSGnoIIRuIdbUHrsz-BXkRaGF1gwTvA&oh=00_Af51ls5IX-_jkPJKmNF3mlQ8fQVZZbT54n7jiGj5_V_2mw&oe=6A18DA2F,https://scontent.fccu31-2.fna.fbcdn.net/v/t39.30808-6/475137198_1031305949041314_5608390634184083948_n.jpg?_nc_cat=108&ccb=1-7&_nc_sid=833d8c&_nc_ohc=tGSRGounAMAQ7kNvwGHULXA&_nc_oc=AdoNaPbAZHNB39VgfP7sHUo-kXEYkOmah9JZpRr1jDwkkIMr3lPMspLTur53fjKOEY0&_nc_zt=23&_nc_ht=scontent.fccu31-2.fna&edm=AKIiGfEEAAAA&_nc_gid=0PrDcyjr46WUg0DF5ixRXA&_nc_tpa=Q5bMBQHDDrUb5Sd8ViOQfb_GkQtxRp_k4Hs3hRIh2vnZqG9Dbk389I93xS_smyvF5N2EHLY1UAP6zWrSlg&oh=00_Af7eToDic5zbq7R48QN-MEBgfkaKVwq_gXE0I2gZswHwZw&oe=6A18DA2F,https://www.facebook.com/photo.php?fbid=452042450301003&set=a.448214567350458&type=3,1024,576,photo,photo,"#BHARAT_BOOK_OF_RECORDS
 🇮🇳🏅🇮🇳🏅🇮🇳🏅🇮🇳🏅🇮🇳🏅🇮🇳🏅🇮🇳🏅🇮🇳🏅
Dancing for Vande Mataram song along with 1000'sof  dancers on the occasion of 75th Independance day to create a new record at Freedom Park Bengaluru for BHARAT BOOK OF RECORDS",https://www.facebook.com/1425872462917992/posts/452042466967668,"#BHARAT_BOOK_OF_RECORDS
 🇮🇳🏅🇮🇳🏅🇮🇳🏅🇮🇳🏅🇮🇳🏅🇮🇳🏅🇮🇳🏅🇮🇳🏅
Dancing for Vande Mataram song along with 1000'sof  dancers on the occasion of 75th Independance day to create a new record at Freedom Park Bengaluru for BHARAT BOOK OF RECORDS",TRUE,FALSE,FALSE,FALSE,FALSE,2022-09-07T16:26:22+0000
107248091187807_452042070301041,https://scontent.fccu31-2.fna.fbcdn.net/v/t39.30808-6/475374298_1031306022374640_6787083908657849426_n.jpg?_nc_cat=108&ccb=1-7&_nc_sid=833d8c&_nc_ohc=k2Zof-wO7JAQ7kNvwHhOxre&_nc_oc=Adpc4cYTxNBMvqUkr_0OnMvilVZAfTYC12zgL7E5ots6gTSjW9eskcwtBA7221_8i7s&_nc_zt=23&_nc_ht=scontent.fccu31-2.fna&edm=AKIiGfEEAAAA&_nc_gid=0PrDcyjr46WUg0DF5ixRXA&_nc_tpa=Q5bMBQFHxL-aJVo8RTrWBByx80kvEfYAgyaUAUgqy-f1BCXWflkHFdaVKz9VU_jZLoBigK8Ea1FD8zjoZw&oh=00_Af7Ap07nlHxA-F_5Qrjbgfrs5wIt2fwxaOtmRcUSUxe-7g&oe=6A18C15E,https://scontent.fccu31-2.fna.fbcdn.net/v/t39.30808-6/475374298_1031306022374640_6787083908657849426_n.jpg?_nc_cat=108&ccb=1-7&_nc_sid=833d8c&_nc_ohc=k2Zof-wO7JAQ7kNvwHhOxre&_nc_oc=Adpc4cYTxNBMvqUkr_0OnMvilVZAfTYC12zgL7E5ots6gTSjW9eskcwtBA7221_8i7s&_nc_zt=23&_nc_ht=scontent.fccu31-2.fna&edm=AKIiGfEEAAAA&_nc_gid=0PrDcyjr46WUg0DF5ixRXA&_nc_tpa=Q5bMBQGepQAdBnP3plFdu4KDREauh9O7lxV8SsYFPjtsUMg78lPXDwpGF6WE8NIUfSdmD36fhHu_ritXVg&oh=00_Af4frCO8g22hZ5raIOZOiwegK4-J0JYNdANOlK45ER6HaQ&oe=6A18C15E,https://www.facebook.com/photo.php?fbid=452042050301043&set=a.448214567350458&type=3,1024,576,photo,photo,"#BHARAT_BOOK_OF_RECORDS
 🇮🇳🏅🇮🇳🏅🇮🇳🏅🇮🇳🏅🇮🇳🏅🇮🇳🏅🇮🇳🏅🇮🇳🏅
Dancing for Vande Mataram song along with 1000'sof  dancers on the occasion of 75th Independance day to create a new record at Freedom Park Bengaluru for BHARAT BOOK OF RECORDS",https://www.facebook.com/1425872462917992/posts/452042070301041,"#BHARAT_BOOK_OF_RECORDS
 🇮🇳🏅🇮🇳🏅🇮🇳🏅🇮🇳🏅🇮🇳🏅🇮🇳🏅🇮🇳🏅🇮🇳🏅
Dancing for Vande Mataram song along with 1000'sof  dancers on the occasion of 75th Independance day to create a new record at Freedom Park Bengaluru for BHARAT BOOK OF RECORDS",TRUE,FALSE,FALSE,FALSE,FALSE,2022-09-07T16:25:39+0000
107248091187807_452041623634419,https://scontent.fccu31-1.fna.fbcdn.net/v/t39.30808-6/475138486_1031306152374627_8341634603783902602_n.jpg?_nc_cat=105&ccb=1-7&_nc_sid=833d8c&_nc_ohc=pwlkltf-eFQQ7kNvwHf_c5P&_nc_oc=AdoMOHncck54l6NWKTeOJExuxZb5PRmv1pHFlk6BSpq-cRpo_G6XhBHifz5VpPgJFN0&_nc_zt=23&_nc_ht=scontent.fccu31-1.fna&edm=AKIiGfEEAAAA&_nc_gid=0PrDcyjr46WUg0DF5ixRXA&_nc_tpa=Q5bMBQFgUeIYiYgyCE4yInwN2GwbGRyfh0_GjDz4eSaKbnS15Dnj9GPpByrga0asxxxlsE56KznICzt3Dg&oh=00_Af6J4KuVYWWGpQYtIPV-iFlZMjBuUsHiqJM_sMjY9cf5mg&oe=6A18DD02,https://scontent.fccu31-1.fna.fbcdn.net/v/t39.30808-6/475138486_1031306152374627_8341634603783902602_n.jpg?_nc_cat=105&ccb=1-7&_nc_sid=833d8c&_nc_ohc=pwlkltf-eFQQ7kNvwHf_c5P&_nc_oc=AdoMOHncck54l6NWKTeOJExuxZb5PRmv1pHFlk6BSpq-cRpo_G6XhBHifz5VpPgJFN0&_nc_zt=23&_nc_ht=scontent.fccu31-1.fna&edm=AKIiGfEEAAAA&_nc_gid=0PrDcyjr46WUg0DF5ixRXA&_nc_tpa=Q5bMBQGzz1smEcnr-bFQDFYowyqul4NDgeikNE4xUx-4tIVYZn1okvFkJmhRwCQojDD84biuLVAFNODzpQ&oh=00_Af65xBQiZRE13oHmkWTcV4XZoVMlXkSRzmiR_7Vq0vw5Pw&oe=6A18DD02,https://www.facebook.com/photo.php?fbid=452041603634421&set=a.448214567350458&type=3,1024,576,photo,photo,"#BHARAT_BOOK_OF_RECORDS
 🇮🇳🏅🇮🇳🏅🇮🇳🏅🇮🇳🏅🇮🇳🏅🇮🇳🏅🇮🇳🏅🇮🇳🏅
Dancing for Vande Mataram song along with 1000'sof  dancers on the occasion of 75th Independance day to create a new record at Freedom Park Bengaluru for BHARAT BOOK OF RECORDS",https://www.facebook.com/1425872462917992/posts/452041623634419,"#BHARAT_BOOK_OF_RECORDS
 🇮🇳🏅🇮🇳🏅🇮🇳🏅🇮🇳🏅🇮🇳🏅🇮🇳🏅🇮🇳🏅🇮🇳🏅
Dancing for Vande Mataram song along with 1000'sof  dancers on the occasion of 75th Independance day to create a new record at Freedom Park Bengaluru for BHARAT BOOK OF RECORDS",TRUE,FALSE,FALSE,FALSE,FALSE,2022-09-07T16:24:43+0000
107248091187807_452039566967958,https://scontent.fccu3-1.fna.fbcdn.net/v/t39.30808-6/475397697_1031305802374662_5607964641771177363_n.jpg?_nc_cat=102&ccb=1-7&_nc_sid=833d8c&_nc_ohc=InTyscWdPWkQ7kNvwGsGFX0&_nc_oc=Adre4FI_GaSBXmhu6-zvlUzJuGRXakC3_xQg58FEMLNvyW8BLI2HHGrYGDN5rWRWO4A&_nc_zt=23&_nc_ht=scontent.fccu3-1.fna&edm=AKIiGfEEAAAA&_nc_gid=0PrDcyjr46WUg0DF5ixRXA&_nc_tpa=Q5bMBQEzbEcUAFfd94Gcsho_wiIeA6EmG9Ekn25mTk4GP_0pEqXOPLO668Rqu32D2tQCZ2XKfNOxTP1siw&oh=00_Af7gRf-1RsqSxNxfSf-iThD_AXUwxnIHdkuO1KNns86Stg&oe=6A18F207,https://scontent.fccu3-1.fna.fbcdn.net/v/t39.30808-6/475397697_1031305802374662_5607964641771177363_n.jpg?_nc_cat=102&ccb=1-7&_nc_sid=833d8c&_nc_ohc=InTyscWdPWkQ7kNvwGsGFX0&_nc_oc=Adre4FI_GaSBXmhu6-zvlUzJuGRXakC3_xQg58FEMLNvyW8BLI2HHGrYGDN5rWRWO4A&_nc_zt=23&_nc_ht=scontent.fccu3-1.fna&edm=AKIiGfEEAAAA&_nc_gid=0PrDcyjr46WUg0DF5ixRXA&_nc_tpa=Q5bMBQF1EMok3W9aY2JlIoG4PfutOPdEnFF80HY8IBvOy7XcFe8h1AT4HN115Kc83WSGCgFQmOcWRPTTFQ&oh=00_Af4N16pBZsI26bFSCnIVe7VSmr6DceoASGoUSKuEK6zE0A&oe=6A18F207,https://www.facebook.com/photo.php?fbid=452039543634627&set=a.448214567350458&type=3,1024,576,photo,photo,"#BHARAT_BOOK_OF_RECORDS
 🇮🇳🏅🇮🇳🏅🇮🇳🏅🇮🇳🏅🇮🇳🏅🇮🇳🏅🇮🇳🏅🇮🇳🏅
Dancing for Vande Mataram song along with 1000'sof  dancers on the occasion of 75th Independance day to create a new record at Freedom Park Bengaluru for BHARAT BOOK OF RECORDS",https://www.facebook.com/1425872462917992/posts/452039566967958,"#BHARAT_BOOK_OF_RECORDS
 🇮🇳🏅🇮🇳🏅🇮🇳🏅🇮🇳🏅🇮🇳🏅🇮🇳🏅🇮🇳🏅🇮🇳🏅
Dancing for Vande Mataram song along with 1000'sof  dancers on the occasion of 75th Independance day to create a new record at Freedom Park Bengaluru for BHARAT BOOK OF RECORDS",TRUE,FALSE,FALSE,FALSE,FALSE,2022-09-07T16:20:37+0000
107248091187807_452038916968023,https://scontent.fccu31-1.fna.fbcdn.net/v/t39.30808-6/475154772_1031305889041320_4046049102402093543_n.jpg?_nc_cat=105&ccb=1-7&_nc_sid=833d8c&_nc_ohc=v9ramZlLKhkQ7kNvwEpb4XP&_nc_oc=AdrIp_QfQNLL3VtEeQRGuJTWZUUX9vJUbpVVBDL8EiMMIKdJAYgWfwAWFtLzIwIMkqc&_nc_zt=23&_nc_ht=scontent.fccu31-1.fna&edm=AKIiGfEEAAAA&_nc_gid=0PrDcyjr46WUg0DF5ixRXA&_nc_tpa=Q5bMBQExPl9kSJNBdDAHEORbukhc8oryEzM3vdHQIIXZFibdpS6VwRh0yuXSBGcJy2DeNvNXNIVdOT6qWg&oh=00_Af6NQmA3S4yzZ0rWu6hrTlQf1EFL4FXPAT-oGA8nHjMmcw&oe=6A18D56E,https://scontent.fccu31-1.fna.fbcdn.net/v/t39.30808-6/475154772_1031305889041320_4046049102402093543_n.jpg?_nc_cat=105&ccb=1-7&_nc_sid=833d8c&_nc_ohc=v9ramZlLKhkQ7kNvwEpb4XP&_nc_oc=AdrIp_QfQNLL3VtEeQRGuJTWZUUX9vJUbpVVBDL8EiMMIKdJAYgWfwAWFtLzIwIMkqc&_nc_zt=23&_nc_ht=scontent.fccu31-1.fna&edm=AKIiGfEEAAAA&_nc_gid=0PrDcyjr46WUg0DF5ixRXA&_nc_tpa=Q5bMBQGGHWtzy2Dtk7Q5foRuO5UcK4KzR_0tEJk0s8K2zPOQj-eg-7NDSPqMprdi9eCSVp6kmmuL-ykDzg&oh=00_Af75dygH88D4LmrknbmCcLvGhB4Ty0sCpMKYC7YHlRaXBQ&oe=6A18D56E,https://www.facebook.com/photo.php?fbid=452038903634691&set=a.448214567350458&type=3,1024,576,photo,photo,"#BHARAT_BOOK_OF_RECORDS
 🇮🇳🏅🇮🇳🏅🇮🇳🏅🇮🇳🏅🇮🇳🏅🇮🇳🏅🇮🇳🏅🇮🇳🏅
Dancing for Vande Mataram song along with 1000'sof  dancers on the occasion of 75th Independance day to create a new record at Freedom Park Bengaluru for BHARAT BOOK OF RECORDS",https://www.facebook.com/1425872462917992/posts/452038916968023,"#BHARAT_BOOK_OF_RECORDS
 🇮🇳🏅🇮🇳🏅🇮🇳🏅🇮🇳🏅🇮🇳🏅🇮🇳🏅🇮🇳🏅🇮🇳🏅
Dancing for Vande Mataram song along with 1000'sof  dancers on the occasion of 75th Independance day to create a new record at Freedom Park Bengaluru for BHARAT BOOK OF RECORDS",TRUE,FALSE,FALSE,FALSE,FALSE,2022-09-07T16:19:27+0000
107248091187807_452038140301434,https://scontent.fccu31-1.fna.fbcdn.net/v/t39.30808-6/475361138_1031306035707972_8448392423984840121_n.jpg?_nc_cat=100&ccb=1-7&_nc_sid=833d8c&_nc_ohc=YcShsOfHXb4Q7kNvwEyTMsB&_nc_oc=Adq60VaQgr_GGWsWFrlA8FzqRvTBb3APYggmB_Hn06TRIiRWZJ5WrPju8JBhVIPo1lE&_nc_zt=23&_nc_ht=scontent.fccu31-1.fna&edm=AKIiGfEEAAAA&_nc_gid=FwtDCHaWkOcgjpOKwBZ2sw&_nc_tpa=Q5bMBQG_4FeVwpfWt9xONBi3u9mk4R3fpRh9puU2cwFj9P1m0mrqDOL-i4Pg9ItuAgbDvU4E7VrrzV1f8w&oh=00_Af4JEsu63SVCkRFtBHub3mssTzxXlq6UWetiM2XsrOlyAg&oe=6A18CDCA,https://scontent.fccu31-1.fna.fbcdn.net/v/t39.30808-6/475361138_1031306035707972_8448392423984840121_n.jpg?_nc_cat=100&ccb=1-7&_nc_sid=833d8c&_nc_ohc=YcShsOfHXb4Q7kNvwEyTMsB&_nc_oc=Adq60VaQgr_GGWsWFrlA8FzqRvTBb3APYggmB_Hn06TRIiRWZJ5WrPju8JBhVIPo1lE&_nc_zt=23&_nc_ht=scontent.fccu31-1.fna&edm=AKIiGfEEAAAA&_nc_gid=FwtDCHaWkOcgjpOKwBZ2sw&_nc_tpa=Q5bMBQGjGv_qYszPWoOuIwy0E-hubWplKoFh7EkHcnP2ryTOsyGv2MoJuxXqfGhECU7vUJS0GEku42NN1A&oh=00_Af63VdrAWIe2LEYYGTbdKFpqzXr4zwvG3-sWl-Zwe8ygkg&oe=6A18CDCA,https://www.facebook.com/photo.php?fbid=452038120301436&set=a.448214567350458&type=3,1024,576,photo,photo,"#BHARAT_BOOK_OF_RECORDS
 🇮🇳🏅🇮🇳🏅🇮🇳🏅🇮🇳🏅🇮🇳🏅🇮🇳🏅🇮🇳🏅🇮🇳🏅
Dancing for Vande Mataram song along with 1000'sof  dancers on the occasion of 75th Independance day to create a new record at Freedom Park Bengaluru for BHARAT BOOK OF RECORDS",https://www.facebook.com/1425872462917992/posts/452038140301434,"#BHARAT_BOOK_OF_RECORDS
 🇮🇳🏅🇮🇳🏅🇮🇳🏅🇮🇳🏅🇮🇳🏅🇮🇳🏅🇮🇳🏅🇮🇳🏅
Dancing for Vande Mataram song along with 1000'sof  dancers on the occasion of 75th Independance day to create a new record at Freedom Park Bengaluru for BHARAT BOOK OF RECORDS",TRUE,FALSE,FALSE,FALSE,FALSE,2022-09-07T16:18:16+0000
107248091187807_452037503634831,https://scontent.fccu31-2.fna.fbcdn.net/v/t39.30808-6/475138486_1031305942374648_6735550566912688850_n.jpg?_nc_cat=103&ccb=1-7&_nc_sid=833d8c&_nc_ohc=60SpG3kQvjEQ7kNvwGZl9F3&_nc_oc=AdrirIxtPtJwcsECUqw1sQoAsd39fcgemT47r1wKON0RbOMdxtPXjdLg5uCVQPgoSkU&_nc_zt=23&_nc_ht=scontent.fccu31-2.fna&edm=AKIiGfEEAAAA&_nc_gid=FwtDCHaWkOcgjpOKwBZ2sw&_nc_tpa=Q5bMBQEy-l5y88YcLG2ub4tD2BYs9EKn7oJ-1ep51KbZOekXjsBldXA4o5JJU89SfadUBReaXQuMWdI9yw&oh=00_Af6x4CsfBvCqfWNK3VdvgtVLsIaOFbjMXowpNP68Ix1p4g&oe=6A18D955,https://scontent.fccu31-2.fna.fbcdn.net/v/t39.30808-6/475138486_1031305942374648_6735550566912688850_n.jpg?_nc_cat=103&ccb=1-7&_nc_sid=833d8c&_nc_ohc=60SpG3kQvjEQ7kNvwGZl9F3&_nc_oc=AdrirIxtPtJwcsECUqw1sQoAsd39fcgemT47r1wKON0RbOMdxtPXjdLg5uCVQPgoSkU&_nc_zt=23&_nc_ht=scontent.fccu31-2.fna&edm=AKIiGfEEAAAA&_nc_gid=FwtDCHaWkOcgjpOKwBZ2sw&_nc_tpa=Q5bMBQEcJn5rOHo7CmY3eSCSkROMsQ7eZNWAV536KgWM09vxgEl5xWhHAz7gEtShHHW5iwCXULm6tBM-fg&oh=00_Af7eVg_C1bzaC3KMo9QFjTurRjyG7YAuidZn70AZ6W3BBA&oe=6A18D955,https://www.facebook.com/photo.php?fbid=452037486968166&set=a.448214567350458&type=3,1024,576,photo,photo,"#BHARAT_BOOK_OF_RECORDS
 🇮🇳🏅🇮🇳🏅🇮🇳🏅🇮🇳🏅🇮🇳🏅🇮🇳🏅🇮🇳🏅🇮🇳🏅
Dancing for Vande Mataram song along with 1000'sof  dancers on the occasion of 75th Independance day to create a new record at Freedom Park Bengaluru for BHARAT BOOK OF RECORDS",https://www.facebook.com/1425872462917992/posts/452037503634831,"#BHARAT_BOOK_OF_RECORDS
 🇮🇳🏅🇮🇳🏅🇮🇳🏅🇮🇳🏅🇮🇳🏅🇮🇳🏅🇮🇳🏅🇮🇳🏅
Dancing for Vande Mataram song along with 1000'sof  dancers on the occasion of 75th Independance day to create a new record at Freedom Park Bengaluru for BHARAT BOOK OF RECORDS",TRUE,FALSE,FALSE,FALSE,FALSE,2022-09-07T16:16:57+0000
107248091187807_452037113634870,https://scontent.fccu31-1.fna.fbcdn.net/v/t39.30808-6/475156593_1031306019041307_5356104944756123675_n.jpg?_nc_cat=110&ccb=1-7&_nc_sid=833d8c&_nc_ohc=2cPSvpgAZjUQ7kNvwEfAti-&_nc_oc=AdqC_1mwXB0uMCuud-Jg3R-gQozpW5t2mxDS1jbdpllnh4DWwJcURMlHvPi3rmVs2W0&_nc_zt=23&_nc_ht=scontent.fccu31-1.fna&edm=AKIiGfEEAAAA&_nc_gid=FwtDCHaWkOcgjpOKwBZ2sw&_nc_tpa=Q5bMBQFG5fTtKUvYB1Q5NmuX2dLV4XfxQH1JQx4t2flBkTvXoqBZ_FMdud2bZKZI7nzzxGs2nmPqvzpF0Q&oh=00_Af7f2IiTS073GYl90yj3X6-rsQvc4tN1kDfY33Jka7IoyQ&oe=6A18DB77,https://scontent.fccu31-1.fna.fbcdn.net/v/t39.30808-6/475156593_1031306019041307_5356104944756123675_n.jpg?_nc_cat=110&ccb=1-7&_nc_sid=833d8c&_nc_ohc=2cPSvpgAZjUQ7kNvwEfAti-&_nc_oc=AdqC_1mwXB0uMCuud-Jg3R-gQozpW5t2mxDS1jbdpllnh4DWwJcURMlHvPi3rmVs2W0&_nc_zt=23&_nc_ht=scontent.fccu31-1.fna&edm=AKIiGfEEAAAA&_nc_gid=FwtDCHaWkOcgjpOKwBZ2sw&_nc_tpa=Q5bMBQF69nQ-g-E9zvnsPEwn3QK7Fs8s6W7FLKGsOj8Ofpv_n4Tnv4bJGdt7iiI2WIFRzj48hMjp3AkLog&oh=00_Af6b8fJniQjqwJYewbGHzjHqYqFeazZAt_BMFC-h0LT6aA&oe=6A18DB77,https://www.facebook.com/photo.php?fbid=452037083634873&set=a.448214567350458&type=3,1024,576,photo,photo,"#BHARAT_BOOK_OF_RECORDS
 🇮🇳🏅🇮🇳🏅🇮🇳🏅🇮🇳🏅🇮🇳🏅🇮🇳🏅🇮🇳🏅🇮🇳🏅
Dancing for Vande Mataram song along with 1000'sof  dancers on the occasion of 75th Independance day to create a new record at Freedom Park Bengaluru for BHARAT BOOK OF RECORDS",https://www.facebook.com/1425872462917992/posts/452037113634870,"#BHARAT_BOOK_OF_RECORDS
 🇮🇳🏅🇮🇳🏅🇮🇳🏅🇮🇳🏅🇮🇳🏅🇮🇳🏅🇮🇳🏅🇮🇳🏅
Dancing for Vande Mataram song along with 1000'sof  dancers on the occasion of 75th Independance day to create a new record at Freedom Park Bengaluru for BHARAT BOOK OF RECORDS",TRUE,FALSE,FALSE,FALSE,FALSE,2022-09-07T16:16:11+0000
107248091187807_452036846968230,https://scontent.fccu31-1.fna.fbcdn.net/v/t39.30808-6/475136582_1031305809041328_7719083735345687709_n.jpg?_nc_cat=100&ccb=1-7&_nc_sid=833d8c&_nc_ohc=QrLeeA_wL5EQ7kNvwFGwJuL&_nc_oc=AdpJykz5lb981cmDrKhmJ2GyYo5NgEyxaT7gtzQ9R4UisWgCptIJtJftF9t4izHVoBg&_nc_zt=23&_nc_ht=scontent.fccu31-1.fna&edm=AKIiGfEEAAAA&_nc_gid=FwtDCHaWkOcgjpOKwBZ2sw&_nc_tpa=Q5bMBQGR10777BqrBWfYJxGHBbjh8rqxBnqS94MOdyD508iF8yu8y0-chpe_aafjCIc7GOtPJJHCZJTA9g&oh=00_Af6QvndC0CjPC8K8zteGDZrFBJK7jW7RmzYvDbuYmtA_GQ&oe=6A18D58B,https://scontent.fccu31-1.fna.fbcdn.net/v/t39.30808-6/475136582_1031305809041328_7719083735345687709_n.jpg?_nc_cat=100&ccb=1-7&_nc_sid=833d8c&_nc_ohc=QrLeeA_wL5EQ7kNvwFGwJuL&_nc_oc=AdpJykz5lb981cmDrKhmJ2GyYo5NgEyxaT7gtzQ9R4UisWgCptIJtJftF9t4izHVoBg&_nc_zt=23&_nc_ht=scontent.fccu31-1.fna&edm=AKIiGfEEAAAA&_nc_gid=FwtDCHaWkOcgjpOKwBZ2sw&_nc_tpa=Q5bMBQGx6FAD0eNFlk713_Nc_QuW-1XqDRK8tAXXOe8Cs7PgAlj1l2sfQVy1lXnfbwR4fvpGtyXn0wmdzA&oh=00_Af6BM8Oe-JbXUhQ81xIFU-3jdXsb7NL1hP3Y-IOrYc-82g&oe=6A18D58B,https://www.facebook.com/photo.php?fbid=452036823634899&set=a.448214567350458&type=3,1024,576,photo,photo,"#BHARAT_BOOK_OF_RECORDS
 🇮🇳🏅🇮🇳🏅🇮🇳🏅🇮🇳🏅🇮🇳🏅🇮🇳🏅🇮🇳🏅🇮🇳🏅
Dancing for Vande Mataram song along with 1000'sof  dancers on the occasion of 75th Independance day to create a new record at Freedom Park Bengaluru for BHARAT BOOK OF RECORDS",https://www.facebook.com/1425872462917992/posts/452036846968230,"#BHARAT_BOOK_OF_RECORDS
 🇮🇳🏅🇮🇳🏅🇮🇳🏅🇮🇳🏅🇮🇳🏅🇮🇳🏅🇮🇳🏅🇮🇳🏅
Dancing for Vande Mataram song along with 1000'sof  dancers on the occasion of 75th Independance day to create a new record at Freedom Park Bengaluru for BHARAT BOOK OF RECORDS",TRUE,FALSE,FALSE,FALSE,FALSE,2022-09-07T16:15:39+0000
107248091187807_452036563634925,https://scontent.fccu3-1.fna.fbcdn.net/v/t39.30808-6/475139140_1031306102374632_4892944676753422284_n.jpg?_nc_cat=101&ccb=1-7&_nc_sid=833d8c&_nc_ohc=MC2QTmi_z4IQ7kNvwEYsa6_&_nc_oc=AdoMgnBsijbO7nAZz3ielhN1T3khwqmrT5DDS_bu6J08st0cjxvnSxq2oV74-B6GP9w&_nc_zt=23&_nc_ht=scontent.fccu3-1.fna&edm=AKIiGfEEAAAA&_nc_gid=FwtDCHaWkOcgjpOKwBZ2sw&_nc_tpa=Q5bMBQEJadWFMM8ceTLhtfga-t4BYz16JG3Wl3ZbQ4CQ7yul007FXsCnqixYvk1yHmUuW3VKjEv71nKD4Q&oh=00_Af6Zl1YH32MGpYc38HqSeRJUiluZq7h_JO4uKdmFMqZn9A&oe=6A18E03A,https://scontent.fccu3-1.fna.fbcdn.net/v/t39.30808-6/475139140_1031306102374632_4892944676753422284_n.jpg?_nc_cat=101&ccb=1-7&_nc_sid=833d8c&_nc_ohc=MC2QTmi_z4IQ7kNvwEYsa6_&_nc_oc=AdoMgnBsijbO7nAZz3ielhN1T3khwqmrT5DDS_bu6J08st0cjxvnSxq2oV74-B6GP9w&_nc_zt=23&_nc_ht=scontent.fccu3-1.fna&edm=AKIiGfEEAAAA&_nc_gid=FwtDCHaWkOcgjpOKwBZ2sw&_nc_tpa=Q5bMBQHFbcZrCiQGoefXVCUZFHohSLH2pwz3TKLZ5AKP73eh8KYkDZfVo60lKPk6kdlpp7cXfryFOG78fg&oh=00_Af7jenGVzHE-c-QUOcJl7zGiyolqV9LME4AMpbnGA-RX1w&oe=6A18E03A,https://www.facebook.com/photo.php?fbid=452036546968260&set=a.448214567350458&type=3,1024,576,photo,photo,"#BHARAT_BOOK_OF_RECORDS
 🇮🇳🏅🇮🇳🏅🇮🇳🏅🇮🇳🏅🇮🇳🏅🇮🇳🏅🇮🇳🏅🇮🇳🏅
Dancing for Vande Mataram song along with 1000'sof  dancers on the occasion of 75th Independance day to create a new record at Freedom Park Bengaluru for BHARAT BOOK OF RECORDS",https://www.facebook.com/1425872462917992/posts/452036563634925,"#BHARAT_BOOK_OF_RECORDS
 🇮🇳🏅🇮🇳🏅🇮🇳🏅🇮🇳🏅🇮🇳🏅🇮🇳🏅🇮🇳🏅🇮🇳🏅
Dancing for Vande Mataram song along with 1000'sof  dancers on the occasion of 75th Independance day to create a new record at Freedom Park Bengaluru for BHARAT BOOK OF RECORDS",TRUE,FALSE,FALSE,FALSE,FALSE,2022-09-07T16:15:10+0000
107248091187807_452036230301625,https://scontent.fccu31-2.fna.fbcdn.net/v/t39.30808-6/474927863_1031305789041330_8166344323315239621_n.jpg?stp=dst-jpg_s960x960_tt6&_nc_cat=108&ccb=1-7&_nc_sid=833d8c&_nc_ohc=kbtDAtMJGGMQ7kNvwEFtgj4&_nc_oc=Adqrn_AVvMehBa8Cu-Dz9SnTFFcs3plDnA52qX3i3UzeeBGZb5j4vaSJwElVzaRaU5o&_nc_zt=23&_nc_ht=scontent.fccu31-2.fna&edm=AKIiGfEEAAAA&_nc_gid=FwtDCHaWkOcgjpOKwBZ2sw&_nc_tpa=Q5bMBQGDBEsH8nhmSJqdJ2R5vsKxzDEmJz3IIdKRfs8k5847_fIc5L3v3-ONHBrnFWD0_jY117xoLEhH9A&oh=00_Af73G18VzqeuIaDQeExkSdSmr7B5n_SebArYOfTxrQVWDA&oe=6A18D811,https://scontent.fccu31-2.fna.fbcdn.net/v/t39.30808-6/474927863_1031305789041330_8166344323315239621_n.jpg?stp=dst-jpg_s960x960_tt6&_nc_cat=108&ccb=1-7&_nc_sid=833d8c&_nc_ohc=kbtDAtMJGGMQ7kNvwEFtgj4&_nc_oc=Adqrn_AVvMehBa8Cu-Dz9SnTFFcs3plDnA52qX3i3UzeeBGZb5j4vaSJwElVzaRaU5o&_nc_zt=23&_nc_ht=scontent.fccu31-2.fna&edm=AKIiGfEEAAAA&_nc_gid=FwtDCHaWkOcgjpOKwBZ2sw&_nc_tpa=Q5bMBQHHZk0pnwMAdVCASJ3ZYW78siyUshhIp_FjVtCYr42DSepMQcmZ82q08l_h8E7C_tFosxL3lyAzhA&oh=00_Af6A0oDki1CMaQdrta_UWjV64nx2dzrcTpn8zC_u6LU8oQ&oe=6A18D811,https://www.facebook.com/photo.php?fbid=452036210301627&set=a.448214567350458&type=3,960,720,photo,photo,"#BHARAT_BOOK_OF_RECORDS
 🇮🇳🏅🇮🇳🏅🇮🇳🏅🇮🇳🏅🇮🇳🏅🇮🇳🏅🇮🇳🏅🇮🇳🏅
Dancing for Vande Mataram song along with 1000'sof  dancers on the occasion of 75th Independance day to create a new record at Freedom Park Bengaluru for BHARAT BOOK OF RECORDS",https://www.facebook.com/1425872462917992/posts/452036230301625,"#BHARAT_BOOK_OF_RECORDS
 🇮🇳🏅🇮🇳🏅🇮🇳🏅🇮🇳🏅🇮🇳🏅🇮🇳🏅🇮🇳🏅🇮🇳🏅
Dancing for Vande Mataram song along with 1000'sof  dancers on the occasion of 75th Independance day to create a new record at Freedom Park Bengaluru for BHARAT BOOK OF RECORDS",TRUE,FALSE,FALSE,FALSE,FALSE,2022-09-07T16:14:36+0000
107248091187807_452035880301660,https://scontent.fccu3-1.fna.fbcdn.net/v/t39.30808-6/475171238_1031305775707998_8027749622141909989_n.jpg?stp=dst-jpg_s960x960_tt6&_nc_cat=101&ccb=1-7&_nc_sid=833d8c&_nc_ohc=IfdjswZZu98Q7kNvwFK9Yx6&_nc_oc=AdpsGCbrNoUJd9j8oFJCvlqhgSc3R7Obe0_3ubPqZjYq_ne8fitTQ0800rNIQA0jWRk&_nc_zt=23&_nc_ht=scontent.fccu3-1.fna&edm=AKIiGfEEAAAA&_nc_gid=FwtDCHaWkOcgjpOKwBZ2sw&_nc_tpa=Q5bMBQG9qViLmMCE3rWsfGUTlwFXTTbqaDQELQ4WvAHtloormXpVJCmJTj08N6gISRc1hO5LvH60ntUeMQ&oh=00_Af75hJ2UCwJ7_FHQBwUY-TVN5J3Kjo-CHA23YzFlTFgiFA&oe=6A18C811,https://scontent.fccu3-1.fna.fbcdn.net/v/t39.30808-6/475171238_1031305775707998_8027749622141909989_n.jpg?stp=dst-jpg_s960x960_tt6&_nc_cat=101&ccb=1-7&_nc_sid=833d8c&_nc_ohc=IfdjswZZu98Q7kNvwFK9Yx6&_nc_oc=AdpsGCbrNoUJd9j8oFJCvlqhgSc3R7Obe0_3ubPqZjYq_ne8fitTQ0800rNIQA0jWRk&_nc_zt=23&_nc_ht=scontent.fccu3-1.fna&edm=AKIiGfEEAAAA&_nc_gid=FwtDCHaWkOcgjpOKwBZ2sw&_nc_tpa=Q5bMBQHWnKXTve5yiRH-cyt8Z2i5QdNUwPNatskFD9kTQpF--gp9z6KPny1ToXoXunYSUzUMwgW1Jyv6lA&oh=00_Af7t9lN5MnNsWZmgYCdmQ6MG9nSXvHWsTZSVxUfyD5GJAA&oe=6A18C811,https://www.facebook.com/photo.php?fbid=452035853634996&set=a.448214567350458&type=3,960,720,photo,photo,"#BHARAT_BOOK_OF_RECORDS
 🇮🇳🏅🇮🇳🏅🇮🇳🏅🇮🇳🏅🇮🇳🏅🇮🇳🏅🇮🇳🏅🇮🇳🏅
Dancing for Vande Mataram song along with 1000'sof  dancers on the occasion of 75th Independance day to create a new record at Freedom Park Bengaluru for BHARAT BOOK OF RECORDS",https://www.facebook.com/1425872462917992/posts/452035880301660,"#BHARAT_BOOK_OF_RECORDS
 🇮🇳🏅🇮🇳🏅🇮🇳🏅🇮🇳🏅🇮🇳🏅🇮🇳🏅🇮🇳🏅🇮🇳🏅
Dancing for Vande Mataram song along with 1000'sof  dancers on the occasion of 75th Independance day to create a new record at Freedom Park Bengaluru for BHARAT BOOK OF RECORDS",TRUE,FALSE,FALSE,FALSE,FALSE,2022-09-07T16:14:06+0000
107248091187807_452035423635039,https://scontent.fccu3-1.fna.fbcdn.net/v/t39.30808-6/475085640_1031305752374667_4843898830703947263_n.jpg?stp=dst-jpg_s960x960_tt6&_nc_cat=102&ccb=1-7&_nc_sid=833d8c&_nc_ohc=0F-F46rNX4IQ7kNvwGUyZbj&_nc_oc=AdpB0x9inbDB0SEn81bVvFzp2QMDrwWTSecBE6LqNokbwg8UhOR-EHO5p_tXR45Frns&_nc_zt=23&_nc_ht=scontent.fccu3-1.fna&edm=AKIiGfEEAAAA&_nc_gid=FwtDCHaWkOcgjpOKwBZ2sw&_nc_tpa=Q5bMBQG8z5NH9b9E89_IJReQ3usvL0dlyWRBSra-PknE4XwC1Le4HsZYqE57rRW5LmXhX0BCF7QpMa7LLw&oh=00_Af6Rknfji_tBdw7t6db12tESfErNhWH_PWf0-Uu4e398xg&oe=6A18F18A,https://scontent.fccu3-1.fna.fbcdn.net/v/t39.30808-6/475085640_1031305752374667_4843898830703947263_n.jpg?stp=dst-jpg_s960x960_tt6&_nc_cat=102&ccb=1-7&_nc_sid=833d8c&_nc_ohc=0F-F46rNX4IQ7kNvwGUyZbj&_nc_oc=AdpB0x9inbDB0SEn81bVvFzp2QMDrwWTSecBE6LqNokbwg8UhOR-EHO5p_tXR45Frns&_nc_zt=23&_nc_ht=scontent.fccu3-1.fna&edm=AKIiGfEEAAAA&_nc_gid=FwtDCHaWkOcgjpOKwBZ2sw&_nc_tpa=Q5bMBQHAUmFotvsIuLVY113vArPSsMCCxuoli5pThwxwFqau0js-SsG1-2s4OBg0PZJTIhp2zLuxqhCIwg&oh=00_Af5dYluH1_s-HDk-Oc96swW8pJhA2WY8mqqpbQp2rVy91Q&oe=6A18F18A,https://www.facebook.com/photo.php?fbid=452035390301709&set=a.448214567350458&type=3,960,720,photo,photo,"#BHARAT_BOOK_OF_RECORDS
 🇮🇳🏅🇮🇳🏅🇮🇳🏅🇮🇳🏅🇮🇳🏅🇮🇳🏅🇮🇳🏅🇮🇳🏅
Dancing for Vande Mataram song along with 1000'sof  dancers on the occasion of 75th Independance day to create a new record at Freedom Park Bengaluru for BHARAT BOOK OF RECORDS",https://www.facebook.com/1425872462917992/posts/452035423635039,"#BHARAT_BOOK_OF_RECORDS
 🇮🇳🏅🇮🇳🏅🇮🇳🏅🇮🇳🏅🇮🇳🏅🇮🇳🏅🇮🇳🏅🇮🇳🏅
Dancing for Vande Mataram song along with 1000'sof  dancers on the occasion of 75th Independance day to create a new record at Freedom Park Bengaluru for BHARAT BOOK OF RECORDS",TRUE,FALSE,FALSE,FALSE,FALSE,2022-09-07T16:13:43+0000
107248091187807_452034756968439,https://scontent.fccu3-1.fna.fbcdn.net/v/t39.30808-6/475138190_1031305759041333_7796258221481761515_n.jpg?stp=dst-jpg_s960x960_tt6&_nc_cat=102&ccb=1-7&_nc_sid=833d8c&_nc_ohc=FxjTsHUDwbEQ7kNvwFU23ET&_nc_oc=Adryc_moA0qNemBDy3GZ_zmICGGinnRNJnYLPL7hBRjB1VXKKcwa8FjYCJNVOMs6XJ4&_nc_zt=23&_nc_ht=scontent.fccu3-1.fna&edm=AKIiGfEEAAAA&_nc_gid=FwtDCHaWkOcgjpOKwBZ2sw&_nc_tpa=Q5bMBQFCmccwGqoQxgZ-f7cE3xt0oE42IVw8eXjs5llcWtBnVVHaTzJytTg-B6KeiJYyDBgXpZMAufqN_w&oh=00_Af4A1Jy0l9HCq5-Cw2m5RyAQmbAQt6i9trcmfrsWOf9ejQ&oe=6A18DF25,https://scontent.fccu3-1.fna.fbcdn.net/v/t39.30808-6/475138190_1031305759041333_7796258221481761515_n.jpg?stp=dst-jpg_s960x960_tt6&_nc_cat=102&ccb=1-7&_nc_sid=833d8c&_nc_ohc=FxjTsHUDwbEQ7kNvwFU23ET&_nc_oc=Adryc_moA0qNemBDy3GZ_zmICGGinnRNJnYLPL7hBRjB1VXKKcwa8FjYCJNVOMs6XJ4&_nc_zt=23&_nc_ht=scontent.fccu3-1.fna&edm=AKIiGfEEAAAA&_nc_gid=FwtDCHaWkOcgjpOKwBZ2sw&_nc_tpa=Q5bMBQHrGZ3nX1OvnLP7t5c9zs8Hy-Bn0Rg631FftxWFx14d1oSIy34Tw-Y36yj6wPO4SKSBbyJzaH35MA&oh=00_Af7eDt-JolbYn6fC212PySzmozGPn_I_bjwNujGu3LmQvw&oe=6A18DF25,https://www.facebook.com/photo.php?fbid=452034743635107&set=a.448214567350458&type=3,960,720,photo,photo,"#BHARAT_BOOK_OF_RECORDS
 🇮🇳🏅🇮🇳🏅🇮🇳🏅🇮🇳🏅🇮🇳🏅🇮🇳🏅🇮🇳🏅🇮🇳🏅
Dancing for Vande Mataram song along with 1000'sof  dancers on the occasion of 75th Independance day to create a new record at Freedom Park Bengaluru for BHARAT BOOK OF RECORDS",https://www.facebook.com/1425872462917992/posts/452034756968439,"#BHARAT_BOOK_OF_RECORDS
 🇮🇳🏅🇮🇳🏅🇮🇳🏅🇮🇳🏅🇮🇳🏅🇮🇳🏅🇮🇳🏅🇮🇳🏅
Dancing for Vande Mataram song along with 1000'sof  dancers on the occasion of 75th Independance day to create a new record at Freedom Park Bengaluru for BHARAT BOOK OF RECORDS",TRUE,FALSE,FALSE,FALSE,FALSE,2022-09-07T16:13:12+0000
107248091187807_452034143635167,https://scontent.fccu31-2.fna.fbcdn.net/v/t39.30808-6/475323353_1031305879041321_4090916687487966765_n.jpg?stp=dst-jpg_s960x960_tt6&_nc_cat=109&ccb=1-7&_nc_sid=833d8c&_nc_ohc=yPB9R1Ebk_AQ7kNvwFneztL&_nc_oc=Adrihm3AtnQ8MebJ7ur0FI8qAHMrF2r5Ocz3c23ht9F_uu94GRpE5spYAUgukGtcmPY&_nc_zt=23&_nc_ht=scontent.fccu31-2.fna&edm=AKIiGfEEAAAA&_nc_gid=FwtDCHaWkOcgjpOKwBZ2sw&_nc_tpa=Q5bMBQFVAerfV4fLRvxdIJ-NTf9GUNISpVXaXFdZhP-N4nXRy0dVsf10hqkiwHJT2oPZltrRgjcjZOEEXA&oh=00_Af6J9yUAQ5pOI4clmmn_sbU2TQppACJTSm0BVZTpxTO8Wg&oe=6A18E564,https://scontent.fccu31-2.fna.fbcdn.net/v/t39.30808-6/475323353_1031305879041321_4090916687487966765_n.jpg?stp=dst-jpg_s960x960_tt6&_nc_cat=109&ccb=1-7&_nc_sid=833d8c&_nc_ohc=yPB9R1Ebk_AQ7kNvwFneztL&_nc_oc=Adrihm3AtnQ8MebJ7ur0FI8qAHMrF2r5Ocz3c23ht9F_uu94GRpE5spYAUgukGtcmPY&_nc_zt=23&_nc_ht=scontent.fccu31-2.fna&edm=AKIiGfEEAAAA&_nc_gid=FwtDCHaWkOcgjpOKwBZ2sw&_nc_tpa=Q5bMBQFebi-AgUDXSJc2oJENzSnERyeW-yAtNCcqVTzdcn-t9Mqq-YAPUERGJygg8RGsf9Lm8QoY3o5gVQ&oh=00_Af66bkeP4n5GBLDSoFg1iprb54M6HNS-PAoprV8HtjlDZA&oe=6A18E564,https://www.facebook.com/photo.php?fbid=452034123635169&set=a.448214567350458&type=3,960,720,photo,photo,"#BHARAT_BOOK_OF_RECORDS
 🇮🇳🏅🇮🇳🏅🇮🇳🏅🇮🇳🏅🇮🇳🏅🇮🇳🏅🇮🇳🏅🇮🇳🏅
Dancing for Vande Mataram song along with 1000'sof  dancers on the occasion of 75th Independance day to create a new record at Freedom Park Bengaluru for BHARAT BOOK OF RECORDS",https://www.facebook.com/1425872462917992/posts/452034143635167,"#BHARAT_BOOK_OF_RECORDS
 🇮🇳🏅🇮🇳🏅🇮🇳🏅🇮🇳🏅🇮🇳🏅🇮🇳🏅🇮🇳🏅🇮🇳🏅
Dancing for Vande Mataram song along with 1000'sof  dancers on the occasion of 75th Independance day to create a new record at Freedom Park Bengaluru for BHARAT BOOK OF RECORDS",TRUE,FALSE,FALSE,FALSE,FALSE,2022-09-07T16:12:19+0000
107248091187807_452033616968553,https://scontent.fccu31-2.fna.fbcdn.net/v/t39.30808-6/475381017_1031306049041304_3432617065921129032_n.jpg?stp=dst-jpg_s960x960_tt6&_nc_cat=103&ccb=1-7&_nc_sid=833d8c&_nc_ohc=btzBIoTJNoQQ7kNvwHF6gdb&_nc_oc=AdpwvLflPQILYCSumeds-MMdh85phO2eIPEywGQRRZ2gDub1rsX98GbtfoAuGdYTC2o&_nc_zt=23&_nc_ht=scontent.fccu31-2.fna&edm=AKIiGfEEAAAA&_nc_gid=FwtDCHaWkOcgjpOKwBZ2sw&_nc_tpa=Q5bMBQEn1qz51pf7Q6p5i7JLjybNl2QTmjv6fnRAcm2WINxJFdsR2Lw5vPDZyFEU_0iKABPRIjxX_RgOxw&oh=00_Af7QQypbEO5IftsitAissPG8VOcKgTnnWOHifIoEyayJBA&oe=6A18BEC8,https://scontent.fccu31-2.fna.fbcdn.net/v/t39.30808-6/475381017_1031306049041304_3432617065921129032_n.jpg?stp=dst-jpg_s960x960_tt6&_nc_cat=103&ccb=1-7&_nc_sid=833d8c&_nc_ohc=btzBIoTJNoQQ7kNvwHF6gdb&_nc_oc=AdpwvLflPQILYCSumeds-MMdh85phO2eIPEywGQRRZ2gDub1rsX98GbtfoAuGdYTC2o&_nc_zt=23&_nc_ht=scontent.fccu31-2.fna&edm=AKIiGfEEAAAA&_nc_gid=FwtDCHaWkOcgjpOKwBZ2sw&_nc_tpa=Q5bMBQHiBx3Wo8Tzo9M7xp6tvj5o_IoJan6fa8Qu4-cMaajJ4wTBQIZ3LvRpL7Dokg7-4_rWBLEMoBuz-w&oh=00_Af4FfchrE8pT-W7rnt3kUWFbz4_oP9tdYt3QbyI6YV_okA&oe=6A18BEC8,https://www.facebook.com/photo.php?fbid=452033600301888&set=a.448214567350458&type=3,960,720,photo,photo,"#BHARAT_BOOK_OF_RECORDS
 🇮🇳🏅🇮🇳🏅🇮🇳🏅🇮🇳🏅🇮🇳🏅🇮🇳🏅🇮🇳🏅🇮🇳🏅
Dancing for Vande Mataram song along with 1000'sof  dancers on the occasion of 75th Independance day to create a new record at Freedom Park Bengaluru for BHARAT BOOK OF RECORDS",https://www.facebook.com/1425872462917992/posts/452033616968553,"#BHARAT_BOOK_OF_RECORDS
 🇮🇳🏅🇮🇳🏅🇮🇳🏅🇮🇳🏅🇮🇳🏅🇮🇳🏅🇮🇳🏅🇮🇳🏅
Dancing for Vande Mataram song along with 1000'sof  dancers on the occasion of 75th Independance day to create a new record at Freedom Park Bengaluru for BHARAT BOOK OF RECORDS",TRUE,FALSE,FALSE,FALSE,FALSE,2022-09-07T16:11:40+0000
107248091187807_452033210301927,https://scontent.fccu3-1.fna.fbcdn.net/v/t39.30808-6/475155871_1031306015707974_8037236345438213968_n.jpg?stp=dst-jpg_s960x960_tt6&_nc_cat=101&ccb=1-7&_nc_sid=833d8c&_nc_ohc=lGhM19E-it0Q7kNvwGoJ_g-&_nc_oc=AdopobvHXGXOe_fjicqPEYOsngZEuuf6S6E4TZQbP3z0S5oD4GV7uP2K8uWsJN6GuWM&_nc_zt=23&_nc_ht=scontent.fccu3-1.fna&edm=AKIiGfEEAAAA&_nc_gid=FwtDCHaWkOcgjpOKwBZ2sw&_nc_tpa=Q5bMBQFb69G1nCzG0T48_a0jlDVZrdDdqASDhak3i7GUTVHNwuLbcLQAzSP3UecT7u3mYsOpwpNL-u8Ypg&oh=00_Af7Hbg1q43kq0-wt4ohxp4Eu5KE_HDarUJRTDRNLWKDhGg&oe=6A18C58E,https://scontent.fccu3-1.fna.fbcdn.net/v/t39.30808-6/475155871_1031306015707974_8037236345438213968_n.jpg?stp=dst-jpg_s960x960_tt6&_nc_cat=101&ccb=1-7&_nc_sid=833d8c&_nc_ohc=lGhM19E-it0Q7kNvwGoJ_g-&_nc_oc=AdopobvHXGXOe_fjicqPEYOsngZEuuf6S6E4TZQbP3z0S5oD4GV7uP2K8uWsJN6GuWM&_nc_zt=23&_nc_ht=scontent.fccu3-1.fna&edm=AKIiGfEEAAAA&_nc_gid=FwtDCHaWkOcgjpOKwBZ2sw&_nc_tpa=Q5bMBQFPzkjdind-hkeCu1yOTRBKqy4d_8qapFPW7cxbOpSxQG6VMwmk4oOunygNg2ZvSGuvDobREQ_shA&oh=00_Af7Ga7zL7BkOmm80aSCImZRSzQ0_6pzhsdbrfmFwmtIJpQ&oe=6A18C58E,https://www.facebook.com/photo.php?fbid=452033180301930&set=a.448214567350458&type=3,960,720,photo,photo,"#BHARAT_BOOK_OF_RECORDS
 🇮🇳🏅🇮🇳🏅🇮🇳🏅🇮🇳🏅🇮🇳🏅🇮🇳🏅🇮🇳🏅🇮🇳🏅
Dancing for Vande Mataram song along with 1000'sof  dancers on the occasion of 75th Independance day to create a new record at Freedom Park Bengaluru for BHARAT BOOK OF RECORDS",https://www.facebook.com/1425872462917992/posts/452033210301927,"#BHARAT_BOOK_OF_RECORDS
 🇮🇳🏅🇮🇳🏅🇮🇳🏅🇮🇳🏅🇮🇳🏅🇮🇳🏅🇮🇳🏅🇮🇳🏅
Dancing for Vande Mataram song along with 1000'sof  dancers on the occasion of 75th Independance day to create a new record at Freedom Park Bengaluru for BHARAT BOOK OF RECORDS",TRUE,FALSE,FALSE,FALSE,FALSE,2022-09-07T16:11:00+0000
107248091187807_452032560301992,https://scontent.fccu31-2.fna.fbcdn.net/v/t39.30808-6/475308781_1031305952374647_7874651062049733208_n.jpg?stp=dst-jpg_s960x960_tt6&_nc_cat=103&ccb=1-7&_nc_sid=833d8c&_nc_ohc=3ijgZkCdDYgQ7kNvwFRnFmT&_nc_oc=Adq-QZV5-N70c7gJTruv07qv4m8iJO-xkt5F2Px_dg0LmS4gt0y4dWJgtDF3gDMqlsk&_nc_zt=23&_nc_ht=scontent.fccu31-2.fna&edm=AKIiGfEEAAAA&_nc_gid=FwtDCHaWkOcgjpOKwBZ2sw&_nc_tpa=Q5bMBQG-2h6QVurTtnXKlg7Pd_7gbza2G2HQ4wnFmPkUQKuMpTkeHOaixC3eKm-OlZ8gK0eC_GpPuGCsyg&oh=00_Af5-yC2qszEcpmL9AXqxtDL1ov3jsqRRnle1j7urU7UnHg&oe=6A18C11A,https://scontent.fccu31-2.fna.fbcdn.net/v/t39.30808-6/475308781_1031305952374647_7874651062049733208_n.jpg?stp=dst-jpg_s960x960_tt6&_nc_cat=103&ccb=1-7&_nc_sid=833d8c&_nc_ohc=3ijgZkCdDYgQ7kNvwFRnFmT&_nc_oc=Adq-QZV5-N70c7gJTruv07qv4m8iJO-xkt5F2Px_dg0LmS4gt0y4dWJgtDF3gDMqlsk&_nc_zt=23&_nc_ht=scontent.fccu31-2.fna&edm=AKIiGfEEAAAA&_nc_gid=FwtDCHaWkOcgjpOKwBZ2sw&_nc_tpa=Q5bMBQEl_dWF3tqx9GBrbd7JQNoWTJsvZXSgJMongqRe_2vIYTYtY8rtFMedf3pinu68y6ZlOAmrzcoVpw&oh=00_Af7u68HHHrRTPUX5wOJ1jtw6kgblPvmu5_Ix2RJMM1Oayg&oe=6A18C11A,https://www.facebook.com/photo.php?fbid=452032540301994&set=a.448214567350458&type=3,960,720,photo,photo,"#BHARAT_BOOK_OF_RECORDS
 🇮🇳🏅🇮🇳🏅🇮🇳🏅🇮🇳🏅🇮🇳🏅🇮🇳🏅🇮🇳🏅🇮🇳🏅
Dancing for Vande Mataram song along with 1000'sof  dancers on the occasion of 75th Independance day to create a new record at Freedom Park Bengaluru for BHARAT BOOK OF RECORDS",https://www.facebook.com/1425872462917992/posts/452032560301992,"#BHARAT_BOOK_OF_RECORDS
 🇮🇳🏅🇮🇳🏅🇮🇳🏅🇮🇳🏅🇮🇳🏅🇮🇳🏅🇮🇳🏅🇮🇳🏅
Dancing for Vande Mataram song along with 1000'sof  dancers on the occasion of 75th Independance day to create a new record at Freedom Park Bengaluru for BHARAT BOOK OF RECORDS",TRUE,FALSE,FALSE,FALSE,FALSE,2022-09-07T16:09:52+0000
107248091187807_452032360302012,https://scontent.fccu31-2.fna.fbcdn.net/v/t39.30808-6/475137023_1031305719041337_1980262284593386242_n.jpg?stp=dst-jpg_s960x960_tt6&_nc_cat=108&ccb=1-7&_nc_sid=833d8c&_nc_ohc=vBwvYGybLaYQ7kNvwH3VS0A&_nc_oc=AdoyXhO62UGbLMKhznjsbiMvjVpbr0jjrvai77JYNpWM3hb6STfeq6bQbj1H_-Zk2_U&_nc_zt=23&_nc_ht=scontent.fccu31-2.fna&edm=AKIiGfEEAAAA&_nc_gid=FwtDCHaWkOcgjpOKwBZ2sw&_nc_tpa=Q5bMBQFgA_hnzNk7S4OLmiXqv0brsaS15Sa4DnaZP4dNX58r-aDOhUjGWMqdu9PkvNKFP3i-sxdAswobXg&oh=00_Af6EaukJGZtuTDHKuYK-QI-n1Pb0YWDPNGlmo5MlwhcD-w&oe=6A18D476,https://scontent.fccu31-2.fna.fbcdn.net/v/t39.30808-6/475137023_1031305719041337_1980262284593386242_n.jpg?stp=dst-jpg_s960x960_tt6&_nc_cat=108&ccb=1-7&_nc_sid=833d8c&_nc_ohc=vBwvYGybLaYQ7kNvwH3VS0A&_nc_oc=AdoyXhO62UGbLMKhznjsbiMvjVpbr0jjrvai77JYNpWM3hb6STfeq6bQbj1H_-Zk2_U&_nc_zt=23&_nc_ht=scontent.fccu31-2.fna&edm=AKIiGfEEAAAA&_nc_gid=FwtDCHaWkOcgjpOKwBZ2sw&_nc_tpa=Q5bMBQHrNkR1Jjm5sYeTDDOEmxv5fargfQxb05N_QItPyOr1rU_t6YF79DJVTCIzkFiPUaG7nD4uDRdoUQ&oh=00_Af4xo_s6hQGNjB2wUfCH1C6dGZfSDDfFEPyGJAIQnNrOzQ&oe=6A18D476,https://www.facebook.com/photo.php?fbid=452032333635348&set=a.448214567350458&type=3,960,720,photo,photo,"#BHARAT_BOOK_OF_RECORDS
 🇮🇳🏅🇮🇳🏅🇮🇳🏅🇮🇳🏅🇮🇳🏅🇮🇳🏅🇮🇳🏅🇮🇳🏅
Dancing for Vande Mataram song along with 1000'sof  dancers on the occasion of 75th Independance day to create a new record at Freedom Park Bengaluru for BHARAT BOOK OF RECORDS",https://www.facebook.com/1425872462917992/posts/452032360302012,"#BHARAT_BOOK_OF_RECORDS
 🇮🇳🏅🇮🇳🏅🇮🇳🏅🇮🇳🏅🇮🇳🏅🇮🇳🏅🇮🇳🏅🇮🇳🏅
Dancing for Vande Mataram song along with 1000'sof  dancers on the occasion of 75th Independance day to create a new record at Freedom Park Bengaluru for BHARAT BOOK OF RECORDS",TRUE,FALSE,FALSE,FALSE,FALSE,2022-09-07T16:09:34+0000
107248091187807_452031903635391,https://scontent.fccu31-2.fna.fbcdn.net/v/t39.30808-6/475136617_1031305885707987_8219452136677691596_n.jpg?stp=dst-jpg_s960x960_tt6&_nc_cat=103&ccb=1-7&_nc_sid=833d8c&_nc_ohc=IlxnF7ChXPkQ7kNvwEusoJC&_nc_oc=AdpKqfM73xkTHAmBn8MZBZ4AkWmymnXHD4s6wvKo_D1vPcJFHUyg7G409z8WuB-nx54&_nc_zt=23&_nc_ht=scontent.fccu31-2.fna&edm=AKIiGfEEAAAA&_nc_gid=FwtDCHaWkOcgjpOKwBZ2sw&_nc_tpa=Q5bMBQHX7gsiuns0WGomhtBP0dUJI1kAdXQlUZZB8vE7ts65UqXMbI7i9ISNazQBuPJOLKwzYmIpZJIjpg&oh=00_Af4lXc4i2r4HXLQIBYJyBhW4_PQkb4iKVCxHMBRZpevPag&oe=6A18E20A,https://scontent.fccu31-2.fna.fbcdn.net/v/t39.30808-6/475136617_1031305885707987_8219452136677691596_n.jpg?stp=dst-jpg_s960x960_tt6&_nc_cat=103&ccb=1-7&_nc_sid=833d8c&_nc_ohc=IlxnF7ChXPkQ7kNvwEusoJC&_nc_oc=AdpKqfM73xkTHAmBn8MZBZ4AkWmymnXHD4s6wvKo_D1vPcJFHUyg7G409z8WuB-nx54&_nc_zt=23&_nc_ht=scontent.fccu31-2.fna&edm=AKIiGfEEAAAA&_nc_gid=FwtDCHaWkOcgjpOKwBZ2sw&_nc_tpa=Q5bMBQFevBzuwkJMWXM7UiWEvVL0mxXeV9uLJY3-lpfHsPNEcSVSGu5S22B8gOhWCz5lK9vWxpsvGFT3AA&oh=00_Af64HE4ULIsr1hxC1oZ8zGhYwu4TrDpxCVIiHzPTEx0pMw&oe=6A18E20A,https://www.facebook.com/photo.php?fbid=452031886968726&set=a.448214567350458&type=3,960,720,photo,photo,"#BHARAT_BOOK_OF_RECORDS
 🇮🇳🏅🇮🇳🏅🇮🇳🏅🇮🇳🏅🇮🇳🏅🇮🇳🏅🇮🇳🏅🇮🇳🏅
Dancing for Vande Mataram song along with 1000'sof  dancers on the occasion of 75th Independance day to create a new record at Freedom Park Bengaluru for BHARAT BOOK OF RECORDS",https://www.facebook.com/1425872462917992/posts/452031903635391,"#BHARAT_BOOK_OF_RECORDS
 🇮🇳🏅🇮🇳🏅🇮🇳🏅🇮🇳🏅🇮🇳🏅🇮🇳🏅🇮🇳🏅🇮🇳🏅
Dancing for Vande Mataram song along with 1000'sof  dancers on the occasion of 75th Independance day to create a new record at Freedom Park Bengaluru for BHARAT BOOK OF RECORDS",TRUE,FALSE,FALSE,FALSE,FALSE,2022-09-07T16:09:07+0000
107248091187807_452031700302078,https://scontent.fccu31-2.fna.fbcdn.net/v/t39.30808-6/475655449_1031305735708002_4198043380987522484_n.jpg?stp=dst-jpg_s960x960_tt6&_nc_cat=108&ccb=1-7&_nc_sid=833d8c&_nc_ohc=m6Aso-k9P-IQ7kNvwEnAfdv&_nc_oc=Adq0TBd60QqWbAuQUvY9i8ZYRhzJUisIWwewDRYzxdj-jINfaMudLmMPQJcmU5OyHdE&_nc_zt=23&_nc_ht=scontent.fccu31-2.fna&edm=AKIiGfEEAAAA&_nc_gid=FwtDCHaWkOcgjpOKwBZ2sw&_nc_tpa=Q5bMBQEAjC1CZRZCsS6Eykn08u7HOEWeSncCzTcBk55ve0jSzmUljiwEYcu6BUa1X5LwHWy5OEWsy_zCQg&oh=00_Af6TgfHSkOZ_629nm59ZkoZvvVJkbbWgekvGgnFwo0mYjQ&oe=6A18F126,https://scontent.fccu31-2.fna.fbcdn.net/v/t39.30808-6/475655449_1031305735708002_4198043380987522484_n.jpg?stp=dst-jpg_s960x960_tt6&_nc_cat=108&ccb=1-7&_nc_sid=833d8c&_nc_ohc=m6Aso-k9P-IQ7kNvwEnAfdv&_nc_oc=Adq0TBd60QqWbAuQUvY9i8ZYRhzJUisIWwewDRYzxdj-jINfaMudLmMPQJcmU5OyHdE&_nc_zt=23&_nc_ht=scontent.fccu31-2.fna&edm=AKIiGfEEAAAA&_nc_gid=FwtDCHaWkOcgjpOKwBZ2sw&_nc_tpa=Q5bMBQHvGtpOa--bTxQlWHQc4-lPH0TuFSE7Kb8wRhKHWQLiMi6IWe3ulQoDAny5TqEhv8dGH0BmmvUR3g&oh=00_Af6RSfusLZJQCOqkDvW4TRdWMJ-tLXngTALoKSzXSCE63Q&oe=6A18F126,https://www.facebook.com/photo.php?fbid=452031676968747&set=a.448214567350458&type=3,960,720,photo,photo,"#BHARAT_BOOK_OF_RECORDS
 🇮🇳🏅🇮🇳🏅🇮🇳🏅🇮🇳🏅🇮🇳🏅🇮🇳🏅🇮🇳🏅🇮🇳🏅
Dancing for Vande Mataram song along with 1000'sof  dancers on the occasion of 75th Independance day to create a new record at Freedom Park Bengaluru for BHARAT BOOK OF RECORDS",https://www.facebook.com/1425872462917992/posts/452031700302078,"#BHARAT_BOOK_OF_RECORDS
 🇮🇳🏅🇮🇳🏅🇮🇳🏅🇮🇳🏅🇮🇳🏅🇮🇳🏅🇮🇳🏅🇮🇳🏅
Dancing for Vande Mataram song along with 1000'sof  dancers on the occasion of 75th Independance day to create a new record at Freedom Park Bengaluru for BHARAT BOOK OF RECORDS",TRUE,FALSE,FALSE,FALSE,FALSE,2022-09-07T16:08:49+0000
107248091187807_452031466968768,https://scontent.fccu31-2.fna.fbcdn.net/v/t39.30808-6/475379873_1031306055707970_5999664858649086953_n.jpg?stp=dst-jpg_s960x960_tt6&_nc_cat=109&ccb=1-7&_nc_sid=833d8c&_nc_ohc=-wXW_Ly7BP0Q7kNvwGiiInM&_nc_oc=AdpzskH_q-fthZjQKxJV_fL0PGd-9WsV6G7SsdBtA2Mz3AMfz4TGa8zTcYGHdxw-TFo&_nc_zt=23&_nc_ht=scontent.fccu31-2.fna&edm=AKIiGfEEAAAA&_nc_gid=FwtDCHaWkOcgjpOKwBZ2sw&_nc_tpa=Q5bMBQFS7vR-Nz_ALNeiqAWSyZGx0ZYT2eflGGPHCg9EkS2D4Cl8QSvDnEz0VMfVf-MbBJ-o9-eH5GoDCw&oh=00_Af5IGml7n5laxHE2T0zM-IP_dci-bOXeBlgIVPmEi7Hoeg&oe=6A18D213,https://scontent.fccu31-2.fna.fbcdn.net/v/t39.30808-6/475379873_1031306055707970_5999664858649086953_n.jpg?stp=dst-jpg_s960x960_tt6&_nc_cat=109&ccb=1-7&_nc_sid=833d8c&_nc_ohc=-wXW_Ly7BP0Q7kNvwGiiInM&_nc_oc=AdpzskH_q-fthZjQKxJV_fL0PGd-9WsV6G7SsdBtA2Mz3AMfz4TGa8zTcYGHdxw-TFo&_nc_zt=23&_nc_ht=scontent.fccu31-2.fna&edm=AKIiGfEEAAAA&_nc_gid=FwtDCHaWkOcgjpOKwBZ2sw&_nc_tpa=Q5bMBQH6sDzWwvhwXScxIaRgQGC4WfK74Tt0E3rFpbhhXZLiG-pgl0uWJ9OhiKlRx_h7wyrXxpFCupiDSg&oh=00_Af4yGftqgHrWBW-jZx9bHwoTGDFz5pTsxYxqNILo2Up34g&oe=6A18D213,https://www.facebook.com/photo.php?fbid=452031453635436&set=a.448214567350458&type=3,960,720,photo,photo,"#BHARAT_BOOK_OF_RECORDS
 🇮🇳🏅🇮🇳🏅🇮🇳🏅🇮🇳🏅🇮🇳🏅🇮🇳🏅🇮🇳🏅🇮🇳🏅
Dancing for Vande Mataram song along with 1000'sof  dancers on the occasion of 75th Independance day to create a new record at Freedom Park Bengaluru for BHARAT BOOK OF RECORDS",https://www.facebook.com/1425872462917992/posts/452031466968768,"#BHARAT_BOOK_OF_RECORDS
 🇮🇳🏅🇮🇳🏅🇮🇳🏅🇮🇳🏅🇮🇳🏅🇮🇳🏅🇮🇳🏅🇮🇳🏅
Dancing for Vande Mataram song along with 1000'sof  dancers on the occasion of 75th Independance day to create a new record at Freedom Park Bengaluru for BHARAT BOOK OF RECORDS",TRUE,FALSE,FALSE,FALSE,FALSE,2022-09-07T16:08:29+0000
107248091187807_452031233635458,https://scontent.fccu3-1.fna.fbcdn.net/v/t39.30808-6/475139632_1031306042374638_2927330738783561828_n.jpg?stp=dst-jpg_s960x960_tt6&_nc_cat=101&ccb=1-7&_nc_sid=833d8c&_nc_ohc=eHmwqPmkrC8Q7kNvwE0VMN4&_nc_oc=AdolFAkh9rIdURvvAy8uj2n8qxtDTRtuEBvoPkQhu8Jv6Zv2M1mkO_9y9gA8sJlqtaY&_nc_zt=23&_nc_ht=scontent.fccu3-1.fna&edm=AKIiGfEEAAAA&_nc_gid=FwtDCHaWkOcgjpOKwBZ2sw&_nc_tpa=Q5bMBQEzJ0eNAtu4SadsaXaO3PbZGpg_UyFGMysBP-BwS8hwUMeCUfGPh_zxcdmuAO6yvTbNWR26Kt82eA&oh=00_Af4wA-u5j_wK-i_ph4AgodPG8ecjHWA54dKtOo3WTp_ECw&oe=6A18CD8A,https://scontent.fccu3-1.fna.fbcdn.net/v/t39.30808-6/475139632_1031306042374638_2927330738783561828_n.jpg?stp=dst-jpg_s960x960_tt6&_nc_cat=101&ccb=1-7&_nc_sid=833d8c&_nc_ohc=eHmwqPmkrC8Q7kNvwE0VMN4&_nc_oc=AdolFAkh9rIdURvvAy8uj2n8qxtDTRtuEBvoPkQhu8Jv6Zv2M1mkO_9y9gA8sJlqtaY&_nc_zt=23&_nc_ht=scontent.fccu3-1.fna&edm=AKIiGfEEAAAA&_nc_gid=FwtDCHaWkOcgjpOKwBZ2sw&_nc_tpa=Q5bMBQGZD9aJRoUjr7iHIWGBlJz9NYoFoP9HOBaADeimXjs1b6HyZtb1ezmStFQ5_DzqXB4TpJFlpvB_yg&oh=00_Af6Bf25LFjs28-Tr5yu-aYfBLGO5UVpqwzs22unBjM-htg&oe=6A18CD8A,https://www.facebook.com/photo.php?fbid=452031203635461&set=a.448214567350458&type=3,960,720,photo,photo,"#BHARAT_BOOK_OF_RECORDS
 🇮🇳🏅🇮🇳🏅🇮🇳🏅🇮🇳🏅🇮🇳🏅🇮🇳🏅🇮🇳🏅🇮🇳🏅
Dancing for Vande Mataram song along with 1000'sof  dancers on the occasion of 75th Independance day to create a new record at Freedom Park Bengaluru for BHARAT BOOK OF RECORDS",https://www.facebook.com/1425872462917992/posts/452031233635458,"#BHARAT_BOOK_OF_RECORDS
 🇮🇳🏅🇮🇳🏅🇮🇳🏅🇮🇳🏅🇮🇳🏅🇮🇳🏅🇮🇳🏅🇮🇳🏅
Dancing for Vande Mataram song along with 1000'sof  dancers on the occasion of 75th Independance day to create a new record at Freedom Park Bengaluru for BHARAT BOOK OF RECORDS",TRUE,FALSE,FALSE,FALSE,FALSE,2022-09-07T16:08:10+0000
107248091187807_452031073635474,https://scontent.fccu3-1.fna.fbcdn.net/v/t39.30808-6/475154026_1031305992374643_5588475817310263055_n.jpg?stp=dst-jpg_s960x960_tt6&_nc_cat=102&ccb=1-7&_nc_sid=833d8c&_nc_ohc=1GDhwC_tN3IQ7kNvwE-UzsK&_nc_oc=AdqVDXYaSWQ_Fu9n5DXyz5cECVHJoWQbjeaagDBlLLi-USUFzztwtd6wBCIC-jaZqfA&_nc_zt=23&_nc_ht=scontent.fccu3-1.fna&edm=AKIiGfEEAAAA&_nc_gid=FwtDCHaWkOcgjpOKwBZ2sw&_nc_tpa=Q5bMBQGJpXZwoITghk3Pq7zBplyvjUhqSLtLCiefV_t2ONAcAz2u2jP_C6cv8Q2Opr_FlA2S5GKqMIVDXg&oh=00_Af7-Tkkp12vRjGHK_XTS-mC5PYQkUKLf86pp0rnvGKWEpA&oe=6A18C035,https://scontent.fccu3-1.fna.fbcdn.net/v/t39.30808-6/475154026_1031305992374643_5588475817310263055_n.jpg?stp=dst-jpg_s960x960_tt6&_nc_cat=102&ccb=1-7&_nc_sid=833d8c&_nc_ohc=1GDhwC_tN3IQ7kNvwE-UzsK&_nc_oc=AdqVDXYaSWQ_Fu9n5DXyz5cECVHJoWQbjeaagDBlLLi-USUFzztwtd6wBCIC-jaZqfA&_nc_zt=23&_nc_ht=scontent.fccu3-1.fna&edm=AKIiGfEEAAAA&_nc_gid=FwtDCHaWkOcgjpOKwBZ2sw&_nc_tpa=Q5bMBQG8zlHs6Ed8o5ULm9Y9sbbmRffEsaUeWeS4jJA_-LbHQ1zGP-7vUY8FzC0fTWH_XqexnbGbVEBBuQ&oh=00_Af4dzCeldiHMQjqiuY3A6OC4-5csyfSoQ06C6Vtbc8heYA&oe=6A18C035,https://www.facebook.com/photo.php?fbid=452031006968814&set=a.448214567350458&type=3,720,960,photo,photo,"#BHARAT_BOOK_OF_RECORDS
 🇮🇳🏅🇮🇳🏅🇮🇳🏅🇮🇳🏅🇮🇳🏅🇮🇳🏅🇮🇳🏅🇮🇳🏅
Dancing for Vande Mataram song along with 1000'sof  dancers on the occasion of 75th Independance day to create a new record at Freedom Park Bengaluru for BHARAT BOOK OF RECORDS",https://www.facebook.com/1425872462917992/posts/452031073635474,"#BHARAT_BOOK_OF_RECORDS
 🇮🇳🏅🇮🇳🏅🇮🇳🏅🇮🇳🏅🇮🇳🏅🇮🇳🏅🇮🇳🏅🇮🇳🏅
Dancing for Vande Mataram song along with 1000'sof  dancers on the occasion of 75th Independance day to create a new record at Freedom Park Bengaluru for BHARAT BOOK OF RECORDS",TRUE,FALSE,FALSE,FALSE,FALSE,2022-09-07T16:07:55+0000
107248091187807_452030790302169,https://scontent.fccu3-1.fna.fbcdn.net/v/t39.30808-6/475242880_1031305755708000_8874840446258709193_n.jpg?stp=dst-jpg_s960x960_tt6&_nc_cat=101&ccb=1-7&_nc_sid=833d8c&_nc_ohc=lcg5sDBV-5EQ7kNvwGEl2Z_&_nc_oc=AdoIrvpiARyxbN7fRs9-WFrnevsd9sqEXm89TEWc4qRVasEIURvF-TR__mg5RNweVt8&_nc_zt=23&_nc_ht=scontent.fccu3-1.fna&edm=AKIiGfEEAAAA&_nc_gid=FwtDCHaWkOcgjpOKwBZ2sw&_nc_tpa=Q5bMBQEblcOucsJbBOUlU-lqJVVCAhjfm_kNmQfvm-NEaHZUoWOWW6PgNw5C21paXcGg5NMS7f9AfrTrBQ&oh=00_Af6tXuu3oTwKhKhBxBUw8qRlN8dB8xgvh0BrI8JKujrx2A&oe=6A18D7AC,https://scontent.fccu3-1.fna.fbcdn.net/v/t39.30808-6/475242880_1031305755708000_8874840446258709193_n.jpg?stp=dst-jpg_s960x960_tt6&_nc_cat=101&ccb=1-7&_nc_sid=833d8c&_nc_ohc=lcg5sDBV-5EQ7kNvwGEl2Z_&_nc_oc=AdoIrvpiARyxbN7fRs9-WFrnevsd9sqEXm89TEWc4qRVasEIURvF-TR__mg5RNweVt8&_nc_zt=23&_nc_ht=scontent.fccu3-1.fna&edm=AKIiGfEEAAAA&_nc_gid=FwtDCHaWkOcgjpOKwBZ2sw&_nc_tpa=Q5bMBQHmt5TWeJnAMWGJAP4zDuo84EMh8ljbo8oRjuCGnSjhVWSI_MvqXOcCc2v2BYEJmRo1XBPgSWSz4A&oh=00_Af5Fi35Sk6EeQsV4w2SgMeagEDdSeoVSU1N7CsYEv7HqFg&oe=6A18D7AC,https://www.facebook.com/photo.php?fbid=452030753635506&set=a.448214567350458&type=3,960,720,photo,photo,"#BHARAT_BOOK_OF_RECORDS
 🇮🇳🏅🇮🇳🏅🇮🇳🏅🇮🇳🏅🇮🇳🏅🇮🇳🏅🇮🇳🏅🇮🇳🏅
Dancing for Vande Mataram song along with 1000'sof  dancers on the occasion of 75th Independance day to create a new record at Freedom Park Bengaluru for BHARAT BOOK OF RECORDS",https://www.facebook.com/1425872462917992/posts/452030790302169,"#BHARAT_BOOK_OF_RECORDS
 🇮🇳🏅🇮🇳🏅🇮🇳🏅🇮🇳🏅🇮🇳🏅🇮🇳🏅🇮🇳🏅🇮🇳🏅
Dancing for Vande Mataram song along with 1000'sof  dancers on the occasion of 75th Independance day to create a new record at Freedom Park Bengaluru for BHARAT BOOK OF RECORDS",TRUE,FALSE,FALSE,FALSE,FALSE,2022-09-07T16:07:29+0000
107248091187807_452030553635526,https://scontent.fccu3-1.fna.fbcdn.net/v/t39.30808-6/475138092_1031305999041309_1551559750414279232_n.jpg?stp=dst-jpg_s960x960_tt6&_nc_cat=102&ccb=1-7&_nc_sid=833d8c&_nc_ohc=mc5cjHVX1d0Q7kNvwE9e-9n&_nc_oc=Adq1IqRUg6sPNAz-cFGBsJVU6U5HVgvevB-PPJCDGEIL1y4rACBlF3Spu_fdxnHFACI&_nc_zt=23&_nc_ht=scontent.fccu3-1.fna&edm=AKIiGfEEAAAA&_nc_gid=FwtDCHaWkOcgjpOKwBZ2sw&_nc_tpa=Q5bMBQEqH2Hoc7uL0Us6QGyFbwlY1DXY2UgDVlasBshAoP0AdgcDbs9vl6-lsax632DSKsjZu2S4Zi5e-Q&oh=00_Af6ajFq9_Gx_68YhMyBus-ZB3Rdq611e7-aAX4hHDcagOw&oe=6A18D5B0,https://scontent.fccu3-1.fna.fbcdn.net/v/t39.30808-6/475138092_1031305999041309_1551559750414279232_n.jpg?stp=dst-jpg_s960x960_tt6&_nc_cat=102&ccb=1-7&_nc_sid=833d8c&_nc_ohc=mc5cjHVX1d0Q7kNvwE9e-9n&_nc_oc=Adq1IqRUg6sPNAz-cFGBsJVU6U5HVgvevB-PPJCDGEIL1y4rACBlF3Spu_fdxnHFACI&_nc_zt=23&_nc_ht=scontent.fccu3-1.fna&edm=AKIiGfEEAAAA&_nc_gid=FwtDCHaWkOcgjpOKwBZ2sw&_nc_tpa=Q5bMBQFs1ScTFDmtach4vQC6D8lrh3VjTuWKD8QyM2PFpWQqnbmEvh_gSzAUyf_0X7xC70UnJnmkKtwgvw&oh=00_Af6UGRE58pWYIYHglfc95TsLxO0dNBeSUJUZYAwR7KEdXg&oe=6A18D5B0,https://www.facebook.com/photo.php?fbid=452030536968861&set=a.448214567350458&type=3,960,720,photo,photo,"#BHARAT_BOOK_OF_RECORDS
 🇮🇳🏅🇮🇳🏅🇮🇳🏅🇮🇳🏅🇮🇳🏅🇮🇳🏅🇮🇳🏅🇮🇳🏅
Dancing for Vande Mataram song along with 1000'sof  dancers on the occasion of 75th Independance day to create a new record at Freedom Park Bengaluru for BHARAT BOOK OF RECORDS",https://www.facebook.com/1425872462917992/posts/452030553635526,"#BHARAT_BOOK_OF_RECORDS
 🇮🇳🏅🇮🇳🏅🇮🇳🏅🇮🇳🏅🇮🇳🏅🇮🇳🏅🇮🇳🏅🇮🇳🏅
Dancing for Vande Mataram song along with 1000'sof  dancers on the occasion of 75th Independance day to create a new record at Freedom Park Bengaluru for BHARAT BOOK OF RECORDS",TRUE,FALSE,FALSE,FALSE,FALSE,2022-09-07T16:07:12+0000
107248091187807_452030503635531,https://scontent.fccu31-2.fna.fbcdn.net/v/t39.30808-6/475656553_1031305692374673_2323141215530716516_n.jpg?stp=dst-jpg_s960x960_tt6&_nc_cat=109&ccb=1-7&_nc_sid=833d8c&_nc_ohc=CO0MG9TurIMQ7kNvwFO-ZWP&_nc_oc=Ado9kEHcNDzat4458f6F_LWLTofKBW3oWrJULt_AfiwayNULcKEGhJQKXd2bjCMWJVI&_nc_zt=23&_nc_ht=scontent.fccu31-2.fna&edm=AKIiGfEEAAAA&_nc_gid=FwtDCHaWkOcgjpOKwBZ2sw&_nc_tpa=Q5bMBQGJlRCLK7zVrHgMAy16t_TnPDG43OgfjNdj3jNfbVfTXpK7euFgTXHOrU5upLeSRx67jfEzO4jtgA&oh=00_Af5lVTJh76HLh2IYUYiGx5Z8NwZMVdI-rRZGGgM2h6PKLA&oe=6A18C939,https://scontent.fccu31-2.fna.fbcdn.net/v/t39.30808-6/475656553_1031305692374673_2323141215530716516_n.jpg?stp=dst-jpg_s960x960_tt6&_nc_cat=109&ccb=1-7&_nc_sid=833d8c&_nc_ohc=CO0MG9TurIMQ7kNvwFO-ZWP&_nc_oc=Ado9kEHcNDzat4458f6F_LWLTofKBW3oWrJULt_AfiwayNULcKEGhJQKXd2bjCMWJVI&_nc_zt=23&_nc_ht=scontent.fccu31-2.fna&edm=AKIiGfEEAAAA&_nc_gid=FwtDCHaWkOcgjpOKwBZ2sw&_nc_tpa=Q5bMBQElORnH9DHo0dR83sSkBo5VWTiNzpn8RXj03MowEtHP-th4t_3jnre8znWLV2-n_3e46GUKRsgSmg&oh=00_Af7kd1wdjkpXKu6OXyDVrCAItkiGOqSgTijR4wgC41ylWw&oe=6A18C939,https://www.facebook.com/photo.php?fbid=452030443635537&set=a.448214567350458&type=3,960,720,photo,photo,"#BHARAT_BOOK_OF_RECORDS
 🇮🇳🏅🇮🇳🏅🇮🇳🏅🇮🇳🏅🇮🇳🏅🇮🇳🏅🇮🇳🏅🇮🇳🏅
Dancing for Vande Mataram song along with 1000'sof  dancers on the occasion of 75th Independance day to create a new record at Freedom Park Bengaluru for BHARAT BOOK OF RECORDS",https://www.facebook.com/1425872462917992/posts/452030503635531,"#BHARAT_BOOK_OF_RECORDS
 🇮🇳🏅🇮🇳🏅🇮🇳🏅🇮🇳🏅🇮🇳🏅🇮🇳🏅🇮🇳🏅🇮🇳🏅
Dancing for Vande Mataram song along with 1000'sof  dancers on the occasion of 75th Independance day to create a new record at Freedom Park Bengaluru for BHARAT BOOK OF RECORDS",TRUE,FALSE,FALSE,FALSE,FALSE,2022-09-07T16:07:08+0000
107248091187807_452030390302209,https://scontent.fccu3-1.fna.fbcdn.net/v/t39.30808-6/475586722_1031306125707963_764388343253955902_n.jpg?stp=dst-jpg_s960x960_tt6&_nc_cat=102&ccb=1-7&_nc_sid=833d8c&_nc_ohc=9__B-OdlsvcQ7kNvwEV0wSH&_nc_oc=Adox_yU4GysDZbFdyCIZP1ZXAruZFpONxXAW8AhBtUR4eb6YVOZhOTSYie--_7iqLOA&_nc_zt=23&_nc_ht=scontent.fccu3-1.fna&edm=AKIiGfEEAAAA&_nc_gid=FwtDCHaWkOcgjpOKwBZ2sw&_nc_tpa=Q5bMBQG9I7CU48897F4HxaknNmhOb1K3mKoPNv8pLUtBhk0KR9tQUQBmgKy3rYtcE72VwdldryNnqflq4w&oh=00_Af7RvX5_UKlks_B6h1d6vCZ5FK-LMCFVQyX8_4yxwAjcMg&oe=6A18D76F,https://scontent.fccu3-1.fna.fbcdn.net/v/t39.30808-6/475586722_1031306125707963_764388343253955902_n.jpg?stp=dst-jpg_s960x960_tt6&_nc_cat=102&ccb=1-7&_nc_sid=833d8c&_nc_ohc=9__B-OdlsvcQ7kNvwEV0wSH&_nc_oc=Adox_yU4GysDZbFdyCIZP1ZXAruZFpONxXAW8AhBtUR4eb6YVOZhOTSYie--_7iqLOA&_nc_zt=23&_nc_ht=scontent.fccu3-1.fna&edm=AKIiGfEEAAAA&_nc_gid=FwtDCHaWkOcgjpOKwBZ2sw&_nc_tpa=Q5bMBQG_DPamLiGJieRxLMdNN2Mrh_WEHnRpEtEeH8Df1HVrT8JvVIJxJuxy4cHHLFcvr_MCYpgbK9xoHw&oh=00_Af4gmQtowPUfuEATm0DJ7jGlYe-KBfgKKy4C7DO0UeBooA&oe=6A18D76F,https://www.facebook.com/photo.php?fbid=452030350302213&set=a.448214567350458&type=3,960,720,photo,photo,"#BHARAT_BOOK_OF_RECORDS
 🇮🇳🏅🇮🇳🏅🇮🇳🏅🇮🇳🏅🇮🇳🏅🇮🇳🏅🇮🇳🏅🇮🇳🏅
Dancing for Vande Mataram song along with 1000'sof  dancers on the occasion of 75th Independance day to create a new record at Freedom Park Bengaluru for BHARAT BOOK OF RECORDS",https://www.facebook.com/1425872462917992/posts/452030390302209,"#BHARAT_BOOK_OF_RECORDS
 🇮🇳🏅🇮🇳🏅🇮🇳🏅🇮🇳🏅🇮🇳🏅🇮🇳🏅🇮🇳🏅🇮🇳🏅
Dancing for Vande Mataram song along with 1000'sof  dancers on the occasion of 75th Independance day to create a new record at Freedom Park Bengaluru for BHARAT BOOK OF RECORDS",TRUE,FALSE,FALSE,FALSE,FALSE,2022-09-07T16:06:50+0000
107248091187807_452030223635559,https://scontent.fccu31-1.fna.fbcdn.net/v/t39.30808-6/475191859_1031306159041293_8030993597439610021_n.jpg?stp=dst-jpg_s960x960_tt6&_nc_cat=100&ccb=1-7&_nc_sid=833d8c&_nc_ohc=IGIUJ660diYQ7kNvwEaL8DH&_nc_oc=AdoSUCMBkzaPAUOcAZK3n45smS-XL-fsH5zVvj9bSDmmqxcO88fZrnE1PmXoY_COpJk&_nc_zt=23&_nc_ht=scontent.fccu31-1.fna&edm=AKIiGfEEAAAA&_nc_gid=FwtDCHaWkOcgjpOKwBZ2sw&_nc_tpa=Q5bMBQFWbcAj8DQxWjj_Y69WOPJu_HzEZZpluJRAmKSjlih07FnZRezj94spELj6BHXvvn31Rv_xoRcDnw&oh=00_Af4WuGlLIS0qMSfZq73BEkLF6M3HrvgNEuXt-zIICyr7VQ&oe=6A18E0A6,https://scontent.fccu31-1.fna.fbcdn.net/v/t39.30808-6/475191859_1031306159041293_8030993597439610021_n.jpg?stp=dst-jpg_s960x960_tt6&_nc_cat=100&ccb=1-7&_nc_sid=833d8c&_nc_ohc=IGIUJ660diYQ7kNvwEaL8DH&_nc_oc=AdoSUCMBkzaPAUOcAZK3n45smS-XL-fsH5zVvj9bSDmmqxcO88fZrnE1PmXoY_COpJk&_nc_zt=23&_nc_ht=scontent.fccu31-1.fna&edm=AKIiGfEEAAAA&_nc_gid=FwtDCHaWkOcgjpOKwBZ2sw&_nc_tpa=Q5bMBQHxmjwXuixWuTYpRFx3PQHpWEOO_bsGASrKv2xfru23OgNVUYmOWq4wlr5I3NzKpn9ABJ3BDmqrmQ&oh=00_Af4HxruIaTzB83vKZ2VlNrgSSK1yklqErmPqO9oiYqm8Rw&oe=6A18E0A6,https://www.facebook.com/photo.php?fbid=452030203635561&set=a.448214567350458&type=3,960,720,photo,photo,"#BHARAT_BOOK_OF_RECORDS
 🇮🇳🏅🇮🇳🏅🇮🇳🏅🇮🇳🏅🇮🇳🏅🇮🇳🏅🇮🇳🏅🇮🇳🏅
Dancing for Vande Mataram song along with 1000'sof  dancers on the occasion of 75th Independance day to create a new record at Freedom Park Bengaluru for BHARAT BOOK OF RECORDS",https://www.facebook.com/1425872462917992/posts/452030223635559,"#BHARAT_BOOK_OF_RECORDS
 🇮🇳🏅🇮🇳🏅🇮🇳🏅🇮🇳🏅🇮🇳🏅🇮🇳🏅🇮🇳🏅🇮🇳🏅
Dancing for Vande Mataram song along with 1000'sof  dancers on the occasion of 75th Independance day to create a new record at Freedom Park Bengaluru for BHARAT BOOK OF RECORDS",TRUE,FALSE,FALSE,FALSE,FALSE,2022-09-07T16:06:40+0000
107248091187807_452030040302244,https://scontent.fccu3-1.fna.fbcdn.net/v/t39.30808-6/475655449_1031305672374675_2879665206799896468_n.jpg?stp=dst-jpg_s960x960_tt6&_nc_cat=102&ccb=1-7&_nc_sid=833d8c&_nc_ohc=D416QdlVLPYQ7kNvwGr9sni&_nc_oc=Adp16mZ3IpakWBNh5oPmmDZOzx_9HyUzNVeH8uA7ja9vSUWHnS2iKIGl03SVPf5MC3A&_nc_zt=23&_nc_ht=scontent.fccu3-1.fna&edm=AKIiGfEEAAAA&_nc_gid=FwtDCHaWkOcgjpOKwBZ2sw&_nc_tpa=Q5bMBQHva5D0x7UV9a1D_u35MpAWFsJcEz5nu3Nmit_drJDhtn8HXdCLYUbFaQukK3WoLIAf3vVQ_nd9UQ&oh=00_Af77HSZPWccoRRs8AhMiqlTewix84Vj2L9IbVGKjuD03pw&oe=6A18DF19,https://scontent.fccu3-1.fna.fbcdn.net/v/t39.30808-6/475655449_1031305672374675_2879665206799896468_n.jpg?stp=dst-jpg_s960x960_tt6&_nc_cat=102&ccb=1-7&_nc_sid=833d8c&_nc_ohc=D416QdlVLPYQ7kNvwGr9sni&_nc_oc=Adp16mZ3IpakWBNh5oPmmDZOzx_9HyUzNVeH8uA7ja9vSUWHnS2iKIGl03SVPf5MC3A&_nc_zt=23&_nc_ht=scontent.fccu3-1.fna&edm=AKIiGfEEAAAA&_nc_gid=FwtDCHaWkOcgjpOKwBZ2sw&_nc_tpa=Q5bMBQFSNEkZcEV05NZPE4EpcmmsTL41QtN9goUZHDLEsIF7XtqW1U-Ve_jw0wnZcuAqGQV6C-mfS78c_g&oh=00_Af512dTbOObAb96UeQJ7j0kIz2ZoMhw7QLLw9ySAdKSv7A&oe=6A18DF19,https://www.facebook.com/photo.php?fbid=452030023635579&set=a.448214567350458&type=3,960,720,photo,photo,"#BHARAT_BOOK_OF_RECORDS
 🇮🇳🏅🇮🇳🏅🇮🇳🏅🇮🇳🏅🇮🇳🏅🇮🇳🏅🇮🇳🏅🇮🇳🏅
Dancing for Vande Mataram song along with 1000'sof  dancers on the occasion of 75th Independance day to create a new record at Freedom Park Bengaluru for BHARAT BOOK OF RECORDS",https://www.facebook.com/1425872462917992/posts/452030040302244,"#BHARAT_BOOK_OF_RECORDS
 🇮🇳🏅🇮🇳🏅🇮🇳🏅🇮🇳🏅🇮🇳🏅🇮🇳🏅🇮🇳🏅🇮🇳🏅
Dancing for Vande Mataram song along with 1000'sof  dancers on the occasion of 75th Independance day to create a new record at Freedom Park Bengaluru for BHARAT BOOK OF RECORDS",TRUE,FALSE,FALSE,FALSE,FALSE,2022-09-07T16:06:23+0000
107248091187807_452029876968927,https://scontent.fccu31-1.fna.fbcdn.net/v/t39.30808-6/475474730_1031306085707967_7017709606062145779_n.jpg?stp=dst-jpg_s960x960_tt6&_nc_cat=107&ccb=1-7&_nc_sid=833d8c&_nc_ohc=tZKbVUepePYQ7kNvwH3YJR6&_nc_oc=AdpYflHUItqFSFRgzBhaqMionpDHC2GADTVXS3DedeZJBD3T0y0dXrzv3A0_6A_6jbI&_nc_zt=23&_nc_ht=scontent.fccu31-1.fna&edm=AKIiGfEEAAAA&_nc_gid=FwtDCHaWkOcgjpOKwBZ2sw&_nc_tpa=Q5bMBQFzzHnouVI6mlmmRMhI-M4RzKY8nxKudSnvjHSyKYbckmH27tKEtiMthVd3Ud55_hUMLUrB9Cs0mA&oh=00_Af5PiePZyvo0gZuQ8fVPtVoVCXMkXz-DRYf8OSe4p121Bw&oe=6A18EE0F,https://scontent.fccu31-1.fna.fbcdn.net/v/t39.30808-6/475474730_1031306085707967_7017709606062145779_n.jpg?stp=dst-jpg_s960x960_tt6&_nc_cat=107&ccb=1-7&_nc_sid=833d8c&_nc_ohc=tZKbVUepePYQ7kNvwH3YJR6&_nc_oc=AdpYflHUItqFSFRgzBhaqMionpDHC2GADTVXS3DedeZJBD3T0y0dXrzv3A0_6A_6jbI&_nc_zt=23&_nc_ht=scontent.fccu31-1.fna&edm=AKIiGfEEAAAA&_nc_gid=FwtDCHaWkOcgjpOKwBZ2sw&_nc_tpa=Q5bMBQHmc8vLx8A5pZuC0on14WZiFNqd2dStZMZUAF-9tAHHtnuSOxGsLrH-9Y0GGo6ewU-KD1HNrhzD3A&oh=00_Af7QF12XSpll0fRhIm2KSUvncWD4vSgK7iWt-xfHbpGBqA&oe=6A18EE0F,https://www.facebook.com/photo.php?fbid=452029840302264&set=a.448214567350458&type=3,960,720,photo,photo,"#BHARAT_BOOK_OF_RECORDS
 🇮🇳🏅🇮🇳🏅🇮🇳🏅🇮🇳🏅🇮🇳🏅🇮🇳🏅🇮🇳🏅🇮🇳🏅
Dancing for Vande Mataram song along with 1000'sof  dancers on the occasion of 75th Independance day to create a new record at Freedom Park Bengaluru for BHARAT BOOK OF RECORDS",https://www.facebook.com/1425872462917992/posts/452029876968927,"#BHARAT_BOOK_OF_RECORDS
 🇮🇳🏅🇮🇳🏅🇮🇳🏅🇮🇳🏅🇮🇳🏅🇮🇳🏅🇮🇳🏅🇮🇳🏅
Dancing for Vande Mataram song along with 1000'sof  dancers on the occasion of 75th Independance day to create a new record at Freedom Park Bengaluru for BHARAT BOOK OF RECORDS",TRUE,FALSE,FALSE,FALSE,FALSE,2022-09-07T16:06:09+0000
107248091187807_452029750302273,https://scontent.fccu31-1.fna.fbcdn.net/v/t39.30808-6/475113026_1031305815707994_7660603190975524107_n.jpg?stp=dst-jpg_s960x960_tt6&_nc_cat=105&ccb=1-7&_nc_sid=833d8c&_nc_ohc=dBxKN3yL2kQQ7kNvwF9yvuR&_nc_oc=AdrfRcLBS_BvtdSx0J2a20C0Y23rdIHoPAWu0QpGn9SY_v7m1sr3qoySQrDs66A9HdA&_nc_zt=23&_nc_ht=scontent.fccu31-1.fna&edm=AKIiGfEEAAAA&_nc_gid=FwtDCHaWkOcgjpOKwBZ2sw&_nc_tpa=Q5bMBQEY0520SgZR7vD_QztwTkuKNiDhMZ-cVV4Hgl5RrhEnjNmw3q05q6jSiYmb-TOC-lGXYqFKgC2pZg&oh=00_Af40SnX7yO5s-dL6tFm_kEI9NHMIYs2a4HyT1R2j_qjJQg&oe=6A18D219,https://scontent.fccu31-1.fna.fbcdn.net/v/t39.30808-6/475113026_1031305815707994_7660603190975524107_n.jpg?stp=dst-jpg_s960x960_tt6&_nc_cat=105&ccb=1-7&_nc_sid=833d8c&_nc_ohc=dBxKN3yL2kQQ7kNvwF9yvuR&_nc_oc=AdrfRcLBS_BvtdSx0J2a20C0Y23rdIHoPAWu0QpGn9SY_v7m1sr3qoySQrDs66A9HdA&_nc_zt=23&_nc_ht=scontent.fccu31-1.fna&edm=AKIiGfEEAAAA&_nc_gid=FwtDCHaWkOcgjpOKwBZ2sw&_nc_tpa=Q5bMBQExmTHFksSX-xb9FLwBT0I3kfZePVi-Bm4r_OstARx66oesBRqDg6sJZcAGJLtTpk1DZv8VoBCRHw&oh=00_Af5xDJgs1Bjn1ACZKEK3-T_VnKU9B8ooCmFHi4aAEgHcxQ&oe=6A18D219,https://www.facebook.com/photo.php?fbid=452029713635610&set=a.448214567350458&type=3,960,720,photo,photo,"#BHARAT_BOOK_OF_RECORDS
 🇮🇳🏅🇮🇳🏅🇮🇳🏅🇮🇳🏅🇮🇳🏅🇮🇳🏅🇮🇳🏅🇮🇳🏅
Dancing for Vande Mataram song along with 1000'sof  dancers on the occasion of 75th Independance day to create a new record at Freedom Park Bengaluru for BHARAT BOOK OF RECORDS",https://www.facebook.com/1425872462917992/posts/452029750302273,"#BHARAT_BOOK_OF_RECORDS
 🇮🇳🏅🇮🇳🏅🇮🇳🏅🇮🇳🏅🇮🇳🏅🇮🇳🏅🇮🇳🏅🇮🇳🏅
Dancing for Vande Mataram song along with 1000'sof  dancers on the occasion of 75th Independance day to create a new record at Freedom Park Bengaluru for BHARAT BOOK OF RECORDS",TRUE,FALSE,FALSE,FALSE,FALSE,2022-09-07T16:05:59+0000
107248091187807_452029550302293,https://scontent.fccu3-1.fna.fbcdn.net/v/t39.30808-6/475138486_1031305712374671_405627312155220115_n.jpg?stp=dst-jpg_s960x960_tt6&_nc_cat=102&ccb=1-7&_nc_sid=833d8c&_nc_ohc=_5Bq3zQVT6IQ7kNvwH00Vfp&_nc_oc=AdrCHMlOv-BTOd08t0v8_TklqZadIihc2iUO_q0czLMkaPcEnKyPiRHYGv6NWbihaQU&_nc_zt=23&_nc_ht=scontent.fccu3-1.fna&edm=AKIiGfEEAAAA&_nc_gid=FwtDCHaWkOcgjpOKwBZ2sw&_nc_tpa=Q5bMBQFkXdIeBztLJ3AbmcmZGEvLpQsYGYJ-pv__UGbv6RExA3H7yknrGar0f2vrio3FdNcKi1rWtlnsYA&oh=00_Af4HB7V7C1BXs13SRBX3TLt3facmboCd9KH_3ajv1lQ1Gg&oe=6A18D491,https://scontent.fccu3-1.fna.fbcdn.net/v/t39.30808-6/475138486_1031305712374671_405627312155220115_n.jpg?stp=dst-jpg_s960x960_tt6&_nc_cat=102&ccb=1-7&_nc_sid=833d8c&_nc_ohc=_5Bq3zQVT6IQ7kNvwH00Vfp&_nc_oc=AdrCHMlOv-BTOd08t0v8_TklqZadIihc2iUO_q0czLMkaPcEnKyPiRHYGv6NWbihaQU&_nc_zt=23&_nc_ht=scontent.fccu3-1.fna&edm=AKIiGfEEAAAA&_nc_gid=FwtDCHaWkOcgjpOKwBZ2sw&_nc_tpa=Q5bMBQGAVEj8GS9Egy41qCpXc7LuBjYdM3nrezDSdoqyqpd26Eox6NiOTmW9a8KLmNCBOMC5OTkYbeY4XA&oh=00_Af7oEpO4RBmL59wFfz7TwDqDphaFR7BqgQbzryEviOxD6A&oe=6A18D491,https://www.facebook.com/photo.php?fbid=452029526968962&set=a.448214567350458&type=3,960,720,photo,photo,"#BHARAT_BOOK_OF_RECORDS
 🇮🇳🏅🇮🇳🏅🇮🇳🏅🇮🇳🏅🇮🇳🏅🇮🇳🏅🇮🇳🏅🇮🇳🏅
Dancing for Vande Mataram song along with 1000'sof  dancers on the occasion of 75th Independance day to create a new record at Freedom Park Bengaluru for BHARAT BOOK OF RECORDS",https://www.facebook.com/1425872462917992/posts/452029550302293,"#BHARAT_BOOK_OF_RECORDS
 🇮🇳🏅🇮🇳🏅🇮🇳🏅🇮🇳🏅🇮🇳🏅🇮🇳🏅🇮🇳🏅🇮🇳🏅
Dancing for Vande Mataram song along with 1000'sof  dancers on the occasion of 75th Independance day to create a new record at Freedom Park Bengaluru for BHARAT BOOK OF RECORDS",TRUE,FALSE,FALSE,FALSE,FALSE,2022-09-07T16:05:40+0000
107248091187807_452029390302309,https://scontent.fccu3-1.fna.fbcdn.net/v/t39.30808-6/475154712_1031306155707960_8916319712776987303_n.jpg?stp=dst-jpg_s960x960_tt6&_nc_cat=104&ccb=1-7&_nc_sid=833d8c&_nc_ohc=5TqcHpShnU8Q7kNvwF4dUTV&_nc_oc=AdoFYb7WerPOFvCj9nyapCSDVzNYcjsu5ZEM6YpHGIhJFgcbmtHS2OGbneOgYVx1KdA&_nc_zt=23&_nc_ht=scontent.fccu3-1.fna&edm=AKIiGfEEAAAA&_nc_gid=FwtDCHaWkOcgjpOKwBZ2sw&_nc_tpa=Q5bMBQEmxyw3E1lVNzoqow2P1dmoHIzv18ooCWoTMprrgVCUaxDygbSEm0DwdhkU8wM1WUDKaL18cI7rDQ&oh=00_Af4GhXKRC7a-f5siv3_r7JowcjHoeNgLIrGEJld8zjXDJQ&oe=6A18EEDE,https://scontent.fccu3-1.fna.fbcdn.net/v/t39.30808-6/475154712_1031306155707960_8916319712776987303_n.jpg?stp=dst-jpg_s960x960_tt6&_nc_cat=104&ccb=1-7&_nc_sid=833d8c&_nc_ohc=5TqcHpShnU8Q7kNvwF4dUTV&_nc_oc=AdoFYb7WerPOFvCj9nyapCSDVzNYcjsu5ZEM6YpHGIhJFgcbmtHS2OGbneOgYVx1KdA&_nc_zt=23&_nc_ht=scontent.fccu3-1.fna&edm=AKIiGfEEAAAA&_nc_gid=FwtDCHaWkOcgjpOKwBZ2sw&_nc_tpa=Q5bMBQEvxatS6OPLP4jQCEKnKV4Yd36iUQgiVW-GZHL4xW9VT6DGXFMJuO1TMo7sJyfAGax5C6m4hpKGWQ&oh=00_Af6WeIkQxZjMnqzz7f0eD8QS2HgTk8rLRtrV4tAlgpi3Wg&oe=6A18EEDE,https://www.facebook.com/photo.php?fbid=452029323635649&set=a.448214567350458&type=3,960,720,photo,photo,"#BHARAT_BOOK_OF_RECORDS
 🇮🇳🏅🇮🇳🏅🇮🇳🏅🇮🇳🏅🇮🇳🏅🇮🇳🏅🇮🇳🏅🇮🇳🏅
Dancing for Vande Mataram song along with 1000'sof  dancers on the occasion of 75th Independance day to create a new record at Freedom Park Bengaluru for BHARAT BOOK OF RECORDS",https://www.facebook.com/1425872462917992/posts/452029390302309,"#BHARAT_BOOK_OF_RECORDS
 🇮🇳🏅🇮🇳🏅🇮🇳🏅🇮🇳🏅🇮🇳🏅🇮🇳🏅🇮🇳🏅🇮🇳🏅
Dancing for Vande Mataram song along with 1000'sof  dancers on the occasion of 75th Independance day to create a new record at Freedom Park Bengaluru for BHARAT BOOK OF RECORDS",TRUE,FALSE,FALSE,FALSE,FALSE,2022-09-07T16:05:32+0000
107248091187807_452029200302328,https://scontent.fccu31-1.fna.fbcdn.net/v/t39.30808-6/475294898_1031306065707969_7322671216960077366_n.jpg?stp=dst-jpg_s960x960_tt6&_nc_cat=105&ccb=1-7&_nc_sid=833d8c&_nc_ohc=EKsJk7e8riYQ7kNvwFtMV7E&_nc_oc=Adrjt0oSTOq5vHu4QXF2HtRbTBuBli4PtHpWIxalKtr1nhtlFlnBW2dVNqnadFSmOdw&_nc_zt=23&_nc_ht=scontent.fccu31-1.fna&edm=AKIiGfEEAAAA&_nc_gid=FwtDCHaWkOcgjpOKwBZ2sw&_nc_tpa=Q5bMBQFmMcS3409Z32gTNuITRXNSnmC0LfhsA-cKfY4egId4P_EThAGX7WaIuyvmgn5LpJcZ_xfKRBqkSQ&oh=00_Af7mvK9WfecH0l91i6yC5ASzj6SqmqjlZmRMKOVDBfSAyw&oe=6A18BF9F,https://scontent.fccu31-1.fna.fbcdn.net/v/t39.30808-6/475294898_1031306065707969_7322671216960077366_n.jpg?stp=dst-jpg_s960x960_tt6&_nc_cat=105&ccb=1-7&_nc_sid=833d8c&_nc_ohc=EKsJk7e8riYQ7kNvwFtMV7E&_nc_oc=Adrjt0oSTOq5vHu4QXF2HtRbTBuBli4PtHpWIxalKtr1nhtlFlnBW2dVNqnadFSmOdw&_nc_zt=23&_nc_ht=scontent.fccu31-1.fna&edm=AKIiGfEEAAAA&_nc_gid=FwtDCHaWkOcgjpOKwBZ2sw&_nc_tpa=Q5bMBQF0JuOqeOKzgSxUrd-lprOfYTlxQKsJMxYNLXqM-LlsNVsfNtUA1txfMZRHeMtVSlZ1WNTRcFCU2Q&oh=00_Af6ZSYFLVfDrC8yHmF_XWSMKjZZ-jZeZoZWXfVt2fE1YAg&oe=6A18BF9F,https://www.facebook.com/photo.php?fbid=452029176968997&set=a.448214567350458&type=3,960,720,photo,photo,"#BHARAT_BOOK_OF_RECORDS
 🇮🇳🏅🇮🇳🏅🇮🇳🏅🇮🇳🏅🇮🇳🏅🇮🇳🏅🇮🇳🏅🇮🇳🏅
Dancing for Vande Mataram song along with 1000'sof  dancers on the occasion of 75th Independance day to create a new record at Freedom Park Bengaluru for BHARAT BOOK OF RECORDS",https://www.facebook.com/1425872462917992/posts/452029200302328,"#BHARAT_BOOK_OF_RECORDS
 🇮🇳🏅🇮🇳🏅🇮🇳🏅🇮🇳🏅🇮🇳🏅🇮🇳🏅🇮🇳🏅🇮🇳🏅
Dancing for Vande Mataram song along with 1000'sof  dancers on the occasion of 75th Independance day to create a new record at Freedom Park Bengaluru for BHARAT BOOK OF RECORDS",TRUE,FALSE,FALSE,FALSE,FALSE,2022-09-07T16:05:15+0000
107248091187807_452028516969063,https://scontent.fccu3-1.fna.fbcdn.net/v/t39.30808-6/475157666_1031305792374663_7253563752907763065_n.jpg?stp=dst-jpg_s960x960_tt6&_nc_cat=102&ccb=1-7&_nc_sid=833d8c&_nc_ohc=tpkZxq-tilQQ7kNvwHAAtGh&_nc_oc=AdrMBC14jpB1xSq8tc1Mz2XNKWsxcuKVOdk-uvbY-f6Ey-uCbs9C9fs9F42BOHqv3N4&_nc_zt=23&_nc_ht=scontent.fccu3-1.fna&edm=AKIiGfEEAAAA&_nc_gid=FwtDCHaWkOcgjpOKwBZ2sw&_nc_tpa=Q5bMBQGvRjxW0ziuYyrQNil__JM9cSeT4J5takGGjVKuiQnxUm5nMccz7xTrLwnFV64FdMoB7yfTjFV8KA&oh=00_Af7bW0V0ai2_dr-2ZXQdSU7QCVvlAzC8QcVreYmQ64R27w&oe=6A18C5B6,https://scontent.fccu3-1.fna.fbcdn.net/v/t39.30808-6/475157666_1031305792374663_7253563752907763065_n.jpg?stp=dst-jpg_s960x960_tt6&_nc_cat=102&ccb=1-7&_nc_sid=833d8c&_nc_ohc=tpkZxq-tilQQ7kNvwHAAtGh&_nc_oc=AdrMBC14jpB1xSq8tc1Mz2XNKWsxcuKVOdk-uvbY-f6Ey-uCbs9C9fs9F42BOHqv3N4&_nc_zt=23&_nc_ht=scontent.fccu3-1.fna&edm=AKIiGfEEAAAA&_nc_gid=FwtDCHaWkOcgjpOKwBZ2sw&_nc_tpa=Q5bMBQHtGqMTU4oPgcO0BpDD9NwG06fSuCURDZhuF37H2sC0qTMsmxlmaoG-48FstMDcw5VIUAm7JO3JJg&oh=00_Af5epFsVY58_KpMf64JM5dkQY4RarLIArWrWny4U7ekV8Q&oe=6A18C5B6,https://www.facebook.com/photo.php?fbid=452028486969066&set=a.448214567350458&type=3,960,720,photo,photo,"#BHARAT_BOOK_OF_RECORDS
 🇮🇳🏅🇮🇳🏅🇮🇳🏅🇮🇳🏅🇮🇳🏅🇮🇳🏅🇮🇳🏅🇮🇳🏅
Dancing for Vande Mataram song along with 1000'sof  dancers on the occasion of 75th Independance day to create a new record at Freedom Park Bengaluru for BHARAT BOOK OF RECORDS",https://www.facebook.com/1425872462917992/posts/452028516969063,"#BHARAT_BOOK_OF_RECORDS
 🇮🇳🏅🇮🇳🏅🇮🇳🏅🇮🇳🏅🇮🇳🏅🇮🇳🏅🇮🇳🏅🇮🇳🏅
Dancing for Vande Mataram song along with 1000'sof  dancers on the occasion of 75th Independance day to create a new record at Freedom Park Bengaluru for BHARAT BOOK OF RECORDS",TRUE,FALSE,FALSE,FALSE,FALSE,2022-09-07T16:04:03+0000
107248091187807_452028386969076,https://scontent.fccu3-1.fna.fbcdn.net/v/t39.30808-6/474939351_1031305765707999_183219008235349306_n.jpg?stp=dst-jpg_s960x960_tt6&_nc_cat=102&ccb=1-7&_nc_sid=833d8c&_nc_ohc=YZjV621wJZQQ7kNvwEy2EH0&_nc_oc=Adr0D07Zn9RSCNOYSCaaHjXHYDzvjMJiuQxG9TfpgVhpIPRz_wrnBoDfcd-yUWdpnQs&_nc_zt=23&_nc_ht=scontent.fccu3-1.fna&edm=AKIiGfEEAAAA&_nc_gid=FwtDCHaWkOcgjpOKwBZ2sw&_nc_tpa=Q5bMBQGU6xb4M6ynf8xDhgNyTLb3BYayZJsi4TJKJsgm3ou5UPCoLdUTT4wNwxMRAQopD2tOqNcnNWIybw&oh=00_Af7HavLT_Z1KD6C0nG2f4h9vPlbn7t0W5l4tThzast8RaA&oe=6A18EC43,https://scontent.fccu3-1.fna.fbcdn.net/v/t39.30808-6/474939351_1031305765707999_183219008235349306_n.jpg?stp=dst-jpg_s960x960_tt6&_nc_cat=102&ccb=1-7&_nc_sid=833d8c&_nc_ohc=YZjV621wJZQQ7kNvwEy2EH0&_nc_oc=Adr0D07Zn9RSCNOYSCaaHjXHYDzvjMJiuQxG9TfpgVhpIPRz_wrnBoDfcd-yUWdpnQs&_nc_zt=23&_nc_ht=scontent.fccu3-1.fna&edm=AKIiGfEEAAAA&_nc_gid=FwtDCHaWkOcgjpOKwBZ2sw&_nc_tpa=Q5bMBQGidUnLJIR-7uru5pfy_IiOVdGvI0ahxiugJe1KrQV9K7dv9M92hpJbn81xdJsjQ-Espzku2VXvug&oh=00_Af5OSjnqS3qXwDI72ANJ5DF8-xPxpMSWHp4LgCKGeYPznA&oe=6A18EC43,https://www.facebook.com/photo.php?fbid=452028370302411&set=a.448214567350458&type=3,960,720,photo,photo,"#BHARAT_BOOK_OF_RECORDS
 🇮🇳🏅🇮🇳🏅🇮🇳🏅🇮🇳🏅🇮🇳🏅🇮🇳🏅🇮🇳🏅🇮🇳🏅
Dancing for Vande Mataram song along with 1000'sof  dancers on the occasion of 75th Independance day to create a new record at Freedom Park Bengaluru for BHARAT BOOK OF RECORDS",https://www.facebook.com/1425872462917992/posts/452028386969076,"#BHARAT_BOOK_OF_RECORDS
 🇮🇳🏅🇮🇳🏅🇮🇳🏅🇮🇳🏅🇮🇳🏅🇮🇳🏅🇮🇳🏅🇮🇳🏅
Dancing for Vande Mataram song along with 1000'sof  dancers on the occasion of 75th Independance day to create a new record at Freedom Park Bengaluru for BHARAT BOOK OF RECORDS",TRUE,FALSE,FALSE,FALSE,FALSE,2022-09-07T16:03:53+0000
107248091187807_452028276969087,https://scontent.fccu3-1.fna.fbcdn.net/v/t39.30808-6/475549599_1031306005707975_662506907684282808_n.jpg?stp=dst-jpg_s960x960_tt6&_nc_cat=101&ccb=1-7&_nc_sid=833d8c&_nc_ohc=q34qTsXxKNIQ7kNvwGR3NFf&_nc_oc=Adorcqi-MZ2hbumoRwXcDMKSAguJoOIzoFuMb6_pgdEmnXzakm26Vj-v1XREpOBXajk&_nc_zt=23&_nc_ht=scontent.fccu3-1.fna&edm=AKIiGfEEAAAA&_nc_gid=FwtDCHaWkOcgjpOKwBZ2sw&_nc_tpa=Q5bMBQHRrg7E5TZZy5kCwLRhuaY85hWTF0YziD3wsmeGI9m6IYXiTg6_0DoIThMdGms6Nl1VKYnL7g1ctw&oh=00_Af6eTz4RDxdEPPCTxSlZexvXP3OzO6do3HzNehHvn1yVqA&oe=6A18D6F5,https://scontent.fccu3-1.fna.fbcdn.net/v/t39.30808-6/475549599_1031306005707975_662506907684282808_n.jpg?stp=dst-jpg_s960x960_tt6&_nc_cat=101&ccb=1-7&_nc_sid=833d8c&_nc_ohc=q34qTsXxKNIQ7kNvwGR3NFf&_nc_oc=Adorcqi-MZ2hbumoRwXcDMKSAguJoOIzoFuMb6_pgdEmnXzakm26Vj-v1XREpOBXajk&_nc_zt=23&_nc_ht=scontent.fccu3-1.fna&edm=AKIiGfEEAAAA&_nc_gid=FwtDCHaWkOcgjpOKwBZ2sw&_nc_tpa=Q5bMBQFZm3qBAW4OxLHjrP1EMfrVsGGX4_Dr4EMc674WTgoOcOIXsA0Ax8oemRumSWouBM_YAR68DJTQpg&oh=00_Af4OdtiPOjjTTzi9QLkyO0sefqUaTnkSC0-4lzBUU1yItw&oe=6A18D6F5,https://www.facebook.com/photo.php?fbid=452028256969089&set=a.448214567350458&type=3,960,720,photo,photo,"#BHARAT_BOOK_OF_RECORDS
 🇮🇳🏅🇮🇳🏅🇮🇳🏅🇮🇳🏅🇮🇳🏅🇮🇳🏅🇮🇳🏅🇮🇳🏅
Dancing for Vande Mataram song along with 1000'sof  dancers on the occasion of 75th Independance day to create a new record at Freedom Park Bengaluru for BHARAT BOOK OF RECORDS",https://www.facebook.com/1425872462917992/posts/452028276969087,"#BHARAT_BOOK_OF_RECORDS
 🇮🇳🏅🇮🇳🏅🇮🇳🏅🇮🇳🏅🇮🇳🏅🇮🇳🏅🇮🇳🏅🇮🇳🏅
Dancing for Vande Mataram song along with 1000'sof  dancers on the occasion of 75th Independance day to create a new record at Freedom Park Bengaluru for BHARAT BOOK OF RECORDS",TRUE,FALSE,FALSE,FALSE,FALSE,2022-09-07T16:03:39+0000
107248091187807_452027986969116,https://scontent.fccu3-1.fna.fbcdn.net/v/t39.30808-6/475139333_1031305805707995_429885282003393307_n.jpg?stp=dst-jpg_s960x960_tt6&_nc_cat=106&ccb=1-7&_nc_sid=833d8c&_nc_ohc=m-C4NnfcM2YQ7kNvwEVsUlY&_nc_oc=AdpbEPVHNi950s-znjeLx-jyP6WknipEt0Emex7BhQHxiqgy9xlYzCd4P_cmM_Rj3qI&_nc_zt=23&_nc_ht=scontent.fccu3-1.fna&edm=AKIiGfEEAAAA&_nc_gid=FwtDCHaWkOcgjpOKwBZ2sw&_nc_tpa=Q5bMBQHwZ8BfQSXhdmWgsDda091msru4vtW3GPpAHxSRumJvY_CCtnrEu45gKPUYMQU26VkIWMKxzNMYZQ&oh=00_Af5RBL4Ue7lM4ZTFKlzOi0lW7IA8ihWIPDTat2XhSylgNA&oe=6A18D3C3,https://scontent.fccu3-1.fna.fbcdn.net/v/t39.30808-6/475139333_1031305805707995_429885282003393307_n.jpg?stp=dst-jpg_s960x960_tt6&_nc_cat=106&ccb=1-7&_nc_sid=833d8c&_nc_ohc=m-C4NnfcM2YQ7kNvwEVsUlY&_nc_oc=AdpbEPVHNi950s-znjeLx-jyP6WknipEt0Emex7BhQHxiqgy9xlYzCd4P_cmM_Rj3qI&_nc_zt=23&_nc_ht=scontent.fccu3-1.fna&edm=AKIiGfEEAAAA&_nc_gid=FwtDCHaWkOcgjpOKwBZ2sw&_nc_tpa=Q5bMBQEpVoBhT-5N8wKBQyceUEz4jQkiY_g-CtMm1LVfbFxwjHgmg9HG_0DREgc4Qys-oZ9gzy4qmXLUpw&oh=00_Af4vUXv88maeARiWB0T2QtvzLUU6-cLO32YBuXogHaixZw&oe=6A18D3C3,https://www.facebook.com/photo.php?fbid=452027963635785&set=a.448214567350458&type=3,960,720,photo,photo,"#BHARAT_BOOK_OF_RECORDS
 🇮🇳🏅🇮🇳🏅🇮🇳🏅🇮🇳🏅🇮🇳🏅🇮🇳🏅🇮🇳🏅🇮🇳🏅
Dancing for Vande Mataram song along with 1000'sof  dancers on the occasion of 75th Independance day to create a new record at Freedom Park Bengaluru for BHARAT BOOK OF RECORDS",https://www.facebook.com/1425872462917992/posts/452027986969116,"#BHARAT_BOOK_OF_RECORDS
 🇮🇳🏅🇮🇳🏅🇮🇳🏅🇮🇳🏅🇮🇳🏅🇮🇳🏅🇮🇳🏅🇮🇳🏅
Dancing for Vande Mataram song along with 1000'sof  dancers on the occasion of 75th Independance day to create a new record at Freedom Park Bengaluru for BHARAT BOOK OF RECORDS",TRUE,FALSE,FALSE,FALSE,FALSE,2022-09-07T16:03:12+0000
107248091187807_452027773635804,https://scontent.fccu31-2.fna.fbcdn.net/v/t39.30808-6/475187875_1031305762374666_5996242130055915670_n.jpg?stp=dst-jpg_s960x960_tt6&_nc_cat=108&ccb=1-7&_nc_sid=833d8c&_nc_ohc=jQC3OGYWfhUQ7kNvwFD0QDO&_nc_oc=AdrZxrgDoFrWVvLOm4w5T9TOhlBy4ncp4f1xvp_24TMWFPu3_gQIvTdBwT1BKWvKHvo&_nc_zt=23&_nc_ht=scontent.fccu31-2.fna&edm=AKIiGfEEAAAA&_nc_gid=FwtDCHaWkOcgjpOKwBZ2sw&_nc_tpa=Q5bMBQHnRrlrrlQMdxB5BLYXKDW4wB0r-cUyOYjLsX5mOk4iHtcGjmq2vw070cOUttyjDOpDmhsmsiZvZg&oh=00_Af61lQvrCKpJi5bF5i1fMR2mdl6xaZiCuwjpvU9c9xO1cA&oe=6A18E8A9,https://scontent.fccu31-2.fna.fbcdn.net/v/t39.30808-6/475187875_1031305762374666_5996242130055915670_n.jpg?stp=dst-jpg_s960x960_tt6&_nc_cat=108&ccb=1-7&_nc_sid=833d8c&_nc_ohc=jQC3OGYWfhUQ7kNvwFD0QDO&_nc_oc=AdrZxrgDoFrWVvLOm4w5T9TOhlBy4ncp4f1xvp_24TMWFPu3_gQIvTdBwT1BKWvKHvo&_nc_zt=23&_nc_ht=scontent.fccu31-2.fna&edm=AKIiGfEEAAAA&_nc_gid=FwtDCHaWkOcgjpOKwBZ2sw&_nc_tpa=Q5bMBQHRmK1ooc12UuqgpSPPwFDSK-QzEtjD-2slqAkHPsysBko1ywQ0mk1dVsCjHeov0XiJbZrHPPrD_Q&oh=00_Af49MkS9fCWRl1EhGqN4zlIRArBKWhBW11lZTnXfMaq_Dg&oe=6A18E8A9,https://www.facebook.com/photo.php?fbid=452027760302472&set=a.448214567350458&type=3,960,720,photo,photo,"#BHARAT_BOOK_OF_RECORDS
 🇮🇳🏅🇮🇳🏅🇮🇳🏅🇮🇳🏅🇮🇳🏅🇮🇳🏅🇮🇳🏅🇮🇳🏅
Dancing for Vande Mataram song along with 1000'sof  dancers on the occasion of 75th Independance day to create a new record at Freedom Park Bengaluru for BHARAT BOOK OF RECORDS",https://www.facebook.com/1425872462917992/posts/452027773635804,"#BHARAT_BOOK_OF_RECORDS
 🇮🇳🏅🇮🇳🏅🇮🇳🏅🇮🇳🏅🇮🇳🏅🇮🇳🏅🇮🇳🏅🇮🇳🏅
Dancing for Vande Mataram song along with 1000'sof  dancers on the occasion of 75th Independance day to create a new record at Freedom Park Bengaluru for BHARAT BOOK OF RECORDS",TRUE,FALSE,FALSE,FALSE,FALSE,2022-09-07T16:02:54+0000
107248091187807_452026850302563,https://scontent.fccu31-2.fna.fbcdn.net/v/t39.30808-6/475139619_1031305729041336_2449790340956394857_n.jpg?stp=dst-jpg_s960x960_tt6&_nc_cat=111&ccb=1-7&_nc_sid=833d8c&_nc_ohc=C_NacXryvRMQ7kNvwFMqWcy&_nc_oc=Adpia1evI31NJKKAP_coXvaMl_YL15HS0kyyxyx7qbVvMFDVLicnpjawzegFM2giR_E&_nc_zt=23&_nc_ht=scontent.fccu31-2.fna&edm=AKIiGfEEAAAA&_nc_gid=FwtDCHaWkOcgjpOKwBZ2sw&_nc_tpa=Q5bMBQEeMCAVYopiM35ACgGQiy631sYGYEI47Ab6PUG25K-znhieDZQNtyczj3vt5vzfSdmFG5MVQ0vJAQ&oh=00_Af6UmmB4VuWVoYNTshdmbzmG62o8dsMx35K2jSj9e0GADg&oe=6A18F1D3,https://scontent.fccu31-2.fna.fbcdn.net/v/t39.30808-6/475139619_1031305729041336_2449790340956394857_n.jpg?stp=dst-jpg_s960x960_tt6&_nc_cat=111&ccb=1-7&_nc_sid=833d8c&_nc_ohc=C_NacXryvRMQ7kNvwFMqWcy&_nc_oc=Adpia1evI31NJKKAP_coXvaMl_YL15HS0kyyxyx7qbVvMFDVLicnpjawzegFM2giR_E&_nc_zt=23&_nc_ht=scontent.fccu31-2.fna&edm=AKIiGfEEAAAA&_nc_gid=FwtDCHaWkOcgjpOKwBZ2sw&_nc_tpa=Q5bMBQFoW_kvxY1QXYoa6YiN68YYTkP8LaT56791WrPV5HeqXQmXCeQCXlRPQ12CquFbs7jo4Wx_8h4iWQ&oh=00_Af6PvTnfwYzuxMJYal2lP35hk0esXoJfGKozr3otsrEeNw&oe=6A18F1D3,https://www.facebook.com/photo.php?fbid=452026826969232&set=a.448214567350458&type=3,960,720,photo,photo,"#BHARAT_BOOK_OF_RECORDS
 🇮🇳🏅🇮🇳🏅🇮🇳🏅🇮🇳🏅🇮🇳🏅🇮🇳🏅🇮🇳🏅🇮🇳🏅
Dancing for Vande Mataram song along with 1000'sof  dancers on the occasion of 75th Independance day to create a new record at Freedom Park Bengaluru for BHARAT BOOK OF RECORDS",https://www.facebook.com/1425872462917992/posts/452026850302563,"#BHARAT_BOOK_OF_RECORDS
 🇮🇳🏅🇮🇳🏅🇮🇳🏅🇮🇳🏅🇮🇳🏅🇮🇳🏅🇮🇳🏅🇮🇳🏅
Dancing for Vande Mataram song along with 1000'sof  dancers on the occasion of 75th Independance day to create a new record at Freedom Park Bengaluru for BHARAT BOOK OF RECORDS",TRUE,FALSE,FALSE,FALSE,FALSE,2022-09-07T16:01:54+0000
107248091187807_452025903635991,https://scontent.fccu31-2.fna.fbcdn.net/v/t39.30808-6/475252744_1031306039041305_2507440650535855720_n.jpg?stp=dst-jpg_s960x960_tt6&_nc_cat=111&ccb=1-7&_nc_sid=833d8c&_nc_ohc=llfdhAFLmjAQ7kNvwHHKboE&_nc_oc=AdrGUY3hJ4qG4nppMUHBV8ZGEzZyohW25Zw1NLfAnqiWDpm5Pme-3t1gO97ARaDAfY8&_nc_zt=23&_nc_ht=scontent.fccu31-2.fna&edm=AKIiGfEEAAAA&_nc_gid=FwtDCHaWkOcgjpOKwBZ2sw&_nc_tpa=Q5bMBQEsmHA_Zsfrrp5UbrBaaFPKsJ2we9OJI-s_K38eEIfHJOI-vhsXCf8XkMaQ4NH5CWZCNfKBsy8Gig&oh=00_Af5A2CbqvAvnHloZ7HoNxosOYrL_zzsp3ATkoMFsknO_vA&oe=6A18DF59,https://scontent.fccu31-2.fna.fbcdn.net/v/t39.30808-6/475252744_1031306039041305_2507440650535855720_n.jpg?stp=dst-jpg_s960x960_tt6&_nc_cat=111&ccb=1-7&_nc_sid=833d8c&_nc_ohc=llfdhAFLmjAQ7kNvwHHKboE&_nc_oc=AdrGUY3hJ4qG4nppMUHBV8ZGEzZyohW25Zw1NLfAnqiWDpm5Pme-3t1gO97ARaDAfY8&_nc_zt=23&_nc_ht=scontent.fccu31-2.fna&edm=AKIiGfEEAAAA&_nc_gid=FwtDCHaWkOcgjpOKwBZ2sw&_nc_tpa=Q5bMBQGJyBMFsNp0u9wsrw-c1-CuyK6pGzUSv-m6gljZGxrk1XGE7OtxKb_i8s3NiNfoP_5kXCwz0q2E3A&oh=00_Af7polehaOUtWbHF62dQnXru4dqUzDqaQvFcvfcdxgLFmQ&oe=6A18DF59,https://www.facebook.com/photo.php?fbid=452025876969327&set=a.448214567350458&type=3,960,720,photo,photo,"#BHARAT_BOOK_OF_RECORDS
 🇮🇳🏅🇮🇳🏅🇮🇳🏅🇮🇳🏅🇮🇳🏅🇮🇳🏅🇮🇳🏅🇮🇳🏅
Dancing for Vande Mataram song along with 1000'sof  dancers on the occasion of 75th Independance day to create a new record at Freedom Park Bengaluru for BHARAT BOOK OF RECORDS",https://www.facebook.com/1425872462917992/posts/452025903635991,"#BHARAT_BOOK_OF_RECORDS
 🇮🇳🏅🇮🇳🏅🇮🇳🏅🇮🇳🏅🇮🇳🏅🇮🇳🏅🇮🇳🏅🇮🇳🏅
Dancing for Vande Mataram song along with 1000'sof  dancers on the occasion of 75th Independance day to create a new record at Freedom Park Bengaluru for BHARAT BOOK OF RECORDS",TRUE,FALSE,FALSE,FALSE,FALSE,2022-09-07T16:00:13+0000
107248091187807_561252005787411,https://scontent.fccu3-1.fna.fbcdn.net/v/t39.30808-6/476120532_1137061551539784_4978714867256947404_n.jpg?_nc_cat=104&ccb=1-7&_nc_sid=833d8c&_nc_ohc=KNiRFX-FII8Q7kNvwEtZHKc&_nc_oc=AdoamLMKveyRBlyBR3TQ0LByb83Z98ZIRZNLyFeiCZnbVuB7KsaHDhWdYP2lZTTzDsM&_nc_zt=23&_nc_ht=scontent.fccu3-1.fna&edm=AKIiGfEEAAAA&_nc_gid=FwtDCHaWkOcgjpOKwBZ2sw&_nc_tpa=Q5bMBQH98Ha_JUuEQCyx0RBCaH_BW7_I2pS6NhEKazF6PWNm23I-H2foDVfa_lwasQpsJTrWik5rhKUmjw&oh=00_Af5lDX5dC00Re3_XDUmpMB_WrQSa8AuXTcncmQilRrqDZg&oe=6A18E4EA,https://scontent.fccu3-1.fna.fbcdn.net/v/t39.30808-6/476120532_1137061551539784_4978714867256947404_n.jpg?_nc_cat=104&ccb=1-7&_nc_sid=833d8c&_nc_ohc=KNiRFX-FII8Q7kNvwEtZHKc&_nc_oc=AdoamLMKveyRBlyBR3TQ0LByb83Z98ZIRZNLyFeiCZnbVuB7KsaHDhWdYP2lZTTzDsM&_nc_zt=23&_nc_ht=scontent.fccu3-1.fna&edm=AKIiGfEEAAAA&_nc_gid=FwtDCHaWkOcgjpOKwBZ2sw&_nc_tpa=Q5bMBQEurzFArS7j619c5FdoXjkVwmKQgTUk-VH5DjSHX7WsXNBeqGt5C1Nv_JX9BjiSGWAWioVV0Cbtdg&oh=00_Af4fJcClZmbpYl9d0TGAfcbq8E4Mnv2TGgrbcfAj5O7JVQ&oe=6A18E4EA,https://www.facebook.com/1425872462917992/posts/561252005787411,564,960,album,album,,https://www.facebook.com/1425872462917992/posts/561252005787411,"Newspaper Article of Independence Day Celebration 📰🇮🇳📰🇮🇳📰🇮🇳📰🇮🇳📰
Thanks to 🙏🙏

#Times_of_India
#Indian_Express
#Bharat_Sarathi",TRUE,FALSE,FALSE,FALSE,FALSE,2022-08-24T02:22:37+0000
107248091187807_558371382742140,https://scontent.fccu31-1.fna.fbcdn.net/v/t39.30808-6/475512883_1137055554873717_3512547940160775765_n.jpg?_nc_cat=110&ccb=1-7&_nc_sid=833d8c&_nc_ohc=UEoN5yeYbwkQ7kNvwEjagRN&_nc_oc=AdqGyRZfPaYViiKmMl9RnYTFvM-WnA2mOd0BRyPUianv3RlbWAv0k14__nn0GTVCVkA&_nc_zt=23&_nc_ht=scontent.fccu31-1.fna&edm=AKIiGfEEAAAA&_nc_gid=FwtDCHaWkOcgjpOKwBZ2sw&_nc_tpa=Q5bMBQEQkEitscpuDKDTl_Rdmt8QnZDTaS6M1pNn9m5dgKT3ncC_1zhRw6W0cD9q1ZeS982OgFN9q9cuDg&oh=00_Af5bO7OMIV5GD8avICNjPM9TXhZpiQmec_L1vXzvqog_Pg&oe=6A18E8B2,https://scontent.fccu31-1.fna.fbcdn.net/v/t39.30808-6/475512883_1137055554873717_3512547940160775765_n.jpg?_nc_cat=110&ccb=1-7&_nc_sid=833d8c&_nc_ohc=UEoN5yeYbwkQ7kNvwEjagRN&_nc_oc=AdqGyRZfPaYViiKmMl9RnYTFvM-WnA2mOd0BRyPUianv3RlbWAv0k14__nn0GTVCVkA&_nc_zt=23&_nc_ht=scontent.fccu31-1.fna&edm=AKIiGfEEAAAA&_nc_gid=FwtDCHaWkOcgjpOKwBZ2sw&_nc_tpa=Q5bMBQHkNjACbU2mhdotgxTl8LrxlZ1w8Fk6h3HE8HYfoP3Md4rm7MNyeiiq4-78sy8eNMQzOlYMU-r1fw&oh=00_Af607BUAw-Me5iEuNoIVOmNOovv8CMGlemy4Ml4PkhbDQQ&oe=6A18E8B2,https://www.facebook.com/photo.php?fbid=558371352742143&set=a.448214567350458&type=3,634,1080,photo,photo,Newspaper Article of #Bharat_Book_of_Records📰🇮🇳📰🇮🇳📰🇮🇳📰🇮🇳📰🇮🇳📰🇮🇳📰🇮🇳📰🇮🇳📰🇮🇳,https://www.facebook.com/1425872462917992/posts/558371382742140,Newspaper Article of #Bharat_Book_of_Records📰🇮🇳📰🇮🇳📰🇮🇳📰🇮🇳📰🇮🇳📰🇮🇳📰🇮🇳📰🇮🇳📰🇮🇳,TRUE,FALSE,FALSE,FALSE,FALSE,2022-08-20T02:44:51+0000
107248091187807_554885496424062,https://scontent.fccu31-2.fna.fbcdn.net/v/t15.5256-10/296570907_164307796146623_4598056700962186726_n.jpg?_nc_cat=111&ccb=1-7&_nc_sid=54741f&_nc_ohc=Tj4af7QnsOIQ7kNvwF6hEoQ&_nc_oc=AdrSPs-_ORv5UuR4PkyR_qKkv9XQcmGUyqNdD82reJKg-y4kR3KwQ4jthZ0SjkBwQ6M&_nc_zt=23&_nc_ht=scontent.fccu31-2.fna&edm=AKIiGfEEAAAA&_nc_gid=FwtDCHaWkOcgjpOKwBZ2sw&_nc_tpa=Q5bMBQEcyRw4Zu2wrOxNR9ID4tBDB8Aqnjz4k6jdRsSaVXpVv-b2oRHENWrRqmGDY2Y0K_gNhKL3VaOlrA&oh=00_Af67JnY-fSigSMuCxCKdYr5ojyHSGlffcp5fYj1jkgkb_A&oe=6A18C0E3,https://scontent.fccu31-2.fna.fbcdn.net/v/t15.5256-10/296570907_164307796146623_4598056700962186726_n.jpg?stp=dst-jpg_s720x720_tt6&_nc_cat=111&ccb=1-7&_nc_sid=54741f&_nc_ohc=Tj4af7QnsOIQ7kNvwF6hEoQ&_nc_oc=AdrSPs-_ORv5UuR4PkyR_qKkv9XQcmGUyqNdD82reJKg-y4kR3KwQ4jthZ0SjkBwQ6M&_nc_zt=23&_nc_ht=scontent.fccu31-2.fna&edm=AKIiGfEEAAAA&_nc_gid=FwtDCHaWkOcgjpOKwBZ2sw&_nc_tpa=Q5bMBQHqx4WLfgNvzUuttYwvAT23lyQ-tTKsXfYB1RAUgBlBWaKINFkB_MMYXzWleszHEQXI9aeq1mx4IQ&oh=00_Af7noMKpicq2uZwSb74KMYRqkgHbaoH54g365jPeuSYFug&oe=6A18C0E3,https://www.facebook.com/1425872462917992/videos/588330619380443,405,720,video,video_inline,,https://www.facebook.com/1425872462917992/videos/588330619380443,Dance for India,TRUE,FALSE,FALSE,FALSE,FALSE,2022-08-15T11:59:15+0000
107248091187807_554880466424565,https://scontent.fccu31-1.fna.fbcdn.net/v/t15.13418-10/299653653_1687763204920827_75088864218994502_n.jpg?stp=dst-jpg_tt6&_nc_cat=107&ccb=1-7&_nc_sid=aaa768&_nc_ohc=5Jy49AhgkL0Q7kNvwFcsBSx&_nc_oc=AdqjiiBO4FTGFDw2DhkO4CJ9AaeScWFyr1vPaKs7ZURqZ1U1jawxSVRPzUd9CM-RsHQ&_nc_zt=23&_nc_ht=scontent.fccu31-1.fna&edm=AKIiGfEEAAAA&_nc_gid=FwtDCHaWkOcgjpOKwBZ2sw&_nc_tpa=Q5bMBQGGHAMD8Ve1XOa7MQQp-fmXI_XoZTclgRW64FJyknc8qA6tV8DZMsmJkXqgEsPTBe0sbcViAnPwmg&oh=00_Af6cIGFSub8vZ7I-UcFnIU33-5rO5Kqzx813qv6NsXH9AQ&oe=6A18BC55,https://scontent.fccu31-1.fna.fbcdn.net/v/t15.13418-10/299653653_1687763204920827_75088864218994502_n.jpg?stp=dst-jpg_s720x720_tt6&_nc_cat=107&ccb=1-7&_nc_sid=aaa768&_nc_ohc=5Jy49AhgkL0Q7kNvwFcsBSx&_nc_oc=AdqjiiBO4FTGFDw2DhkO4CJ9AaeScWFyr1vPaKs7ZURqZ1U1jawxSVRPzUd9CM-RsHQ&_nc_zt=23&_nc_ht=scontent.fccu31-1.fna&edm=AKIiGfEEAAAA&_nc_gid=FwtDCHaWkOcgjpOKwBZ2sw&_nc_tpa=Q5bMBQF-4xbVQjQgKRTQFe1vhvfeGcUnGLPrciLmZLLwvqojVZCAQnm8hWFjJ2AIRuSC5q7iXe_9AIYJuA&oh=00_Af5mPMBrHbuIusd_KYMBKhWNd6xRaDYO1Vkxy4oaLtgPfw&oe=6A18BC55,https://www.facebook.com/1425872462917992/videos/504373904828795,405,720,video,video_inline,,https://www.facebook.com/1425872462917992/videos/504373904828795,Dance for India,TRUE,FALSE,FALSE,FALSE,FALSE,2022-08-15T11:56:27+0000
107248091187807_554879926424619,https://scontent.fccu31-2.fna.fbcdn.net/v/t15.13418-10/298547251_763266498246729_3030145461266055737_n.jpg?stp=dst-jpg_tt6&_nc_cat=103&ccb=1-7&_nc_sid=aaa768&_nc_ohc=gIatSfdwzCwQ7kNvwEl5Sl0&_nc_oc=AdrzDbd2d2vbhAjro6inFhgRevWxZy6d-umCA617FaZauowQz_YDTE-yW5VJ4zhXJHE&_nc_zt=23&_nc_ht=scontent.fccu31-2.fna&edm=AKIiGfEEAAAA&_nc_gid=FwtDCHaWkOcgjpOKwBZ2sw&_nc_tpa=Q5bMBQHnHzlKdbGkl53Z53zc6x4PY9Su-ETDjhfbVrABOhbxxzFrAuWpIS0h0UM3VgU3jzsKDIdXGu2IBQ&oh=00_Af4jJ8w_HzIhBn6a5zHztPo4MTaVf-pSmcAvBd_MZ72Y_g&oe=6A18D98E,https://scontent.fccu31-2.fna.fbcdn.net/v/t15.13418-10/298547251_763266498246729_3030145461266055737_n.jpg?stp=dst-jpg_s720x720_tt6&_nc_cat=103&ccb=1-7&_nc_sid=aaa768&_nc_ohc=gIatSfdwzCwQ7kNvwEl5Sl0&_nc_oc=AdrzDbd2d2vbhAjro6inFhgRevWxZy6d-umCA617FaZauowQz_YDTE-yW5VJ4zhXJHE&_nc_zt=23&_nc_ht=scontent.fccu31-2.fna&edm=AKIiGfEEAAAA&_nc_gid=FwtDCHaWkOcgjpOKwBZ2sw&_nc_tpa=Q5bMBQFTBlpBAOT2jlNh-LO_W2-3XPbEidnWC-rExsLyoVTf107iAoEO4YB9qspngou6Puodi9XoTWERiA&oh=00_Af6CFYCHVE0xHOfbMRHdYxqrr6vrry1T9zK-Y_0X9dfcGg&oe=6A18D98E,https://www.facebook.com/1425872462917992/videos/616682213412759,405,720,video,video_inline,,https://www.facebook.com/1425872462917992/videos/616682213412759,Dance for India,TRUE,FALSE,FALSE,FALSE,FALSE,2022-08-15T11:55:47+0000
107248091187807_554880139757931,https://scontent.fccu31-1.fna.fbcdn.net/v/t39.30808-6/476078070_1137048064874466_4099684437809457525_n.jpg?_nc_cat=107&ccb=1-7&_nc_sid=833d8c&_nc_ohc=sIBGjtXfl4kQ7kNvwFh_lJY&_nc_oc=Ado25L4ZcGJnRNK46QAl-oOHJLQnZ1jzi90eA0IH6YsC-UordWgmFaXUkWeEPc5f1aY&_nc_zt=23&_nc_ht=scontent.fccu31-1.fna&edm=AKIiGfEEAAAA&_nc_gid=FwtDCHaWkOcgjpOKwBZ2sw&_nc_tpa=Q5bMBQElIuiSz_6qMMnp6mS6Igh8unNNNTJoGuumKOYk9Rvf2urJz3XRGYNIDnEnFLzLVjs-cYOerVR-bQ&oh=00_Af6LVzuHDpjFeNN7RqUWpb0_U1sRKg7w1Zc7WhqwquVRKQ&oe=6A18BC2D,https://scontent.fccu31-1.fna.fbcdn.net/v/t39.30808-6/476078070_1137048064874466_4099684437809457525_n.jpg?_nc_cat=107&ccb=1-7&_nc_sid=833d8c&_nc_ohc=sIBGjtXfl4kQ7kNvwFh_lJY&_nc_oc=Ado25L4ZcGJnRNK46QAl-oOHJLQnZ1jzi90eA0IH6YsC-UordWgmFaXUkWeEPc5f1aY&_nc_zt=23&_nc_ht=scontent.fccu31-1.fna&edm=AKIiGfEEAAAA&_nc_gid=FwtDCHaWkOcgjpOKwBZ2sw&_nc_tpa=Q5bMBQGpD6H_8tRafrVagSU6DqyEArTtSMznYJQQpSA2qkbylR3TB0h66U4PIKXBDjjVxrCVJlZDM0M3hA&oh=00_Af7AIHNu4qW5PIJWNj2rC-OCkVDU7sxmzfO6I2Zu54iuag&oe=6A18BC2D,https://www.facebook.com/1425872462917992/posts/554880139757931,720,960,album,album,,https://www.facebook.com/1425872462917992/posts/554880139757931,Dance for India,TRUE,FALSE,FALSE,FALSE,FALSE,2022-08-15T11:54:03+0000
107248091187807_554879466424665,https://scontent.fccu31-1.fna.fbcdn.net/v/t39.30808-6/476168484_1137048224874450_2548323866466165832_n.jpg?stp=dst-jpg_s1080x2048_tt6&_nc_cat=107&ccb=1-7&_nc_sid=833d8c&_nc_ohc=hLDlJAcZ8GgQ7kNvwEXnRI1&_nc_oc=Adr1-ktZZ-gni8X0_20rWTLAGdLxhCJoXec68e5gxZTqyb-27LOcYDJ_L2tLclCglyc&_nc_zt=23&_nc_ht=scontent.fccu31-1.fna&edm=AKIiGfEEAAAA&_nc_gid=FwtDCHaWkOcgjpOKwBZ2sw&_nc_tpa=Q5bMBQHuM9SNedU8I9n9NNfsr4ydGalMsnzb5ZUyUF0XTqPUfMPavg1aWjgbthBgoEQagUeblB9E02CydQ&oh=00_Af5Z9esFYwAXskm13vLsdA01M7ZSVMhQ01q8f2A97eid-A&oe=6A18F1FB,https://scontent.fccu31-1.fna.fbcdn.net/v/t39.30808-6/476168484_1137048224874450_2548323866466165832_n.jpg?stp=dst-jpg_s1080x2048_tt6&_nc_cat=107&ccb=1-7&_nc_sid=833d8c&_nc_ohc=hLDlJAcZ8GgQ7kNvwEXnRI1&_nc_oc=Adr1-ktZZ-gni8X0_20rWTLAGdLxhCJoXec68e5gxZTqyb-27LOcYDJ_L2tLclCglyc&_nc_zt=23&_nc_ht=scontent.fccu31-1.fna&edm=AKIiGfEEAAAA&_nc_gid=FwtDCHaWkOcgjpOKwBZ2sw&_nc_tpa=Q5bMBQFhfAgAS03aHjYC6FZRXHhtquo-F1Q1GkQ8M0babyBWTxupWBEyyzYs0e-nkfCfbNGaDbHexCD2fg&oh=00_Af7tCpwJLPNRYkgeD3p9rywb1Tm_wYqAsXMcyeUamqhloA&oe=6A18F1FB,https://www.facebook.com/1425872462917992/posts/554879466424665,720,1080,album,album,,https://www.facebook.com/1425872462917992/posts/554879466424665,Dance for India,TRUE,FALSE,FALSE,FALSE,FALSE,2022-08-15T11:53:26+0000
107248091187807_552267410019204,https://scontent.fccu3-1.fna.fbcdn.net/v/t15.13418-10/298286474_739805497313022_1282855221816966968_n.jpg?stp=dst-jpg_tt6&_nc_cat=101&ccb=1-7&_nc_sid=aaa768&_nc_ohc=9rz5WAE9RTIQ7kNvwEoov8U&_nc_oc=Adr_XvHZWWMcGnAR-IvZd5wIbyh6d2KUmMQxIXAxQiPfjbrviEMGBAIRZPWkn_Xnjz0&_nc_zt=23&_nc_ht=scontent.fccu3-1.fna&edm=AKIiGfEEAAAA&_nc_gid=FwtDCHaWkOcgjpOKwBZ2sw&_nc_tpa=Q5bMBQGkozACfBNk9az96qs65-I2ddfz_tX36oUZW75mTwuqNm3XPoiMhcSEuO8awBSOAyx6LhSif83vyQ&oh=00_Af66HysCC4Eio2QKnwOas2KLgNrd4I4QcjOqlOnpb3jHeA&oe=6A18CAF6,https://scontent.fccu3-1.fna.fbcdn.net/v/t15.13418-10/298286474_739805497313022_1282855221816966968_n.jpg?stp=dst-jpg_tt6&_nc_cat=101&ccb=1-7&_nc_sid=aaa768&_nc_ohc=9rz5WAE9RTIQ7kNvwEoov8U&_nc_oc=Adr_XvHZWWMcGnAR-IvZd5wIbyh6d2KUmMQxIXAxQiPfjbrviEMGBAIRZPWkn_Xnjz0&_nc_zt=23&_nc_ht=scontent.fccu3-1.fna&edm=AKIiGfEEAAAA&_nc_gid=FwtDCHaWkOcgjpOKwBZ2sw&_nc_tpa=Q5bMBQG_qtWM63QopxSz11iUOU7xhiWit5mw90VJz7BUVB5X9-lbjPiKR7f1Fgczjf0uL7XCdk8znlA0mQ&oh=00_Af7xvZsiWF2plETIyvOrvIHpRc5MBIJa-uxXjlYJVinlVQ&oe=6A18CAF6,https://www.facebook.com/1425872462917992/videos/1102518927137924,288,640,video,video_inline,,https://www.facebook.com/1425872462917992/videos/1102518927137924,"Invited  Smt Vyjayanthi Kashi is an Indian classical dancer, a kuchipudi exponent. She is Grand daughter of of Dr Gubbi Veeranna who was an legendary Kannada director, one of the pioneers and most prolific contributors to Kannada theatre. Vyjayanthi Kashi is a reputed kuchipudi dancer,a celebrated performer and choreographer and artistic director of a dance school Shambhavi School of Dance where they teaches this traditional dance form kuchipudi. She was also the chairperson of Karnataka Sangeetha Nritya Academy
#National_Award_Winner

�#14𝐭𝐡_𝐀𝐮𝐠𝐮𝐬𝐭_𝐒𝐮𝐧𝐝𝐚𝐲👈
Thousands of Dancers performing under one platform for Vande Mataram song on the occasion of Independence day",TRUE,FALSE,FALSE,FALSE,FALSE,2022-08-12T02:02:57+0000
107248091187807_552267723352506,https://scontent.fccu3-1.fna.fbcdn.net/v/t39.30808-6/475864768_1137043564874916_502323818716921121_n.jpg?_nc_cat=102&ccb=1-7&_nc_sid=833d8c&_nc_ohc=KSae9iOfdRgQ7kNvwGSHr0k&_nc_oc=Adp6-l__GZFJMnfNAndrqNa2eJk8ZB2QJ8Sx0piITQDftJmo5TGrTOV9NfBPT5k1WjA&_nc_zt=23&_nc_ht=scontent.fccu3-1.fna&edm=AKIiGfEEAAAA&_nc_gid=FwtDCHaWkOcgjpOKwBZ2sw&_nc_tpa=Q5bMBQGwJk452Ts3yb0r5e0eODpoxH_jy9UQcQQnD7C_5uUGcwI16lpfi_-TDOMhzNFh9GWSTGQmyYWz6A&oh=00_Af5D2pZ2VtlXl_j5Y71I95DBaTsna9Cf26ZwZcBOlf60yQ&oe=6A18DAA2,https://scontent.fccu3-1.fna.fbcdn.net/v/t39.30808-6/475864768_1137043564874916_502323818716921121_n.jpg?_nc_cat=102&ccb=1-7&_nc_sid=833d8c&_nc_ohc=KSae9iOfdRgQ7kNvwGSHr0k&_nc_oc=Adp6-l__GZFJMnfNAndrqNa2eJk8ZB2QJ8Sx0piITQDftJmo5TGrTOV9NfBPT5k1WjA&_nc_zt=23&_nc_ht=scontent.fccu3-1.fna&edm=AKIiGfEEAAAA&_nc_gid=FwtDCHaWkOcgjpOKwBZ2sw&_nc_tpa=Q5bMBQEYHIhYZBpTcSPv6PXMs2aQR0ZGxCgN2ZEHQIDFffcHM_psMvzW8tIkGaF88BIWpNPL81Z93SdUaQ&oh=00_Af67rKRX0TnONp3dPDXjYtFB83HnaTESvO09SRdOp8ErAw&oe=6A18DAA2,https://www.facebook.com/1425872462917992/posts/552267723352506,1280,576,album,album,,https://www.facebook.com/1425872462917992/posts/552267723352506,"Invited  Smt Vyjayanthi Kashi is an Indian classical dancer, a kuchipudi exponent. She is Grand daughter of of Dr Gubbi Veeranna who was an legendary Kannada director, one of the pioneers and most prolific contributors to Kannada theatre. Vyjayanthi Kashi is a reputed kuchipudi dancer,a celebrated performer and choreographer and artistic director of a dance school Shambhavi School of Dance where they teaches this traditional dance form kuchipudi. She was also the chairperson of Karnataka Sangeetha Nritya Academy
#National_Award_Winner

�#14𝐭𝐡_𝐀𝐮𝐠𝐮𝐬𝐭_𝐒𝐮𝐧𝐝𝐚𝐲👈
Thousands of Dancers performing under one platform for Vande Mataram song on the occasion of Independence day",TRUE,FALSE,FALSE,FALSE,FALSE,2022-08-12T02:02:19+0000
107248091187807_552267180019227,https://scontent.fccu3-1.fna.fbcdn.net/v/t39.30808-6/476034532_1137042794874993_1572386247797269352_n.jpg?_nc_cat=101&ccb=1-7&_nc_sid=833d8c&_nc_ohc=x5CfIufelLkQ7kNvwGsLXZL&_nc_oc=Ado5VWZ1bjqn2YP7FEfc-kesGEJjvpioptuLaGHc2LbxHlOU1M0diJj-F5D_wgET_SA&_nc_zt=23&_nc_ht=scontent.fccu3-1.fna&edm=AKIiGfEEAAAA&_nc_gid=FwtDCHaWkOcgjpOKwBZ2sw&_nc_tpa=Q5bMBQHuf_4D-Dh_x3ncsNAscM-9iNU8QtXL2UyMptAmjRyYvojpp2yF3dEkvwjrpnUae7iFDmSTzct4xQ&oh=00_Af5OAortQYR7Z5go8s1YbWa1OtYM2YbkYVbNaD0pdvOKUg&oe=6A18EC07,https://scontent.fccu3-1.fna.fbcdn.net/v/t39.30808-6/476034532_1137042794874993_1572386247797269352_n.jpg?_nc_cat=101&ccb=1-7&_nc_sid=833d8c&_nc_ohc=x5CfIufelLkQ7kNvwGsLXZL&_nc_oc=Ado5VWZ1bjqn2YP7FEfc-kesGEJjvpioptuLaGHc2LbxHlOU1M0diJj-F5D_wgET_SA&_nc_zt=23&_nc_ht=scontent.fccu3-1.fna&edm=AKIiGfEEAAAA&_nc_gid=FwtDCHaWkOcgjpOKwBZ2sw&_nc_tpa=Q5bMBQFfzI8HYNnhtT7juGPv5dEe6CYUfopu921b0ZnPLd66OWHCMXR6ff7EcQASxKF1L4S5iQp0_H7pBw&oh=00_Af6QngnQ70jvHCYqi0wW51N1oMsVtAWcZQUZqeJ72g-yaw&oe=6A18EC07,https://www.facebook.com/photo.php?fbid=552267153352563&set=a.448214567350458&type=3,960,684,photo,photo,"Invite you all for
Dance for India",https://www.facebook.com/1425872462917992/posts/552267180019227,"Invite you all for
Dance for India",TRUE,FALSE,FALSE,FALSE,FALSE,2022-08-12T02:01:26+0000
107248091187807_546005173978761,,,,,,link,native_templates,"When this happens, it's usually because the owner only shared it with a small group of people, changed who can see it or it's been deleted.",https://www.facebook.com/1425872462917992/posts/546005173978761,"#DANCE_FOR_INDIA
💃🇮🇳🕺🇮🇳💃🇮🇳🕺🇮🇳
BHARAT BOOK OF RECORD
👉#14𝐭𝐡_𝐀𝐮𝐠𝐮𝐬𝐭_𝐒𝐮𝐧𝐝𝐚𝐲👈
Hundreds of Dancers performing under one platform for Vande Mataram song on the occasion of Independence day.
👉#REGISTER_YOUR_SLOT👈
All the Masters with their team and upcoming dancers can join",TRUE,FALSE,FALSE,FALSE,FALSE,2022-08-03T12:58:58+0000
107248091187807_540467374532541,,,,,,link,native_templates,"When this happens, it's usually because the owner only shared it with a small group of people, changed who can see it or it's been deleted.",https://www.facebook.com/1425872462917992/posts/540467374532541,,TRUE,FALSE,FALSE,FALSE,FALSE,2022-07-26T16:36:50+0000
107248091187807_540464954532783,https://scontent.fccu31-2.fna.fbcdn.net/v/t39.30808-6/475789747_1136371488275457_6497286381425295916_n.jpg?stp=dst-jpg_p720x720_tt6&_nc_cat=108&ccb=1-7&_nc_sid=833d8c&_nc_ohc=xbyFOTx6jcQQ7kNvwFe7yy8&_nc_oc=Adod-k-tOdOrj69YNojN-YLoidRIGukwqIi1ScjVfb52pTlozrG5aITI5FHTa_doXNk&_nc_zt=23&_nc_ht=scontent.fccu31-2.fna&edm=AKIiGfEEAAAA&_nc_gid=FwtDCHaWkOcgjpOKwBZ2sw&_nc_tpa=Q5bMBQG1nLsEjrMSCs3SxcSFNxpXRh4VzCmP3h1x9GDCQYYYHA1Q3RUloFPGXRjmwcvprfeQm13n9kPpxA&oh=00_Af4RT0KWNh3ZjVKQHyIlFrabFuK7eBpdNTBX5WW68VB4Fg&oe=6A18DFCF,https://scontent.fccu31-2.fna.fbcdn.net/v/t39.30808-6/475789747_1136371488275457_6497286381425295916_n.jpg?stp=dst-jpg_p720x720_tt6&_nc_cat=108&ccb=1-7&_nc_sid=833d8c&_nc_ohc=xbyFOTx6jcQQ7kNvwFe7yy8&_nc_oc=Adod-k-tOdOrj69YNojN-YLoidRIGukwqIi1ScjVfb52pTlozrG5aITI5FHTa_doXNk&_nc_zt=23&_nc_ht=scontent.fccu31-2.fna&edm=AKIiGfEEAAAA&_nc_gid=FwtDCHaWkOcgjpOKwBZ2sw&_nc_tpa=Q5bMBQHNun3UV0pytfEsgj-cT9mPCmq3sxkMBki_Sbo9ioPBnH8uKROzUgqL1FyOGyZAdmoqNVFvqvdKUw&oh=00_Af72dJwVdgPa1Z2lSAplMCDQk6_ZXQlFnqfJZwX-meo5zw&oe=6A18DFCF,https://www.facebook.com/photo.php?fbid=540464904532788&set=a.448214567350458&type=3,1082,720,photo,photo,"#DANCE_FOR_INDIA
💃🇮🇳🕺🇮🇳💃🇮🇳🕺🇮🇳
BHARAT BOOK OF RECORD
👉#14𝐭𝐡_𝐀𝐮𝐠𝐮𝐬𝐭_𝐒𝐮𝐧𝐝𝐚𝐲👈
Hundreds of Dancers performing under one platform for Vande Mataram song on the occasion of Independence day.
👉#REGISTER_YOUR_SLOT👈
All the Masters with their team and upcoming dancers can join",https://www.facebook.com/1425872462917992/posts/540464954532783,"#DANCE_FOR_INDIA
💃🇮🇳🕺🇮🇳💃🇮🇳🕺🇮🇳
BHARAT BOOK OF RECORD
👉#14𝐭𝐡_𝐀𝐮𝐠𝐮𝐬𝐭_𝐒𝐮𝐧𝐝𝐚𝐲👈
Hundreds of Dancers performing under one platform for Vande Mataram song on the occasion of Independence day.
👉#REGISTER_YOUR_SLOT👈
All the Masters with their team and upcoming dancers can join",TRUE,FALSE,FALSE,FALSE,FALSE,2022-07-26T16:31:47+0000
